baseline value,accelerations,fetal_movement,uterine_contractions,light_decelerations,severe_decelerations,prolongued_decelerations,abnormal_short_term_variability,mean_value_of_short_term_variability,percentage_of_time_with_abnormal_long_term_variability,mean_value_of_long_term_variability,histogram_width,histogram_min,histogram_max,histogram_number_of_peaks,histogram_number_of_zeroes,histogram_mode,histogram_mean,histogram_median,histogram_variance,histogram_tendency_ord,hist_range,hist_mid_delta,peak_density,zero_rate,fetal_health,fetal_health_encoded
120.0,0.0,0.0,0.0,0.0,0.0,0.0,73.0,0.5,27.5,2.4,64.0,62.0,126.0,2.0,0.0,120.0,137.0,121.0,57.0,1,64.0,16.0,0.031249999511718758,0.0,2.0,1
132.0,0.006,0.0,0.006,0.003,0.0,0.0,17.0,2.1,0.0,10.4,130.0,68.0,198.0,6.0,0.0,141.0,136.0,140.0,12.0,0,130.0,-4.0,0.046153845798816574,0.0,1.0,0
133.0,0.003,0.0,0.008,0.003,0.0,0.0,16.0,2.1,0.0,13.4,130.0,68.0,198.0,5.0,0.0,141.0,135.0,138.0,13.0,0,130.0,-3.0,0.03846153816568048,0.0,1.0,0
134.0,0.003,0.0,0.008,0.003,0.0,0.0,16.0,2.4,0.0,20.1,117.0,53.0,170.0,11.0,0.0,137.0,134.0,137.0,13.0,1,117.0,-3.0,0.09401709321352912,0.0,1.0,0
132.0,0.007,0.0,0.008,0.0,0.0,0.0,16.0,2.4,0.0,19.9,117.0,53.0,170.0,9.0,0.0,137.0,136.0,138.0,11.0,1,117.0,-2.0,0.07692307626561473,0.0,1.0,0
134.0,0.001,0.0,0.01,0.007500000000000001,0.0,0.0,26.0,3.2,0.0,0.0,150.0,50.0,200.0,5.0,0.0,100.5,107.0,107.0,57.0,0,150.0,0.0,0.03333333311111111,0.0,3.0,2
134.0,0.001,0.0,0.013,0.007500000000000001,0.0,0.0,29.0,3.2,0.0,0.0,150.0,50.0,200.0,6.0,0.0,100.5,107.0,106.0,57.0,0,150.0,1.0,0.03999999973333333,0.0,3.0,2
122.0,0.0,0.0,0.0,0.0,0.0,0.0,83.0,0.5,6.0,15.6,68.0,62.0,130.0,0.0,0.0,122.0,122.0,123.0,3.0,1,68.0,-1.0,0.0,0.0,3.0,2
122.0,0.0,0.0,0.002,0.0,0.0,0.0,84.0,0.5,5.0,13.6,68.0,62.0,130.0,0.0,0.0,122.0,122.0,123.0,3.0,1,68.0,-1.0,0.0,0.0,3.0,2
122.0,0.0,0.0,0.003,0.0,0.0,0.0,86.0,0.3,6.0,10.6,68.0,62.0,130.0,1.0,0.0,122.0,122.0,123.0,1.0,1,68.0,-1.0,0.014705882136678205,0.0,3.0,2
151.0,0.0,0.0,0.001,0.001,0.0,0.0,64.0,1.9,9.0,20.1,130.0,56.0,186.0,2.0,0.0,150.0,148.0,151.0,9.0,1,130.0,-3.0,0.01538461526627219,0.0,2.0,1
150.0,0.0,0.0,0.001,0.001,0.0,0.0,64.0,2.0,8.0,20.1,130.0,56.0,186.0,5.0,0.0,150.0,148.0,151.0,10.0,1,130.0,-3.0,0.03846153816568048,0.0,2.0,1
131.0,0.005,0.007500000000000001,0.008,0.003,0.0,0.0,28.0,1.4,0.0,12.9,66.0,88.0,154.0,5.0,0.0,135.0,134.0,137.0,7.0,1,66.0,-3.0,0.07575757460973372,0.0,1.0,0
131.0,0.009,0.007500000000000001,0.006,0.002,0.0,0.0,28.0,1.5,0.0,5.4,87.0,71.0,158.0,2.0,0.0,141.0,137.0,141.0,10.0,1,87.0,-4.0,0.02298850548289074,0.0,1.0,0
130.0,0.006,0.007500000000000001,0.004,0.005,0.0,0.0,21.0,2.3,0.0,7.9,107.0,67.0,174.0,7.0,0.0,143.0,125.0,135.0,57.0,0,107.0,-10.0,0.06542056013625645,0.0,1.0,0
130.0,0.006,0.007500000000000001,0.004,0.004,0.0,0.0,19.0,2.3,0.0,8.7,107.0,67.0,174.0,3.0,0.0,134.0,127.0,133.0,43.0,0,107.0,-6.0,0.028037382915538478,0.0,1.0,0
130.0,0.006,0.007500000000000001,0.005,0.005,0.0,0.0,24.0,2.1,0.0,10.9,125.0,53.0,178.0,5.0,0.0,143.0,128.0,138.0,57.0,1,125.0,-10.0,0.03999999968,0.0,1.0,0
131.0,0.002,0.007500000000000001,0.003,0.005,0.0,0.0,18.0,2.4,0.0,13.9,107.0,67.0,174.0,5.0,0.0,134.0,125.0,132.0,45.0,0,107.0,-7.0,0.046728971525897466,0.0,2.0,1
130.0,0.003,0.007500000000000001,0.006,0.004,0.0,0.0,23.0,1.9,0.0,8.8,99.0,59.0,158.0,6.0,0.0,133.0,124.0,129.0,36.0,1,99.0,-5.0,0.060606059993878185,0.0,1.0,0
130.0,0.005,0.007500000000000001,0.005,0.004,0.0,0.0,29.0,1.7,0.0,7.8,112.0,65.0,177.0,6.0,0.0,133.0,129.0,133.0,27.0,0,112.0,-4.0,0.05357142809311225,0.0,1.0,0
129.0,0.0,0.007500000000000001,0.004,0.002,0.0,0.0,30.0,2.1,0.0,8.5,128.0,54.0,182.0,12.0,0.0,129.0,104.0,120.0,57.0,0,128.0,-16.0,0.09374999926757813,0.0,3.0,2
128.0,0.005,0.007500000000000001,0.003,0.003,0.0,0.0,26.0,1.7,0.0,6.7,141.0,57.0,198.0,9.0,0.0,129.0,125.0,132.0,34.0,0,141.0,-7.0,0.06382978678134903,0.0,1.0,0
128.0,0.0,0.007500000000000001,0.003,0.003,0.0,0.0,34.0,2.5,0.0,4.0,145.0,54.0,199.0,11.0,0.0,100.5,99.0,102.0,57.0,-1,145.0,-3.0,0.07586206844233057,0.0,3.0,2
128.0,0.0,0.0,0.0,0.0,0.0,0.0,80.0,0.5,0.0,6.8,16.0,114.0,130.0,0.0,0.0,126.0,124.0,125.0,1.0,1,16.0,-1.0,0.0,0.0,3.0,2
128.0,0.0,0.0,0.003,0.0,0.0,0.0,86.0,0.3,27.5,2.9,16.0,114.0,130.0,0.0,0.0,128.0,126.0,129.0,0.0,1,16.0,-3.0,0.0,0.0,3.0,2
124.0,0.0,0.0,0.0,0.0,0.0,0.0,86.0,0.3,27.5,4.0,12.0,118.0,130.0,1.0,0.0,124.0,124.0,125.0,0.0,0,12.0,-1.0,0.08333332638888948,0.0,3.0,2
124.0,0.0,0.0,0.0,0.0,0.0,0.0,86.0,0.4,14.0,4.8,24.0,122.0,146.0,1.0,0.0,126.0,126.0,127.0,0.0,-1,24.0,-1.0,0.041666664930555625,0.0,3.0,2
124.0,0.0,0.0,0.0,0.0,0.0,0.0,87.0,0.2,27.5,3.4,10.0,118.0,128.0,0.0,0.0,124.0,123.0,125.0,0.0,0,10.0,-2.0,0.0,0.0,3.0,2
132.0,0.0,0.007500000000000001,0.001,0.007500000000000001,0.0,0.0,29.0,3.2,0.0,10.5,141.0,50.0,191.0,7.0,0.0,133.0,119.0,129.0,57.0,0,141.0,-10.0,0.049645389718827024,0.0,2.0,1
132.0,0.0,0.007500000000000001,0.0,0.007500000000000001,0.0,0.0,26.0,3.2,0.0,5.0,143.0,50.0,193.0,10.0,0.0,133.0,113.0,117.0,57.0,0,143.0,-4.0,0.06993006944104847,0.0,1.0,0
132.0,0.0,0.007500000000000001,0.002,0.007500000000000001,0.0,0.0,26.0,3.2,0.0,12.5,149.0,50.0,199.0,9.0,0.0,133.0,120.0,126.0,56.0,0,149.0,-6.0,0.060402684158371245,0.0,1.0,0
132.0,0.0,0.007500000000000001,0.004,0.007500000000000001,0.0,0.0,22.0,3.2,0.0,6.3,149.0,50.0,199.0,10.0,0.0,123.0,112.0,115.0,57.0,0,149.0,-3.0,0.06711409350930139,0.0,1.0,0
132.0,0.0,0.007500000000000001,0.001,0.007500000000000001,0.0,0.0,29.0,2.9,0.0,15.1,144.0,50.0,194.0,11.0,0.0,133.0,124.0,130.0,35.0,0,144.0,-6.0,0.0763888883584105,0.0,1.0,0
120.0,0.008,0.007500000000000001,0.001,0.001,0.0,0.0,28.0,3.2,0.0,20.1,126.0,55.0,181.0,12.0,0.0,121.0,124.0,126.0,25.0,0,126.0,-2.0,0.09523809448223734,0.0,1.0,0
120.0,0.009,0.007500000000000001,0.002,0.002,0.0,0.0,28.0,3.2,0.0,12.4,128.0,53.0,181.0,9.0,0.0,129.0,125.0,127.0,25.0,0,128.0,-2.0,0.0703124994506836,0.0,1.0,0
120.0,0.006,0.007500000000000001,0.007,0.0,0.0,0.0,27.0,3.2,0.0,20.1,144.0,51.0,195.0,11.0,0.0,125.0,124.0,126.0,24.0,0,144.0,-2.0,0.0763888883584105,0.0,1.0,0
115.0,0.005,0.007500000000000001,0.005,0.003,0.0,0.0,23.0,3.2,0.0,18.8,130.0,52.0,182.0,9.0,0.0,119.0,116.0,118.0,21.0,0,130.0,-2.0,0.06923076869822485,0.0,1.0,0
114.0,0.005,0.0,0.005,0.003,0.0,0.0,24.0,3.2,0.0,16.2,134.0,52.0,186.0,8.0,0.0,117.0,115.0,117.0,19.0,0,134.0,-2.0,0.05970149209177991,0.0,1.0,0
115.0,0.006,0.007500000000000001,0.004,0.001,0.0,0.0,22.0,3.2,0.0,19.6,138.0,50.0,188.0,8.0,0.0,117.0,117.0,119.0,21.0,0,138.0,-2.0,0.05797101407267381,0.0,1.0,0
115.0,0.009,0.007500000000000001,0.005,0.0,0.0,0.0,27.0,2.3,0.0,12.4,129.0,53.0,182.0,7.0,0.0,119.0,120.0,120.0,14.0,0,129.0,0.0,0.05426356547082507,0.0,1.0,0
114.0,0.008,0.007500000000000001,0.007,0.001,0.0,0.0,28.0,2.2,0.0,12.2,98.0,55.0,153.0,7.0,0.0,119.0,119.0,120.0,13.0,0,98.0,-1.0,0.07142857069970847,0.0,1.0,0
114.0,0.006,0.007500000000000001,0.009,0.0,0.0,0.0,27.0,2.4,0.0,13.5,128.0,54.0,182.0,6.0,0.0,119.0,118.0,119.0,13.0,0,128.0,-1.0,0.04687499963378906,0.0,1.0,0
116.0,0.002,0.007500000000000001,0.005,0.0,0.0,0.0,40.0,1.6,1.0,13.3,93.0,55.0,148.0,6.0,0.0,127.0,124.0,127.0,9.0,1,93.0,-3.0,0.06451612833853626,0.0,1.0,0
116.0,0.004,0.007500000000000001,0.005,0.0,0.0,0.0,40.0,1.8,1.0,11.4,142.0,52.0,194.0,12.0,0.0,125.0,122.0,125.0,9.0,0,142.0,-3.0,0.08450704165840112,0.0,1.0,0
122.0,0.0,0.007500000000000001,0.003,0.005,0.0,0.0,22.0,3.2,0.0,15.2,150.0,50.0,200.0,7.0,0.0,119.0,113.0,117.0,24.0,0,150.0,-4.0,0.04666666635555556,0.0,1.0,0
122.0,0.0,0.007500000000000001,0.003,0.006,0.0,0.0,21.0,3.2,0.0,15.7,150.0,50.0,200.0,8.0,0.0,116.0,112.0,117.0,23.0,0,150.0,-5.0,0.05333333297777778,0.0,1.0,0
122.0,0.0,0.005,0.008,0.003,0.0,0.0,17.0,3.2,0.0,20.1,145.0,53.0,198.0,12.0,0.0,127.0,122.0,126.0,25.0,0,145.0,-4.0,0.08275862011890607,0.0,1.0,0
122.0,0.002,0.003,0.006,0.002,0.0,0.0,20.0,3.2,0.0,20.1,148.0,50.0,198.0,11.0,0.0,127.0,124.0,127.0,28.0,0,148.0,-3.0,0.07432432382213294,0.0,1.0,0
122.0,0.003,0.006,0.006,0.006,0.0,0.0,22.0,3.2,0.0,16.6,149.0,50.0,199.0,7.0,0.0,129.0,118.0,124.0,57.0,0,149.0,-6.0,0.04697986545651097,0.0,1.0,0
158.0,0.005,0.0,0.008,0.001,0.0,0.0,27.0,1.7,0.0,14.9,120.0,77.0,197.0,7.0,0.0,170.0,168.0,170.0,14.0,1,120.0,-2.0,0.058333332847222225,0.0,1.0,0
158.0,0.005,0.0,0.008,0.0,0.0,0.0,29.0,1.3,0.0,12.8,55.0,142.0,197.0,4.0,0.0,170.0,171.0,172.0,9.0,0,55.0,-1.0,0.0727272714049587,0.0,1.0,0
156.0,0.0,0.0,0.012,0.007500000000000001,0.0,0.0,43.0,3.2,0.0,20.1,150.0,50.0,200.0,7.0,0.0,151.0,142.0,152.0,57.0,1,150.0,-10.0,0.04666666635555556,0.0,1.0,0
156.0,0.0,0.0,0.011,0.007500000000000001,0.0,0.0,34.0,3.2,0.0,3.3,150.0,50.0,200.0,8.0,0.0,117.0,131.0,136.0,57.0,0,150.0,-5.0,0.05333333297777778,0.0,2.0,1
150.0,0.0,0.001,0.0,0.001,0.0,0.0,61.0,0.5,27.5,6.2,31.0,130.0,161.0,2.0,0.0,154.0,152.0,154.0,1.0,1,31.0,-2.0,0.06451612695109267,0.0,2.0,1
148.0,0.0,0.003,0.0,0.0,0.0,0.0,70.0,0.3,27.5,5.1,18.0,136.0,154.0,3.0,0.0,150.0,148.0,150.0,0.0,1,18.0,-2.0,0.1666666574074079,0.0,3.0,2
149.0,0.0,0.0,0.0,0.002,0.0,0.0,57.0,1.2,27.5,12.8,126.0,58.0,184.0,12.0,0.0,150.0,148.0,151.0,8.0,1,126.0,-3.0,0.09523809448223734,0.0,2.0,1
149.0,0.0,0.0,0.0,0.001,0.0,0.0,58.0,1.3,27.5,13.2,126.0,58.0,184.0,12.0,0.0,150.0,148.0,151.0,8.0,1,126.0,-3.0,0.09523809448223734,0.0,2.0,1
146.0,0.0,0.0,0.006,0.0,0.0,0.0,39.0,0.8,27.5,5.5,18.0,148.0,166.0,1.0,0.0,154.0,155.0,156.0,1.0,0,18.0,-1.0,0.055555552469135974,0.0,1.0,0
148.0,0.0,0.0,0.005,0.0,0.0,0.0,41.0,0.8,27.5,6.4,20.0,143.0,163.0,1.0,0.0,154.0,153.0,154.0,0.0,0,20.0,-1.0,0.04999999750000012,0.0,1.0,0
144.0,0.008,0.0,0.007,0.0,0.0,0.0,33.0,1.1,0.0,6.2,100.0,78.0,178.0,5.0,0.0,149.0,152.0,152.0,8.0,1,100.0,0.0,0.0499999995,0.0,1.0,0
146.0,0.005,0.0,0.005,0.0,0.0,0.0,39.0,0.9,18.0,5.2,44.0,134.0,178.0,5.0,0.0,154.0,154.0,155.0,4.0,0,44.0,-1.0,0.11363636105371908,0.0,1.0,0
146.0,0.005,0.0,0.005,0.0,0.0,0.0,39.0,0.8,21.0,5.2,28.0,143.0,171.0,2.0,0.0,154.0,153.0,154.0,1.0,0,28.0,-1.0,0.07142856887755111,0.0,1.0,0
142.0,0.0,0.0,0.003,0.0,0.0,0.0,25.0,1.3,0.0,11.6,26.0,130.0,156.0,0.0,0.0,147.0,145.0,147.0,2.0,0,26.0,-2.0,0.0,0.0,1.0,0
136.0,0.003,0.0,0.005,0.0,0.0,0.0,24.0,1.5,0.0,11.2,111.0,74.0,185.0,11.0,0.0,140.0,140.0,141.0,2.0,0,111.0,-1.0,0.09909909820631443,0.0,1.0,0
141.0,0.001,0.0,0.005,0.0,0.0,0.0,25.0,1.5,0.0,13.4,103.0,74.0,177.0,10.0,0.0,142.0,143.0,144.0,4.0,1,103.0,-1.0,0.09708737769818081,0.0,1.0,0
150.0,0.0,0.0,0.004,0.0,0.0,0.0,40.0,0.8,27.5,5.7,18.0,143.0,161.0,1.0,0.0,153.0,153.0,154.0,0.0,0,18.0,-1.0,0.055555552469135974,0.0,1.0,0
138.0,0.001,0.0,0.004,0.0,0.0,0.0,44.0,1.0,20.0,11.9,99.0,81.0,180.0,9.0,0.0,162.0,156.0,159.0,8.0,1,99.0,-3.0,0.09090908999081727,0.0,1.0,0
140.0,0.007,0.0,0.004,0.0,0.0,0.0,34.0,1.2,0.0,10.3,60.0,119.0,179.0,2.0,0.0,156.0,153.0,155.0,5.0,0,60.0,-2.0,0.03333333277777779,0.0,1.0,0
144.0,0.0,0.0,0.005,0.0,0.0,0.0,46.0,0.8,1.0,13.0,37.0,132.0,169.0,4.0,0.0,162.0,158.0,160.0,5.0,1,37.0,-2.0,0.10810810518626743,0.0,1.0,0
144.0,0.001,0.0,0.005,0.0,0.0,0.0,45.0,0.8,2.0,11.5,30.0,138.0,168.0,3.0,0.0,162.0,157.0,160.0,5.0,1,30.0,-3.0,0.09999999666666677,0.0,1.0,0
140.0,0.01,0.006,0.003,0.0,0.0,0.0,52.0,1.6,0.0,16.2,104.0,68.0,172.0,0.0,0.0,144.0,147.0,147.0,14.0,1,104.0,0.0,0.0,0.0,1.0,0
140.0,0.008,0.005,0.0,0.0,0.0,0.0,53.0,1.5,0.0,12.9,104.0,68.0,172.0,2.0,0.0,146.0,147.0,147.0,12.0,1,104.0,0.0,0.01923076904585799,0.0,1.0,0
140.0,0.008,0.004,0.004,0.0,0.0,0.0,52.0,1.9,0.0,17.7,108.0,68.0,176.0,2.0,0.0,144.0,147.0,147.0,18.0,1,108.0,0.0,0.018518518347050757,0.0,1.0,0
140.0,0.006,0.003,0.003,0.0,0.0,0.0,56.0,1.5,1.0,15.1,108.0,68.0,176.0,3.0,0.0,156.0,150.0,153.0,15.0,1,108.0,-3.0,0.027777777520576134,0.0,1.0,0
154.0,0.0,0.0,0.004,0.0,0.0,0.0,65.0,0.9,0.0,13.4,92.0,74.0,166.0,2.0,0.0,156.0,158.0,159.0,2.0,1,92.0,-1.0,0.021739130198487715,0.0,2.0,1
150.0,0.0,0.0,0.003,0.0,0.0,0.0,61.0,0.9,3.0,8.7,28.0,138.0,166.0,0.0,0.0,152.0,153.0,155.0,3.0,0,28.0,-2.0,0.0,0.0,2.0,1
145.0,0.007,0.007500000000000001,0.002,0.0,0.0,0.0,36.0,1.4,0.0,13.6,119.0,57.0,176.0,3.0,0.0,148.0,150.0,150.0,12.0,1,119.0,0.0,0.025210083821764002,0.0,1.0,0
145.0,0.003,0.003,0.001,0.0,0.0,0.0,34.0,1.7,0.0,20.1,117.0,57.0,174.0,6.0,0.0,150.0,147.0,150.0,11.0,1,117.0,-3.0,0.051282050843743154,0.0,1.0,0
145.0,0.005,0.007500000000000001,0.005,0.0,0.0,0.0,35.0,1.9,0.0,20.1,140.0,56.0,196.0,5.0,0.0,148.0,150.0,151.0,12.0,1,140.0,-1.0,0.035714285459183676,0.0,1.0,0
145.0,0.0,0.002,0.002,0.0,0.0,0.0,34.0,1.7,0.0,20.1,109.0,57.0,166.0,5.0,0.0,150.0,147.0,150.0,10.0,1,109.0,-3.0,0.04587155921218753,0.0,1.0,0
145.0,0.002,0.007500000000000001,0.003,0.0,0.0,0.0,40.0,1.4,0.0,18.4,140.0,56.0,196.0,9.0,0.0,148.0,148.0,149.0,7.0,0,140.0,-1.0,0.06428571382653062,0.0,1.0,0
145.0,0.0,0.007,0.002,0.0,0.0,0.0,41.0,1.2,0.0,15.8,136.0,60.0,196.0,8.0,0.0,145.0,148.0,149.0,6.0,0,136.0,-1.0,0.05882352897923876,0.0,1.0,0
145.0,0.015,0.007500000000000001,0.002,0.0,0.0,0.0,43.0,1.5,0.0,0.0,109.0,63.0,172.0,5.0,0.0,156.0,156.0,158.0,11.0,1,109.0,-2.0,0.04587155921218753,0.0,1.0,0
145.0,0.013,0.007500000000000001,0.001,0.0,0.0,0.0,41.0,1.1,0.0,11.4,125.0,62.0,187.0,4.0,0.0,167.0,164.0,166.0,11.0,1,125.0,-2.0,0.031999999744,0.0,1.0,0
145.0,0.014,0.007500000000000001,0.001,0.0,0.0,0.0,40.0,1.1,0.0,1.2,113.0,73.0,186.0,4.0,0.0,165.0,163.0,165.0,11.0,1,113.0,-2.0,0.035398229775236906,0.0,1.0,0
145.0,0.008,0.0,0.002,0.0,0.0,0.0,41.0,1.8,0.0,20.1,117.0,50.0,167.0,4.0,0.0,154.0,151.0,154.0,16.0,1,117.0,-3.0,0.03418803389582877,0.0,1.0,0
139.0,0.0,0.007500000000000001,0.0,0.002,0.0,0.0,38.0,1.5,0.0,13.3,134.0,53.0,187.0,5.0,0.0,133.0,136.0,138.0,6.0,0,134.0,-2.0,0.03731343255736244,0.0,1.0,0
139.0,0.0,0.007500000000000001,0.0,0.0,0.0,0.0,62.0,0.7,27.0,11.5,111.0,73.0,184.0,4.0,0.0,148.0,147.0,148.0,2.0,1,111.0,-1.0,0.03603603571138707,0.0,1.0,0
139.0,0.002,0.003,0.0,0.003,0.0,0.0,51.0,2.2,0.0,7.1,148.0,52.0,200.0,12.0,0.0,147.0,137.0,145.0,55.0,0,148.0,-8.0,0.08108108053323594,0.0,2.0,1
139.0,0.002,0.002,0.002,0.0,0.0,0.0,64.0,0.4,27.5,6.5,28.0,135.0,163.0,1.0,0.0,161.0,152.0,157.0,13.0,1,28.0,-5.0,0.035714284438775556,0.0,2.0,1
148.0,0.0,0.0,0.0,0.0,0.0,0.0,67.0,0.4,27.5,4.9,15.0,139.0,154.0,4.0,0.0,150.0,149.0,151.0,0.0,1,15.0,-2.0,0.2666666488888901,0.0,2.0,1
148.0,0.0,0.003,0.0,0.0,0.0,0.0,70.0,0.3,27.5,5.3,17.0,136.0,153.0,2.0,0.0,150.0,148.0,150.0,0.0,1,17.0,-2.0,0.11764705190311459,0.0,2.0,1
148.0,0.0,0.0,0.0,0.0,0.0,0.0,68.0,0.3,27.5,4.5,25.0,128.0,153.0,3.0,0.0,150.0,149.0,151.0,0.0,1,25.0,-2.0,0.11999999520000018,0.0,3.0,2
148.0,0.0,0.005,0.002,0.0,0.0,0.0,72.0,0.3,27.5,4.6,16.0,136.0,152.0,0.0,0.0,150.0,148.0,150.0,0.0,1,16.0,-2.0,0.0,0.0,3.0,2
148.0,0.0,0.0,0.0,0.0,0.0,0.0,58.0,0.5,7.0,9.5,21.0,135.0,156.0,1.0,0.0,150.0,149.0,151.0,1.0,1,21.0,-2.0,0.04761904535147403,0.0,1.0,0
148.0,0.0,0.0,0.0,0.0,0.0,0.0,63.0,0.4,27.5,8.8,35.0,121.0,156.0,3.0,0.0,150.0,149.0,151.0,1.0,1,35.0,-2.0,0.0857142832653062,0.0,2.0,1
148.0,0.0,0.001,0.0,0.001,0.0,0.0,60.0,0.5,27.5,4.8,83.0,78.0,161.0,3.0,0.0,154.0,152.0,154.0,1.0,1,83.0,-2.0,0.03614457787777617,0.0,2.0,1
148.0,0.0,0.001,0.0,0.001,0.0,0.0,61.0,0.5,27.5,6.3,31.0,130.0,161.0,2.0,0.0,154.0,152.0,154.0,1.0,1,31.0,-2.0,0.06451612695109267,0.0,2.0,1
125.0,0.01,0.007,0.002,0.0,0.0,0.0,19.0,1.9,0.0,6.8,96.0,101.0,197.0,8.0,0.0,133.0,131.0,133.0,5.0,-1,96.0,-2.0,0.08333333246527778,0.0,1.0,0
125.0,0.005,0.0,0.002,0.003,0.0,0.0,25.0,1.7,6.0,11.6,93.0,72.0,165.0,3.0,0.0,133.0,128.0,132.0,10.0,0,93.0,-4.0,0.03225806416926813,0.0,1.0,0
125.0,0.005,0.007500000000000001,0.002,0.001,0.0,0.0,24.0,1.6,0.0,14.6,55.0,97.0,152.0,6.0,0.0,131.0,130.0,132.0,6.0,0,55.0,-2.0,0.10909090710743806,0.0,1.0,0
125.0,0.008,0.007500000000000001,0.002,0.0,0.0,0.0,24.0,1.6,0.0,17.3,84.0,68.0,152.0,4.0,0.0,132.0,132.0,133.0,5.0,1,84.0,-1.0,0.0476190470521542,0.0,1.0,0
125.0,0.003,0.003,0.0,0.0,0.0,0.0,29.0,1.1,0.0,11.0,29.0,117.0,146.0,0.0,0.0,131.0,130.0,132.0,1.0,0,29.0,-2.0,0.0,0.0,1.0,0
125.0,0.003,0.007500000000000001,0.0,0.0,0.0,0.0,22.0,1.9,0.0,15.8,82.0,68.0,150.0,5.0,0.0,132.0,130.0,133.0,6.0,1,82.0,-3.0,0.060975609012492576,0.0,1.0,0
125.0,0.004,0.007500000000000001,0.003,0.004,0.0,0.0,22.0,2.8,0.0,17.2,128.0,56.0,184.0,5.0,0.0,125.0,123.0,126.0,16.0,0,128.0,-3.0,0.03906249969482422,0.0,1.0,0
125.0,0.0,0.007500000000000001,0.0,0.007500000000000001,0.0,0.0,22.0,3.2,0.0,13.1,145.0,52.0,197.0,7.0,0.0,121.0,117.0,121.0,23.0,0,145.0,-4.0,0.04827586173602854,0.0,1.0,0
125.0,0.007,0.004,0.006,0.002,0.0,0.0,22.0,2.1,0.0,12.1,105.0,73.0,178.0,8.0,0.0,126.0,126.0,128.0,11.0,0,105.0,-2.0,0.07619047546485262,0.0,1.0,0
125.0,0.006,0.007500000000000001,0.006,0.005,0.0,0.0,20.0,2.5,0.0,7.1,134.0,63.0,197.0,8.0,0.0,125.0,125.0,127.0,16.0,0,134.0,-2.0,0.05970149209177991,0.0,1.0,0
125.0,0.0,0.003,0.0,0.0,0.0,0.0,25.0,1.5,0.0,19.3,62.0,80.0,142.0,4.0,0.0,127.0,125.0,127.0,6.0,1,62.0,-2.0,0.06451612799167536,0.0,1.0,0
125.0,0.007,0.007500000000000001,0.002,0.007,0.0,0.0,23.0,2.2,0.0,4.4,122.0,78.0,200.0,10.0,0.0,131.0,125.0,128.0,20.0,0,122.0,-3.0,0.08196721244289171,0.0,1.0,0
129.0,0.005,0.003,0.001,0.0,0.0,0.0,34.0,1.7,0.0,12.9,118.0,78.0,196.0,10.0,0.0,137.0,136.0,137.0,6.0,0,118.0,-1.0,0.08474576199367999,0.0,1.0,0
129.0,0.005,0.003,0.005,0.0,0.0,0.0,35.0,1.3,0.0,10.1,92.0,101.0,193.0,6.0,0.0,136.0,134.0,135.0,4.0,0,92.0,-1.0,0.06521739059546315,0.0,1.0,0
129.0,0.0,0.003,0.006,0.0,0.0,0.0,38.0,1.2,0.0,12.5,54.0,111.0,165.0,4.0,0.0,133.0,132.0,134.0,2.0,0,54.0,-2.0,0.07407407270233199,0.0,1.0,0
129.0,0.007,0.007500000000000001,0.009,0.007500000000000001,0.0,0.0,22.0,3.2,0.0,0.0,145.0,50.0,195.0,12.0,0.0,139.0,122.0,129.0,57.0,0,145.0,-7.0,0.08275862011890607,0.0,1.0,0
129.0,0.0,0.007500000000000001,0.007,0.007500000000000001,0.0,0.0,22.0,3.2,0.0,0.0,138.0,50.0,188.0,7.0,0.0,129.0,114.0,120.0,57.0,0,138.0,-6.0,0.05072463731358959,0.0,1.0,0
123.0,0.0,0.0,0.007,0.002,0.0,0.0,26.0,3.2,0.0,19.4,146.0,50.0,196.0,8.0,0.0,126.0,105.0,113.0,57.0,0,146.0,-8.0,0.054794520172640276,0.0,3.0,2
123.0,0.003,0.0,0.004,0.004,0.0,0.0,30.0,1.1,1.0,5.8,53.0,95.0,148.0,3.0,0.0,125.0,124.0,126.0,6.0,0,53.0,-2.0,0.056603772516909956,0.0,1.0,0
123.0,0.001,0.0,0.004,0.006,0.0,0.0,29.0,1.1,0.0,3.9,56.0,92.0,148.0,3.0,0.0,123.0,122.0,124.0,6.0,0,56.0,-2.0,0.05357142761479594,0.0,1.0,0
123.0,0.004,0.0,0.005,0.005,0.0,0.0,24.0,1.3,0.0,2.1,56.0,92.0,148.0,3.0,0.0,121.0,123.0,125.0,7.0,0,56.0,-2.0,0.05357142761479594,0.0,1.0,0
123.0,0.0,0.0,0.005,0.004,0.0,0.0,47.0,1.1,27.5,7.4,130.0,59.0,189.0,12.0,0.0,129.0,122.0,127.0,15.0,0,130.0,-5.0,0.09230769159763315,0.0,1.0,0
123.0,0.0,0.0,0.005,0.005,0.0,0.0,50.0,0.8,27.5,3.1,94.0,75.0,169.0,7.0,0.0,125.0,122.0,126.0,8.0,0,94.0,-4.0,0.07446808431416932,0.0,1.0,0
123.0,0.0,0.0,0.005,0.006,0.0,0.0,45.0,1.0,19.0,3.8,85.0,59.0,144.0,8.0,0.0,124.0,119.0,125.0,14.0,1,85.0,-6.0,0.09411764595155711,0.0,1.0,0
123.0,0.006,0.0,0.006,0.004,0.0,0.0,33.0,1.3,0.0,4.7,138.0,61.0,199.0,9.0,0.0,135.0,122.0,127.0,39.0,0,138.0,-5.0,0.06521739083175804,0.0,1.0,0
123.0,0.0,0.0,0.007,0.005,0.0,0.0,28.0,1.4,0.0,4.5,77.0,61.0,138.0,3.0,0.0,114.0,112.0,115.0,15.0,1,77.0,-3.0,0.03896103845505145,0.0,2.0,1
159.0,0.0,0.0,0.003,0.0,0.0,0.0,65.0,0.4,16.0,10.8,91.0,81.0,172.0,0.0,0.0,163.0,163.0,165.0,2.0,1,91.0,-2.0,0.0,0.0,2.0,1
159.0,0.0,0.0,0.004,0.0,0.0,0.0,69.0,0.3,21.0,6.4,15.0,153.0,168.0,0.0,0.0,163.0,163.0,164.0,0.0,1,15.0,-1.0,0.0,0.0,2.0,1
159.0,0.0,0.0,0.003,0.0,0.0,0.0,62.0,0.5,6.0,13.2,91.0,81.0,172.0,0.0,0.0,163.0,163.0,164.0,2.0,1,91.0,-1.0,0.0,0.0,2.0,1
159.0,0.0,0.0,0.003,0.0,0.0,0.0,65.0,0.4,11.0,6.8,15.0,153.0,168.0,0.0,0.0,163.0,162.0,164.0,0.0,1,15.0,-2.0,0.0,0.0,2.0,1
158.0,0.0,0.0,0.0,0.0,0.0,0.0,54.0,0.6,27.5,8.0,93.0,77.0,170.0,3.0,0.0,165.0,163.0,165.0,2.0,1,93.0,-2.0,0.03225806416926813,0.0,1.0,0
158.0,0.0,0.0,0.0,0.0,0.0,0.0,55.0,0.5,27.5,5.8,15.0,156.0,171.0,0.0,0.0,165.0,164.0,166.0,0.0,0,15.0,-2.0,0.0,0.0,1.0,0
158.0,0.0,0.0,0.0,0.0,0.0,0.0,56.0,0.6,27.5,8.6,92.0,77.0,169.0,1.0,0.0,165.0,162.0,164.0,2.0,1,92.0,-2.0,0.010869565099243857,0.0,1.0,0
158.0,0.0,0.0,0.0,0.0,0.0,0.0,57.0,0.5,27.5,4.3,11.0,159.0,170.0,0.0,0.0,165.0,165.0,166.0,0.0,0,11.0,-1.0,0.0,0.0,1.0,0
159.0,0.001,0.0,0.008,0.0,0.0,0.0,61.0,0.4,8.0,8.6,44.0,133.0,177.0,4.0,0.0,165.0,164.0,166.0,1.0,1,44.0,-2.0,0.09090908884297526,0.0,1.0,0
159.0,0.002,0.0,0.01,0.0,0.0,0.0,58.0,0.5,0.0,7.9,44.0,133.0,177.0,4.0,0.0,163.0,164.0,166.0,2.0,1,44.0,-2.0,0.09090908884297526,0.0,1.0,0
159.0,0.0,0.0,0.008,0.0,0.0,0.0,66.0,0.4,13.0,8.5,24.0,149.0,173.0,0.0,0.0,165.0,164.0,166.0,0.0,1,24.0,-2.0,0.0,0.0,2.0,1
159.0,0.002,0.0,0.01,0.0,0.0,0.0,58.0,0.5,0.0,7.8,44.0,133.0,177.0,4.0,0.0,163.0,164.0,165.0,2.0,1,44.0,-1.0,0.09090908884297526,0.0,1.0,0
159.0,0.0,0.0,0.009,0.0,0.0,0.0,66.0,0.4,16.0,7.2,23.0,147.0,170.0,0.0,0.0,165.0,164.0,166.0,0.0,1,23.0,-2.0,0.0,0.0,2.0,1
159.0,0.001,0.0,0.008,0.0,0.0,0.0,57.0,0.5,8.0,9.1,40.0,148.0,188.0,0.0,0.0,167.0,169.0,170.0,5.0,0,40.0,-1.0,0.0,0.0,2.0,1
159.0,0.002,0.0,0.009,0.0,0.0,0.0,58.0,0.5,13.0,8.0,42.0,146.0,188.0,2.0,0.0,167.0,172.0,174.0,8.0,0,42.0,-2.0,0.0476190464852608,0.0,2.0,1
159.0,0.0,0.0,0.006,0.0,0.0,0.0,57.0,0.5,0.0,8.1,22.0,155.0,177.0,1.0,0.0,170.0,167.0,168.0,2.0,0,22.0,-1.0,0.045454543388429844,0.0,1.0,0
154.0,0.003,0.0,0.002,0.001,0.0,0.0,44.0,2.0,0.0,20.1,147.0,50.0,197.0,10.0,0.0,153.0,158.0,162.0,27.0,1,147.0,-4.0,0.0680272104215836,0.0,1.0,0
154.0,0.0,0.0,0.002,0.0,0.0,0.0,48.0,0.9,0.0,12.7,90.0,93.0,183.0,4.0,0.0,167.0,161.0,163.0,8.0,1,90.0,-2.0,0.04444444395061729,0.0,2.0,1
154.0,0.003,0.0,0.003,0.0,0.0,0.0,44.0,2.0,0.0,20.1,147.0,50.0,197.0,8.0,0.0,153.0,155.0,157.0,23.0,1,147.0,-2.0,0.05442176833726688,0.0,1.0,0
143.0,0.005,0.0,0.003,0.0,0.0,0.0,50.0,1.2,7.0,16.9,121.0,57.0,178.0,10.0,0.0,146.0,147.0,148.0,10.0,1,121.0,-1.0,0.0826446274161601,0.0,1.0,0
143.0,0.008,0.0,0.002,0.0,0.0,0.0,50.0,0.9,0.0,4.4,106.0,72.0,178.0,5.0,0.0,147.0,150.0,149.0,6.0,1,106.0,1.0,0.0471698108757565,0.0,1.0,0
143.0,0.001,0.0,0.001,0.0,0.0,0.0,51.0,1.1,10.0,18.0,100.0,72.0,172.0,8.0,0.0,147.0,146.0,147.0,4.0,1,100.0,-1.0,0.0799999992,0.0,1.0,0
149.0,0.002,0.0,0.003,0.0,0.0,0.0,51.0,1.0,8.0,18.8,99.0,71.0,170.0,4.0,0.0,151.0,153.0,154.0,7.0,1,99.0,-1.0,0.04040403999591879,0.0,1.0,0
149.0,0.003,0.0,0.0,0.0,0.0,0.0,51.0,0.9,9.0,10.6,94.0,77.0,171.0,4.0,0.0,153.0,154.0,154.0,5.0,1,94.0,0.0,0.04255319103666818,0.0,1.0,0
148.0,0.002,0.0,0.006,0.0,0.0,0.0,54.0,0.7,15.0,9.0,52.0,115.0,167.0,7.0,0.0,153.0,152.0,154.0,3.0,1,52.0,-2.0,0.13461538202662726,0.0,1.0,0
148.0,0.0,0.0,0.003,0.0,0.0,0.0,57.0,0.5,20.0,9.6,48.0,115.0,163.0,5.0,0.0,153.0,152.0,153.0,1.0,1,48.0,-1.0,0.10416666449652782,0.0,1.0,0
148.0,0.0,0.0,0.004,0.0,0.0,0.0,55.0,0.6,13.0,10.4,46.0,115.0,161.0,5.0,0.0,151.0,152.0,153.0,1.0,1,46.0,-1.0,0.10869564981096413,0.0,1.0,0
140.0,0.006,0.001,0.004,0.001,0.0,0.0,41.0,1.7,0.0,8.3,121.0,52.0,173.0,12.0,0.0,159.0,149.0,154.0,30.0,1,121.0,-5.0,0.09917355289939213,0.0,1.0,0
125.0,0.004,0.0,0.006,0.0,0.0,0.0,31.0,1.3,0.0,11.3,85.0,114.0,199.0,3.0,0.0,126.0,131.0,132.0,9.0,-1,85.0,-1.0,0.03529411723183391,0.0,1.0,0
125.0,0.0,0.0,0.008,0.0,0.0,0.0,34.0,1.1,0.0,14.6,85.0,114.0,199.0,4.0,0.0,126.0,127.0,128.0,3.0,-1,85.0,-1.0,0.047058822975778555,0.0,1.0,0
123.0,0.002,0.0,0.005,0.0,0.0,0.0,38.0,0.9,14.0,8.8,39.0,113.0,152.0,2.0,0.0,126.0,128.0,128.0,4.0,0,39.0,0.0,0.05128204996712693,0.0,1.0,0
123.0,0.001,0.0,0.006,0.0,0.0,0.0,39.0,0.8,12.0,8.9,28.0,113.0,141.0,2.0,0.0,126.0,126.0,127.0,1.0,0,28.0,-1.0,0.07142856887755111,0.0,1.0,0
123.0,0.002,0.0,0.006,0.0,0.0,0.0,38.0,0.9,13.0,8.0,24.0,117.0,141.0,1.0,0.0,126.0,127.0,128.0,1.0,0,24.0,-1.0,0.041666664930555625,0.0,1.0,0
123.0,0.007,0.0,0.006,0.0,0.0,0.0,34.0,0.9,11.0,3.3,31.0,116.0,147.0,1.0,0.0,126.0,128.0,128.0,3.0,-1,31.0,0.0,0.032258063475546335,0.0,1.0,0
123.0,0.007,0.0,0.006,0.0,0.0,0.0,33.0,0.9,6.0,3.4,33.0,116.0,149.0,2.0,0.0,126.0,128.0,128.0,3.0,0,33.0,0.0,0.060606058769513374,0.0,1.0,0
123.0,0.006,0.0,0.006,0.0,0.0,0.0,36.0,0.9,16.0,3.7,34.0,115.0,149.0,1.0,0.0,126.0,127.0,127.0,3.0,-1,34.0,0.0,0.02941176384083048,0.0,1.0,0
123.0,0.005,0.0,0.007,0.0,0.0,0.0,35.0,0.9,13.0,3.2,33.0,116.0,149.0,1.0,0.0,126.0,128.0,127.0,3.0,-1,33.0,1.0,0.030303029384756687,0.0,1.0,0
122.0,0.004,0.0,0.006,0.001,0.0,0.0,32.0,1.2,10.0,8.9,81.0,67.0,148.0,2.0,0.0,125.0,124.0,126.0,8.0,1,81.0,-2.0,0.024691357719859783,0.0,1.0,0
122.0,0.005,0.0,0.006,0.0,0.0,0.0,32.0,1.1,12.0,8.4,65.0,83.0,148.0,2.0,0.0,125.0,125.0,126.0,4.0,0,65.0,-1.0,0.030769230295857996,0.0,1.0,0
122.0,0.004,0.0,0.004,0.0,0.0,0.0,31.0,1.2,10.0,8.2,57.0,86.0,143.0,4.0,0.0,125.0,125.0,126.0,3.0,1,57.0,-1.0,0.07017543736534321,0.0,1.0,0
134.0,0.003,0.007500000000000001,0.001,0.001,0.0,0.0,56.0,3.2,0.0,20.1,130.0,54.0,184.0,1.0,0.0,138.0,135.0,139.0,25.0,0,130.0,-4.0,0.007692307633136095,0.0,1.0,0
134.0,0.003,0.007,0.001,0.0,0.0,0.0,53.0,3.2,0.0,20.1,130.0,54.0,184.0,1.0,0.0,136.0,135.0,139.0,25.0,0,130.0,-4.0,0.007692307633136095,0.0,1.0,0
134.0,0.002,0.004,0.002,0.0,0.0,0.0,67.0,1.5,3.0,20.1,138.0,54.0,192.0,2.0,0.0,136.0,136.0,137.0,7.0,0,138.0,-1.0,0.014492753518168453,0.0,1.0,0
134.0,0.003,0.007,0.001,0.0,0.0,0.0,67.0,1.2,0.0,15.9,124.0,68.0,192.0,6.0,0.0,138.0,136.0,137.0,6.0,0,124.0,-1.0,0.04838709638397503,0.0,1.0,0
116.0,0.001,0.0,0.003,0.0,0.0,0.0,46.0,0.7,27.5,5.5,44.0,91.0,135.0,4.0,0.0,120.0,120.0,122.0,1.0,1,44.0,-2.0,0.09090908884297526,0.0,1.0,0
116.0,0.0,0.0,0.004,0.001,0.0,0.0,43.0,0.8,25.0,5.6,72.0,56.0,128.0,6.0,0.0,120.0,118.0,121.0,3.0,1,72.0,-3.0,0.08333333217592595,0.0,1.0,0
116.0,0.0,0.0,0.005,0.0,0.0,0.0,48.0,0.6,26.0,5.5,12.0,114.0,126.0,1.0,0.0,120.0,120.0,122.0,0.0,0,12.0,-2.0,0.08333332638888948,0.0,1.0,0
119.0,0.001,0.0,0.004,0.001,0.0,0.0,29.0,1.3,2.0,10.6,89.0,77.0,166.0,3.0,0.0,121.0,121.0,123.0,4.0,0,89.0,-2.0,0.03370786478979927,0.0,1.0,0
119.0,0.002,0.0,0.003,0.0,0.0,0.0,30.0,1.3,2.0,11.6,89.0,77.0,166.0,3.0,0.0,121.0,122.0,123.0,3.0,0,89.0,-1.0,0.03370786478979927,0.0,1.0,0
119.0,0.002,0.0,0.004,0.0,0.0,0.0,31.0,1.3,3.0,11.3,89.0,77.0,166.0,6.0,0.0,121.0,122.0,123.0,2.0,0,89.0,-1.0,0.06741572957959854,0.0,1.0,0
119.0,0.005,0.0,0.005,0.0,0.0,0.0,31.0,1.4,0.0,10.7,134.0,58.0,192.0,7.0,0.0,127.0,127.0,127.0,7.0,0,134.0,0.0,0.05223880558030742,0.0,1.0,0
119.0,0.0,0.0,0.003,0.0,0.0,0.0,34.0,1.1,0.0,14.0,92.0,58.0,150.0,4.0,0.0,127.0,125.0,128.0,3.0,1,92.0,-3.0,0.04347826039697543,0.0,1.0,0
119.0,0.008,0.0,0.005,0.001,0.0,0.0,30.0,1.8,0.0,10.0,129.0,69.0,198.0,9.0,0.0,132.0,132.0,135.0,20.0,0,129.0,-3.0,0.06976744131963224,0.0,1.0,0
119.0,0.003,0.0,0.008,0.003,0.0,0.0,26.0,1.5,0.0,14.1,56.0,88.0,144.0,3.0,0.0,127.0,122.0,125.0,8.0,0,56.0,-3.0,0.05357142761479594,0.0,1.0,0
121.0,0.011,0.0,0.003,0.0,0.0,0.0,33.0,1.9,0.0,6.5,139.0,59.0,198.0,11.0,0.0,142.0,137.0,140.0,18.0,0,139.0,-3.0,0.07913669007815331,0.0,1.0,0
120.0,0.009,0.0,0.007,0.0,0.0,0.0,27.0,2.0,0.0,14.3,127.0,71.0,198.0,10.0,0.0,127.0,130.0,132.0,12.0,0,127.0,-2.0,0.07874015686031373,0.0,1.0,0
138.0,0.015000000000000001,0.0,0.005,0.0,0.0,0.0,35.0,3.2,0.0,4.5,148.0,52.0,200.0,11.0,0.0,146.0,157.0,161.0,57.0,1,148.0,-4.0,0.07432432382213294,0.0,1.0,0
131.0,0.0,0.0,0.0,0.007500000000000001,0.0,0.0,37.0,1.9,0.0,3.2,90.0,58.0,148.0,4.0,0.0,127.0,121.0,126.0,21.0,1,90.0,-5.0,0.04444444395061729,0.0,1.0,0
132.0,0.0,0.0,0.006,0.007500000000000001,0.0,0.0,38.0,2.6,0.0,10.6,128.0,51.0,179.0,7.0,0.0,133.0,125.0,130.0,25.0,0,128.0,-5.0,0.05468749957275391,0.0,1.0,0
132.0,0.013,0.0,0.003,0.003,0.0,0.0,31.0,3.2,0.0,5.4,147.0,52.0,199.0,9.0,0.0,133.0,154.0,163.0,57.0,1,147.0,-9.0,0.06122448937942524,0.0,1.0,0
132.0,0.004,0.0,0.008,0.006,0.0,0.0,36.0,3.2,0.0,15.3,145.0,53.0,198.0,6.0,0.0,133.0,136.0,134.0,57.0,0,145.0,2.0,0.041379310059453035,0.0,1.0,0
132.0,0.0,0.0,0.005,0.0,0.0,0.0,49.0,2.0,0.0,20.1,89.0,62.0,151.0,5.0,0.0,133.0,133.0,135.0,8.0,1,89.0,-2.0,0.056179774649665455,0.0,1.0,0
138.0,0.001,0.0,0.004,0.0,0.0,0.0,43.0,1.1,20.0,11.3,44.0,129.0,173.0,8.0,0.0,162.0,155.0,159.0,8.0,1,44.0,-4.0,0.18181817768595052,0.0,2.0,1
138.0,0.002,0.0,0.006,0.0,0.0,0.0,43.0,1.0,19.0,11.6,44.0,129.0,173.0,8.0,0.0,162.0,155.0,159.0,9.0,0,44.0,-4.0,0.18181817768595052,0.0,2.0,1
138.0,0.006,0.0,0.004,0.0,0.0,0.0,32.0,1.3,0.0,9.0,60.0,119.0,179.0,2.0,0.0,158.0,152.0,155.0,8.0,0,60.0,-3.0,0.03333333277777779,0.0,1.0,0
138.0,0.0,0.0,0.004,0.0,0.0,0.0,45.0,1.0,20.0,12.3,99.0,81.0,180.0,8.0,0.0,162.0,156.0,159.0,8.0,1,99.0,-3.0,0.08080807999183758,0.0,2.0,1
144.0,0.001,0.0,0.004,0.0,0.0,0.0,44.0,0.8,2.0,11.9,33.0,135.0,168.0,4.0,0.0,162.0,157.0,160.0,5.0,1,33.0,-3.0,0.12121211753902675,0.0,2.0,1
144.0,0.002,0.0,0.003,0.0,0.0,0.0,49.0,0.7,3.0,9.8,44.0,140.0,184.0,3.0,0.0,162.0,158.0,162.0,4.0,0,44.0,-4.0,0.06818181663223144,0.0,2.0,1
144.0,0.001,0.0,0.005,0.0,0.0,0.0,46.0,0.8,2.0,11.5,31.0,138.0,169.0,3.0,0.0,162.0,158.0,161.0,5.0,1,31.0,-3.0,0.09677419042663901,0.0,2.0,1
150.0,0.0,0.0,0.006,0.0,0.0,0.0,56.0,0.5,19.0,7.9,19.0,148.0,167.0,2.0,0.0,153.0,157.0,158.0,3.0,0,19.0,-1.0,0.10526315235457093,0.0,2.0,1
150.0,0.0,0.0,0.007,0.0,0.0,0.0,54.0,0.5,13.0,7.7,16.0,147.0,163.0,2.0,0.0,153.0,155.0,157.0,2.0,0,16.0,-2.0,0.12499999218750048,0.0,1.0,0
150.0,0.0,0.0,0.005,0.0,0.0,0.0,57.0,0.5,19.0,7.7,20.0,147.0,167.0,3.0,0.0,165.0,157.0,159.0,7.0,0,20.0,-2.0,0.14999999250000037,0.0,2.0,1
145.0,0.0,0.0,0.002,0.0,0.0,0.0,49.0,0.6,3.0,11.6,27.0,140.0,167.0,0.0,0.0,159.0,156.0,158.0,3.0,1,27.0,-2.0,0.0,0.0,2.0,1
145.0,0.003,0.0,0.002,0.0,0.0,0.0,49.0,0.6,0.0,7.0,26.0,145.0,171.0,1.0,0.0,154.0,157.0,158.0,4.0,0,26.0,-1.0,0.03846153698224858,0.0,1.0,0
120.0,0.0,0.007500000000000001,0.0,0.001,0.0,0.0,53.0,0.7,7.0,12.2,77.0,56.0,133.0,6.0,0.0,123.0,121.0,123.0,3.0,1,77.0,-2.0,0.0779220769101029,0.0,1.0,0
120.0,0.0,0.007500000000000001,0.0,0.0,0.0,0.0,51.0,0.8,0.0,14.8,77.0,56.0,133.0,5.0,0.0,123.0,122.0,124.0,2.0,1,77.0,-2.0,0.06493506409175241,0.0,1.0,0
120.0,0.0,0.007500000000000001,0.0,0.0,0.0,0.0,56.0,0.5,12.0,8.5,30.0,103.0,133.0,2.0,0.0,120.0,121.0,122.0,1.0,0,30.0,-1.0,0.06666666444444451,0.0,1.0,0
120.0,0.0,0.007500000000000001,0.0,0.0,0.0,0.0,54.0,0.6,12.0,8.6,24.0,109.0,133.0,0.0,0.0,123.0,122.0,124.0,1.0,0,24.0,-2.0,0.0,0.0,1.0,0
120.0,0.0,0.007500000000000001,0.0,0.0,0.0,0.0,57.0,0.6,0.0,9.5,21.0,112.0,133.0,0.0,0.0,125.0,123.0,124.0,1.0,0,21.0,-1.0,0.0,0.0,1.0,0
120.0,0.0,0.007500000000000001,0.0,0.0,0.0,0.0,51.0,0.7,15.0,7.4,21.0,109.0,130.0,1.0,0.0,123.0,121.0,123.0,0.0,0,21.0,-2.0,0.04761904535147403,0.0,1.0,0
120.0,0.0,0.007500000000000001,0.0,0.0,0.0,0.0,56.0,0.5,12.0,7.6,18.0,115.0,133.0,0.0,0.0,123.0,122.0,123.0,1.0,0,18.0,-1.0,0.0,0.0,1.0,0
120.0,0.0,0.007500000000000001,0.0,0.0,0.0,0.0,55.0,0.9,0.0,15.1,77.0,58.0,135.0,5.0,0.0,123.0,123.0,124.0,5.0,1,77.0,-1.0,0.06493506409175241,0.0,1.0,0
120.0,0.0,0.007500000000000001,0.0,0.0,0.0,0.0,53.0,0.8,0.0,15.3,69.0,62.0,131.0,3.0,0.0,125.0,121.0,124.0,5.0,1,69.0,-3.0,0.0434782602394455,0.0,1.0,0
124.0,0.005,0.007500000000000001,0.002,0.0,0.0,0.0,46.0,0.8,0.0,7.5,52.0,90.0,142.0,4.0,0.0,129.0,130.0,131.0,2.0,1,52.0,-1.0,0.07692307544378701,0.0,1.0,0
124.0,0.0,0.007,0.0,0.0,0.0,0.0,59.0,0.6,0.0,7.6,25.0,111.0,136.0,0.0,0.0,129.0,129.0,130.0,0.0,1,25.0,-1.0,0.0,0.0,1.0,0
125.0,0.008,0.007500000000000001,0.001,0.0,0.0,0.0,48.0,0.8,0.0,4.9,63.0,82.0,145.0,9.0,0.0,133.0,132.0,133.0,3.0,1,63.0,-1.0,0.1428571405895692,0.0,1.0,0
125.0,0.003,0.007500000000000001,0.0,0.0,0.0,0.0,51.0,0.6,0.0,4.9,16.0,125.0,141.0,1.0,0.0,133.0,132.0,134.0,0.0,0,16.0,-2.0,0.06249999609375024,0.0,1.0,0
125.0,0.01,0.007500000000000001,0.002,0.0,0.0,0.0,50.0,0.9,0.0,2.5,118.0,57.0,175.0,8.0,0.0,133.0,132.0,133.0,4.0,0,118.0,-1.0,0.06779660959494399,0.0,1.0,0
125.0,0.005,0.007500000000000001,0.0,0.0,0.0,0.0,47.0,0.8,0.0,6.1,75.0,68.0,143.0,3.0,0.0,133.0,132.0,133.0,2.0,1,75.0,-1.0,0.03999999946666667,0.0,1.0,0
127.0,0.002,0.006,0.001,0.0,0.0,0.0,61.0,0.5,3.0,10.6,83.0,62.0,145.0,4.0,0.0,129.0,131.0,132.0,4.0,1,83.0,-1.0,0.04819277050370156,0.0,1.0,0
127.0,0.003,0.005,0.002,0.0,0.0,0.0,58.0,0.5,0.0,8.3,38.0,113.0,151.0,3.0,0.0,129.0,134.0,136.0,6.0,0,38.0,-2.0,0.07894736634349037,0.0,1.0,0
127.0,0.0,0.005,0.0,0.0,0.0,0.0,63.0,0.5,4.0,11.3,89.0,62.0,151.0,4.0,0.0,129.0,128.0,130.0,1.0,1,89.0,-2.0,0.04494381971973237,0.0,2.0,1
127.0,0.0,0.005,0.0,0.0,0.0,0.0,61.0,0.6,4.0,11.5,89.0,62.0,151.0,4.0,0.0,131.0,129.0,131.0,2.0,1,89.0,-2.0,0.04494381971973237,0.0,2.0,1
127.0,0.005,0.007500000000000001,0.001,0.001,0.0,0.0,54.0,1.0,5.0,15.6,83.0,63.0,146.0,9.0,0.0,140.0,135.0,138.0,14.0,1,83.0,-3.0,0.10843373363332852,0.0,1.0,0
127.0,0.006,0.004,0.0,0.0,0.0,0.0,53.0,0.8,0.0,17.9,104.0,64.0,168.0,3.0,0.0,136.0,134.0,136.0,5.0,1,104.0,-2.0,0.028846153568786986,0.0,1.0,0
129.0,0.003,0.007500000000000001,0.0,0.0,0.0,0.0,52.0,0.7,0.0,11.5,80.0,68.0,148.0,10.0,0.0,133.0,134.0,134.0,3.0,1,80.0,0.0,0.12499999843750002,0.0,1.0,0
129.0,0.0,0.007500000000000001,0.0,0.0,0.0,0.0,55.0,0.5,1.0,7.5,23.0,120.0,143.0,3.0,0.0,133.0,133.0,134.0,1.0,0,23.0,-1.0,0.1304347769376184,0.0,1.0,0
129.0,0.002,0.007500000000000001,0.0,0.0,0.0,0.0,47.0,0.9,0.0,17.3,104.0,52.0,156.0,6.0,0.0,133.0,133.0,134.0,4.0,1,104.0,-1.0,0.05769230713757397,0.0,1.0,0
129.0,0.006,0.007500000000000001,0.0,0.0,0.0,0.0,44.0,1.0,0.0,4.8,36.0,120.0,156.0,2.0,0.0,133.0,133.0,133.0,3.0,0,36.0,0.0,0.05555555401234573,0.0,1.0,0
129.0,0.002,0.007500000000000001,0.0,0.0,0.0,0.0,53.0,0.6,1.0,5.3,34.0,122.0,156.0,3.0,0.0,133.0,134.0,135.0,1.0,0,34.0,-1.0,0.08823529152249143,0.0,1.0,0
129.0,0.0,0.007500000000000001,0.0,0.0,0.0,0.0,56.0,0.5,1.0,7.4,23.0,120.0,143.0,3.0,0.0,133.0,133.0,134.0,1.0,0,23.0,-1.0,0.1304347769376184,0.0,1.0,0
127.0,0.007,0.005,0.0,0.0,0.0,0.0,48.0,1.1,2.0,14.0,84.0,64.0,148.0,2.0,0.0,133.0,132.0,134.0,7.0,1,84.0,-2.0,0.0238095235260771,0.0,1.0,0
127.0,0.006,0.004,0.0,0.0,0.0,0.0,48.0,1.1,0.0,14.9,84.0,64.0,148.0,2.0,0.0,127.0,132.0,134.0,11.0,1,84.0,-2.0,0.0238095235260771,0.0,1.0,0
127.0,0.006,0.003,0.0,0.0,0.0,0.0,47.0,1.1,0.0,12.6,83.0,64.0,147.0,2.0,0.0,129.0,131.0,132.0,7.0,1,83.0,-1.0,0.02409638525185078,0.0,1.0,0
123.0,0.003,0.003,0.0,0.0,0.0,0.0,52.0,0.8,2.0,15.4,90.0,50.0,140.0,7.0,0.0,129.0,128.0,130.0,4.0,1,90.0,-2.0,0.07777777691358026,0.0,1.0,0
123.0,0.003,0.005,0.0,0.0,0.0,0.0,55.0,0.7,0.0,8.9,71.0,81.0,152.0,4.0,0.0,129.0,129.0,130.0,3.0,1,71.0,-1.0,0.056338027375520745,0.0,1.0,0
123.0,0.0,0.0,0.0,0.0,0.0,0.0,50.0,0.8,7.0,13.8,74.0,63.0,137.0,2.0,0.0,129.0,127.0,129.0,2.0,1,74.0,-2.0,0.02702702666179694,0.0,1.0,0
123.0,0.004,0.005,0.0,0.0,0.0,0.0,55.0,0.7,0.0,8.6,71.0,81.0,152.0,4.0,0.0,129.0,129.0,130.0,3.0,1,71.0,-1.0,0.056338027375520745,0.0,1.0,0
123.0,0.0,0.0,0.0,0.0,0.0,0.0,49.0,0.8,7.0,13.8,74.0,63.0,137.0,2.0,0.0,129.0,127.0,129.0,2.0,1,74.0,-2.0,0.02702702666179694,0.0,1.0,0
121.0,0.003,0.006,0.0,0.0,0.0,0.0,56.0,0.6,2.0,10.5,77.0,62.0,139.0,3.0,0.0,127.0,128.0,129.0,3.0,1,77.0,-1.0,0.03896103845505145,0.0,1.0,0
121.0,0.003,0.007500000000000001,0.0,0.0,0.0,0.0,52.0,0.6,2.0,8.0,21.0,117.0,138.0,0.0,0.0,125.0,127.0,128.0,2.0,0,21.0,-1.0,0.0,0.0,1.0,0
121.0,0.005,0.003,0.0,0.0,0.0,0.0,58.0,0.5,4.0,7.4,22.0,117.0,139.0,0.0,0.0,125.0,128.0,129.0,3.0,0,22.0,-1.0,0.0,0.0,1.0,0
125.0,0.0,0.005,0.001,0.0,0.0,0.0,66.0,0.3,27.5,5.8,21.0,112.0,133.0,0.0,0.0,125.0,124.0,126.0,0.0,0,21.0,-2.0,0.0,0.0,2.0,1
125.0,0.0,0.005,0.001,0.0,0.0,0.0,67.0,0.3,27.5,4.9,14.0,115.0,129.0,1.0,0.0,125.0,124.0,126.0,0.0,1,14.0,-2.0,0.07142856632653098,0.0,2.0,1
125.0,0.0,0.007500000000000001,0.0,0.0,0.0,0.0,68.0,0.3,27.5,3.5,8.0,120.0,128.0,0.0,0.0,125.0,125.0,126.0,0.0,0,8.0,-1.0,0.0,0.0,3.0,2
125.0,0.0,0.005,0.001,0.001,0.0,0.0,70.0,0.4,27.5,7.1,81.0,52.0,133.0,5.0,0.0,125.0,123.0,125.0,2.0,1,81.0,-2.0,0.06172839429964946,0.0,2.0,1
125.0,0.0,0.004,0.002,0.0,0.0,0.0,66.0,0.4,20.0,6.7,22.0,109.0,131.0,1.0,0.0,120.0,121.0,122.0,1.0,0,22.0,-1.0,0.045454543388429844,0.0,2.0,1
123.0,0.0,0.0,0.001,0.0,0.0,0.0,67.0,0.6,27.0,12.6,110.0,50.0,160.0,7.0,0.0,125.0,123.0,125.0,2.0,1,110.0,-2.0,0.06363636305785125,0.0,2.0,1
123.0,0.0,0.0,0.0,0.0,0.0,0.0,70.0,0.5,27.5,8.3,71.0,89.0,160.0,5.0,0.0,123.0,124.0,126.0,1.0,0,71.0,-2.0,0.07042253421940092,0.0,2.0,1
128.0,0.008,0.006,0.004,0.0,0.0,0.0,43.0,1.9,0.0,18.7,124.0,60.0,184.0,10.0,0.0,133.0,137.0,138.0,16.0,0,124.0,-1.0,0.08064516063995839,0.0,1.0,0
128.0,0.007,0.0,0.008,0.0,0.0,0.0,48.0,1.0,0.0,11.7,99.0,60.0,159.0,3.0,0.0,138.0,137.0,139.0,6.0,1,99.0,-2.0,0.030303029996939092,0.0,1.0,0
151.0,0.006,0.007,0.002,0.0,0.0,0.0,56.0,0.5,23.0,3.8,37.0,141.0,178.0,3.0,0.0,157.0,160.0,160.0,4.0,0,37.0,0.0,0.08108107888970058,0.0,1.0,0
151.0,0.01,0.007500000000000001,0.003,0.0,0.0,0.0,50.0,0.7,0.0,0.9,37.0,141.0,178.0,2.0,0.0,161.0,162.0,163.0,4.0,0,37.0,-1.0,0.054054052593133714,0.0,1.0,0
151.0,0.002,0.004,0.0,0.0,0.0,0.0,64.0,0.4,27.5,4.6,27.0,141.0,168.0,2.0,0.0,157.0,156.0,158.0,1.0,0,27.0,-2.0,0.07407407133058995,0.0,2.0,1
148.0,0.003,0.007500000000000001,0.003,0.0,0.0,0.0,61.0,0.5,26.0,7.4,26.0,139.0,165.0,2.0,0.0,153.0,152.0,154.0,2.0,0,26.0,-2.0,0.07692307396449716,0.0,2.0,1
130.0,0.0,0.007500000000000001,0.006,0.0,0.0,0.0,67.0,0.5,22.0,14.3,84.0,72.0,156.0,12.0,0.0,143.0,140.0,143.0,4.0,1,84.0,-3.0,0.1428571411564626,0.0,2.0,1
130.0,0.002,0.007500000000000001,0.003,0.0,0.0,0.0,57.0,0.6,26.0,14.3,91.0,65.0,156.0,7.0,0.0,129.0,131.0,133.0,10.0,1,91.0,-2.0,0.0769230760777684,0.0,1.0,0
130.0,0.0,0.0,0.0,0.0,0.0,0.0,53.0,0.6,27.5,5.0,19.0,114.0,133.0,2.0,0.0,120.0,122.0,122.0,3.0,-1,19.0,0.0,0.10526315235457093,0.0,1.0,0
130.0,0.0,0.007500000000000001,0.002,0.0,0.0,0.0,51.0,0.6,27.5,9.1,30.0,114.0,144.0,3.0,0.0,120.0,125.0,126.0,8.0,-1,30.0,-1.0,0.09999999666666677,0.0,1.0,0
127.0,0.007,0.0,0.007,0.005,0.0,0.0,14.0,3.2,0.0,6.3,124.0,67.0,191.0,8.0,0.0,129.0,125.0,130.0,45.0,0,124.0,-5.0,0.06451612851196671,0.0,1.0,0
127.0,0.006,0.0,0.008,0.005,0.0,0.0,12.0,3.2,0.0,5.7,130.0,58.0,188.0,8.0,0.0,129.0,122.0,129.0,41.0,0,130.0,-7.0,0.06153846106508876,0.0,1.0,0
127.0,0.007,0.0,0.005,0.007,0.0,0.0,16.0,3.2,0.0,0.0,138.0,53.0,191.0,11.0,0.0,153.0,124.0,130.0,57.0,0,138.0,-6.0,0.07971014434992649,0.0,1.0,0
127.0,0.012,0.0,0.008,0.004,0.0,0.0,13.0,3.2,0.0,1.3,138.0,53.0,191.0,12.0,0.0,133.0,126.0,131.0,41.0,0,138.0,-5.0,0.08695652110901071,0.0,1.0,0
127.0,0.004,0.0,0.013,0.004,0.0,0.0,13.0,3.2,0.0,10.1,98.0,61.0,159.0,3.0,0.0,129.0,124.0,129.0,35.0,1,98.0,-5.0,0.03061224458558934,0.0,1.0,0
127.0,0.0,0.0,0.005,0.0,0.0,0.0,22.0,1.5,0.0,12.3,91.0,107.0,198.0,5.0,0.0,135.0,132.0,134.0,3.0,-1,91.0,-2.0,0.05494505434126314,0.0,1.0,0
127.0,0.0,0.0,0.006,0.0,0.0,0.0,23.0,1.5,0.0,13.2,91.0,107.0,198.0,6.0,0.0,135.0,134.0,135.0,4.0,-1,91.0,-1.0,0.06593406520951577,0.0,1.0,0
127.0,0.0,0.0,0.006,0.0,0.0,0.0,24.0,1.7,0.0,15.8,91.0,107.0,198.0,9.0,0.0,135.0,136.0,138.0,7.0,-1,91.0,-2.0,0.09890109781427366,0.0,1.0,0
127.0,0.0,0.0,0.006,0.0,0.0,0.0,22.0,1.7,0.0,15.5,91.0,107.0,198.0,6.0,0.0,135.0,134.0,137.0,6.0,-1,91.0,-3.0,0.06593406520951577,0.0,1.0,0
127.0,0.0,0.0,0.005,0.0,0.0,0.0,21.0,1.7,0.0,12.4,37.0,114.0,151.0,4.0,0.0,128.0,130.0,131.0,2.0,0,37.0,-1.0,0.10810810518626743,0.0,1.0,0
128.0,0.0,0.0,0.006,0.0,0.0,0.0,30.0,1.2,0.0,14.2,77.0,119.0,196.0,3.0,0.0,148.0,154.0,155.0,13.0,0,77.0,-1.0,0.03896103845505145,0.0,2.0,1
124.0,0.008,0.0,0.004,0.0,0.0,0.0,46.0,1.0,0.0,9.3,92.0,63.0,155.0,6.0,0.0,133.0,133.0,134.0,7.0,1,92.0,-1.0,0.06521739059546315,0.0,1.0,0
124.0,0.006,0.0,0.006,0.0,0.0,0.0,45.0,0.9,0.0,9.2,91.0,60.0,151.0,5.0,0.0,133.0,132.0,134.0,5.0,1,91.0,-2.0,0.05494505434126314,0.0,1.0,0
126.0,0.007,0.0,0.003,0.0,0.0,0.0,48.0,0.7,0.0,6.4,37.0,118.0,155.0,2.0,0.0,133.0,135.0,135.0,6.0,0,37.0,0.0,0.054054052593133714,0.0,1.0,0
126.0,0.005,0.0,0.003,0.0,0.0,0.0,49.0,0.7,0.0,9.7,90.0,63.0,153.0,2.0,0.0,133.0,133.0,134.0,4.0,1,90.0,-1.0,0.022222221975308647,0.0,1.0,0
124.0,0.01,0.0,0.007,0.001,0.0,0.0,34.0,1.0,0.0,3.1,42.0,106.0,148.0,1.0,0.0,126.0,130.0,130.0,7.0,0,42.0,0.0,0.0238095232426304,0.0,1.0,0
124.0,0.013,0.0,0.006,0.0,0.0,0.0,34.0,1.0,0.0,0.9,39.0,110.0,149.0,3.0,0.0,129.0,130.0,131.0,5.0,0,39.0,-1.0,0.0769230749506904,0.0,1.0,0
123.0,0.002,0.0,0.001,0.0,0.0,0.0,41.0,1.1,14.0,13.4,87.0,58.0,145.0,11.0,0.0,127.0,126.0,127.0,4.0,1,87.0,-1.0,0.12643678015589907,0.0,1.0,0
123.0,0.0,0.0,0.0,0.0,0.0,0.0,32.0,1.1,0.0,16.9,76.0,66.0,142.0,3.0,0.0,125.0,125.0,125.0,4.0,1,76.0,0.0,0.03947368369113574,0.0,1.0,0
123.0,0.0,0.0,0.0,0.0,0.0,0.0,44.0,0.8,27.5,6.3,82.0,59.0,141.0,4.0,0.0,127.0,126.0,128.0,0.0,1,82.0,-2.0,0.04878048720999406,0.0,1.0,0
123.0,0.003,0.0,0.002,0.0,0.0,0.0,37.0,0.9,0.0,12.8,79.0,66.0,145.0,2.0,0.0,125.0,127.0,127.0,4.0,1,79.0,0.0,0.025316455375741072,0.0,1.0,0
123.0,0.0,0.0,0.0,0.0,0.0,0.0,41.0,0.9,23.0,10.6,83.0,59.0,142.0,4.0,0.0,127.0,125.0,127.0,2.0,1,83.0,-2.0,0.04819277050370156,0.0,1.0,0
123.0,0.001,0.0,0.004,0.0,0.0,0.0,54.0,0.5,9.0,8.4,29.0,116.0,145.0,4.0,0.0,126.0,128.0,129.0,3.0,0,29.0,-1.0,0.13793102972651622,0.0,1.0,0
123.0,0.0,0.0,0.003,0.0,0.0,0.0,50.0,0.5,8.0,7.6,21.0,116.0,137.0,1.0,0.0,126.0,126.0,127.0,1.0,0,21.0,-1.0,0.04761904535147403,0.0,1.0,0
120.0,0.004,0.0,0.009,0.002,0.0,0.0,50.0,1.6,7.0,8.1,118.0,53.0,171.0,7.0,0.0,125.0,126.0,127.0,14.0,0,118.0,-1.0,0.05932203339557599,0.0,1.0,0
120.0,0.005,0.0,0.01,0.0,0.0,0.0,56.0,0.9,13.0,8.7,130.0,55.0,185.0,10.0,0.0,125.0,128.0,130.0,8.0,0,130.0,-2.0,0.07692307633136096,0.0,1.0,0
118.0,0.005,0.0,0.01,0.003,0.0,0.0,41.0,2.5,0.0,5.8,119.0,52.0,171.0,6.0,0.0,123.0,122.0,124.0,19.0,0,119.0,-2.0,0.050420167643528004,0.0,1.0,0
133.0,0.002,0.007500000000000001,0.003,0.002,0.0,0.0,46.0,1.1,0.0,15.4,69.0,95.0,164.0,5.0,0.0,139.0,135.0,138.0,9.0,0,69.0,-3.0,0.07246376706574251,0.0,1.0,0
133.0,0.0,0.003,0.0,0.0,0.0,0.0,45.0,0.9,0.0,17.9,38.0,121.0,159.0,3.0,0.0,133.0,135.0,136.0,5.0,0,38.0,-1.0,0.07894736634349037,0.0,1.0,0
128.0,0.007,0.003,0.003,0.0,0.0,0.0,44.0,1.1,0.0,7.6,58.0,112.0,170.0,6.0,0.0,137.0,136.0,137.0,5.0,0,58.0,-1.0,0.10344827407847804,0.0,1.0,0
143.0,0.0,0.004,0.0,0.0,0.0,0.0,67.0,0.4,27.5,7.5,27.0,129.0,156.0,3.0,0.0,151.0,146.0,149.0,3.0,1,27.0,-3.0,0.11111110699588492,0.0,2.0,1
143.0,0.0,0.002,0.0,0.0,0.0,0.0,74.0,0.3,27.5,4.9,23.0,131.0,154.0,3.0,0.0,151.0,150.0,151.0,0.0,1,23.0,-1.0,0.1304347769376184,0.0,2.0,1
144.0,0.0,0.007,0.0,0.0,0.0,0.0,61.0,0.5,7.0,9.5,39.0,125.0,164.0,3.0,0.0,144.0,143.0,144.0,1.0,0,39.0,-1.0,0.0769230749506904,0.0,2.0,1
144.0,0.0,0.007500000000000001,0.0,0.0,0.0,0.0,58.0,0.6,1.0,8.8,39.0,125.0,164.0,3.0,0.0,143.0,142.0,144.0,1.0,0,39.0,-2.0,0.0769230749506904,0.0,1.0,0
144.0,0.0,0.002,0.0,0.0,0.0,0.0,75.0,0.3,27.5,4.0,10.0,144.0,154.0,2.0,0.0,151.0,150.0,152.0,0.0,1,10.0,-2.0,0.19999998000000202,0.0,2.0,1
144.0,0.0,0.005,0.0,0.0,0.0,0.0,65.0,0.4,21.0,8.6,27.0,129.0,156.0,2.0,0.0,150.0,146.0,148.0,3.0,1,27.0,-2.0,0.07407407133058995,0.0,2.0,1
142.0,0.0,0.006,0.0,0.0,0.0,0.0,61.0,0.7,27.5,12.2,79.0,71.0,150.0,12.0,0.0,143.0,142.0,144.0,3.0,1,79.0,-2.0,0.15189873225444644,0.0,2.0,1
142.0,0.0,0.007500000000000001,0.0,0.0,0.0,0.0,51.0,1.2,5.0,19.7,119.0,56.0,175.0,12.0,0.0,141.0,141.0,143.0,5.0,1,119.0,-2.0,0.10084033528705601,0.0,1.0,0
142.0,0.0,0.005,0.0,0.0,0.0,0.0,57.0,0.8,27.5,14.5,100.0,56.0,156.0,10.0,0.0,144.0,142.0,144.0,3.0,1,100.0,-2.0,0.099999999,0.0,1.0,0
146.0,0.0,0.007500000000000001,0.0,0.0,0.0,0.0,66.0,0.5,27.5,12.8,114.0,74.0,188.0,6.0,0.0,147.0,146.0,148.0,2.0,0,114.0,-2.0,0.05263157848568791,0.0,2.0,1
146.0,0.0,0.007500000000000001,0.0,0.0,0.0,0.0,74.0,0.5,27.5,13.4,111.0,74.0,185.0,4.0,0.0,147.0,147.0,148.0,2.0,0,111.0,-1.0,0.03603603571138707,0.0,2.0,1
148.0,0.0,0.007500000000000001,0.0,0.0,0.0,0.0,74.0,0.2,27.5,3.6,14.0,139.0,153.0,0.0,0.0,148.0,148.0,149.0,0.0,0,14.0,-1.0,0.0,0.0,3.0,2
148.0,0.0,0.007500000000000001,0.0,0.0,0.0,0.0,75.0,0.2,27.5,2.9,7.0,145.0,152.0,1.0,0.0,148.0,148.0,149.0,0.0,0,7.0,-1.0,0.1428571224489825,0.0,3.0,2
148.0,0.0,0.007500000000000001,0.0,0.0,0.0,0.0,70.0,0.3,27.5,3.8,14.0,139.0,153.0,1.0,0.0,150.0,148.0,150.0,0.0,1,14.0,-2.0,0.07142856632653098,0.0,3.0,2
148.0,0.0,0.007500000000000001,0.0,0.0,0.0,0.0,72.0,0.3,27.5,4.3,14.0,139.0,153.0,1.0,0.0,150.0,148.0,150.0,0.0,1,14.0,-2.0,0.07142856632653098,0.0,2.0,1
144.0,0.0,0.007500000000000001,0.0,0.0,0.0,0.0,75.0,0.2,27.5,5.6,16.0,136.0,152.0,1.0,0.0,145.0,144.0,146.0,0.0,0,16.0,-2.0,0.06249999609375024,0.0,2.0,1
144.0,0.0,0.006,0.0,0.0,0.0,0.0,77.0,0.2,27.5,3.8,12.0,138.0,150.0,2.0,0.0,144.0,144.0,146.0,0.0,0,12.0,-2.0,0.16666665277777895,0.0,2.0,1
144.0,0.0,0.007500000000000001,0.0,0.0,0.0,0.0,71.0,0.3,24.0,6.8,19.0,133.0,152.0,1.0,0.0,145.0,144.0,146.0,0.0,0,19.0,-2.0,0.05263157617728546,0.0,2.0,1
145.0,0.0,0.007500000000000001,0.0,0.0,0.0,0.0,75.0,0.3,27.5,7.8,54.0,131.0,185.0,3.0,0.0,145.0,144.0,146.0,0.0,-1,54.0,-2.0,0.05555555452674899,0.0,2.0,1
145.0,0.0,0.007500000000000001,0.0,0.0,0.0,0.0,77.0,0.2,27.5,5.8,21.0,129.0,150.0,1.0,0.0,146.0,145.0,147.0,0.0,1,21.0,-2.0,0.04761904535147403,0.0,2.0,1
145.0,0.0,0.007500000000000001,0.0,0.0,0.0,0.0,74.0,0.3,27.5,8.5,54.0,131.0,185.0,2.0,0.0,145.0,144.0,146.0,1.0,-1,54.0,-2.0,0.037037036351165994,0.0,2.0,1
132.0,0.0,0.005,0.0,0.0,0.0,0.0,61.0,0.4,27.5,5.7,18.0,126.0,144.0,1.0,0.0,134.0,135.0,136.0,0.0,0,18.0,-1.0,0.055555552469135974,0.0,2.0,1
141.0,0.0,0.007,0.0,0.0,0.0,0.0,71.0,0.4,27.5,10.8,78.0,69.0,147.0,2.0,0.0,144.0,142.0,144.0,2.0,1,78.0,-2.0,0.02564102531229455,0.0,2.0,1
141.0,0.0,0.003,0.0,0.0,0.0,0.0,77.0,0.3,27.5,3.2,9.0,138.0,147.0,1.0,0.0,144.0,143.0,145.0,0.0,1,9.0,-2.0,0.11111109876543349,0.0,3.0,2
146.0,0.0,0.006,0.0,0.0,0.0,0.0,69.0,0.5,27.5,11.0,42.0,117.0,159.0,6.0,0.0,153.0,150.0,152.0,3.0,1,42.0,-2.0,0.1428571394557824,0.0,2.0,1
146.0,0.0,0.004,0.0,0.0,0.0,0.0,76.0,0.3,27.5,4.4,18.0,135.0,153.0,2.0,0.0,150.0,149.0,151.0,0.0,1,18.0,-2.0,0.11111110493827195,0.0,2.0,1
146.0,0.0,0.007,0.0,0.0,0.0,0.0,65.0,0.5,27.5,9.5,33.0,133.0,166.0,4.0,0.0,153.0,151.0,154.0,1.0,0,33.0,-3.0,0.12121211753902675,0.0,2.0,1
146.0,0.0,0.007500000000000001,0.0,0.0,0.0,0.0,72.0,0.3,27.5,6.9,35.0,120.0,155.0,4.0,0.0,147.0,146.0,148.0,0.0,1,35.0,-2.0,0.11428571102040827,0.0,2.0,1
146.0,0.0,0.006,0.0,0.0,0.0,0.0,77.0,0.3,27.5,5.7,29.0,120.0,149.0,4.0,0.0,147.0,146.0,147.0,0.0,1,29.0,-1.0,0.13793102972651622,0.0,2.0,1
146.0,0.0,0.007500000000000001,0.0,0.0,0.0,0.0,68.0,0.3,23.0,7.2,20.0,136.0,156.0,1.0,0.0,147.0,147.0,148.0,1.0,0,20.0,-1.0,0.04999999750000012,0.0,2.0,1
150.0,0.0,0.007500000000000001,0.0,0.0,0.0,0.0,74.0,0.3,27.5,6.4,25.0,131.0,156.0,4.0,0.0,150.0,150.0,151.0,0.0,1,25.0,-1.0,0.15999999360000025,0.0,2.0,1
150.0,0.0,0.007500000000000001,0.0,0.0,0.0,0.0,79.0,0.2,27.5,2.8,5.0,147.0,152.0,1.0,0.0,150.0,149.0,151.0,0.0,0,5.0,-2.0,0.199999960000008,0.0,3.0,2
144.0,0.0,0.007500000000000001,0.0,0.0,0.0,0.0,74.0,0.3,27.5,6.4,25.0,131.0,156.0,4.0,0.0,150.0,150.0,151.0,0.0,1,25.0,-1.0,0.15999999360000025,0.0,2.0,1
150.0,0.0,0.007500000000000001,0.0,0.0,0.0,0.0,79.0,0.2,27.5,2.8,5.0,147.0,152.0,1.0,0.0,150.0,149.0,151.0,0.0,0,5.0,-2.0,0.199999960000008,0.0,3.0,2
150.0,0.0,0.007500000000000001,0.0,0.0,0.0,0.0,71.0,0.4,18.0,7.9,17.0,139.0,156.0,0.0,0.0,151.0,151.0,152.0,0.0,1,17.0,-1.0,0.0,0.0,3.0,2
150.0,0.0,0.007500000000000001,0.0,0.0,0.0,0.0,73.0,0.3,27.5,7.3,26.0,128.0,154.0,3.0,0.0,150.0,149.0,151.0,0.0,1,26.0,-2.0,0.11538461094674572,0.0,2.0,1
135.0,0.0,0.001,0.0,0.0,0.0,0.0,56.0,1.0,27.5,16.4,89.0,67.0,156.0,8.0,0.0,143.0,140.0,142.0,6.0,1,89.0,-2.0,0.08988763943946473,0.0,2.0,1
135.0,0.0,0.0,0.0,0.0,0.0,0.0,62.0,0.5,27.5,6.9,97.0,71.0,168.0,3.0,0.0,143.0,142.0,144.0,1.0,1,97.0,-2.0,0.030927834732702737,0.0,3.0,2
135.0,0.002,0.007500000000000001,0.0,0.0,0.0,0.0,54.0,1.0,10.0,16.7,132.0,66.0,198.0,10.0,0.0,150.0,143.0,146.0,12.0,0,132.0,-3.0,0.07575757518365474,0.0,2.0,1
144.0,0.0,0.007500000000000001,0.0,0.0,0.0,0.0,76.0,0.4,27.5,10.6,81.0,71.0,152.0,3.0,0.0,145.0,144.0,146.0,2.0,1,81.0,-2.0,0.03703703657978967,0.0,2.0,1
144.0,0.0,0.007500000000000001,0.0,0.0,0.0,0.0,75.0,0.3,27.5,4.2,16.0,136.0,152.0,2.0,0.0,145.0,146.0,147.0,0.0,0,16.0,-1.0,0.12499999218750048,0.0,2.0,1
146.0,0.0,0.0,0.0,0.0,0.0,0.0,84.0,0.2,27.5,2.9,10.0,140.0,150.0,1.0,0.0,146.0,145.0,147.0,0.0,0,10.0,-2.0,0.09999999000000101,0.0,3.0,2
146.0,0.0,0.006,0.0,0.0,0.0,0.0,77.0,0.2,27.5,4.6,12.0,137.0,149.0,1.0,0.0,142.0,142.0,143.0,0.0,0,12.0,-1.0,0.08333332638888948,0.0,2.0,1
146.0,0.0,0.004,0.0,0.0,0.0,0.0,78.0,0.2,27.5,4.3,12.0,137.0,149.0,1.0,0.0,144.0,143.0,145.0,0.0,0,12.0,-2.0,0.08333332638888948,0.0,2.0,1
146.0,0.0,0.004,0.0,0.0,0.0,0.0,79.0,0.2,27.5,4.3,12.0,137.0,149.0,1.0,0.0,144.0,143.0,145.0,0.0,0,12.0,-2.0,0.08333332638888948,0.0,2.0,1
146.0,0.0,0.007500000000000001,0.0,0.0,0.0,0.0,77.0,0.3,20.0,4.8,12.0,137.0,149.0,0.0,0.0,142.0,143.0,145.0,0.0,0,12.0,-2.0,0.0,0.0,2.0,1
144.0,0.0,0.007500000000000001,0.0,0.0,0.0,0.0,79.0,0.3,27.5,7.9,80.0,71.0,151.0,2.0,0.0,145.0,144.0,146.0,1.0,1,80.0,-2.0,0.024999999687500003,0.0,3.0,2
146.0,0.0,0.003,0.0,0.0,0.0,0.0,81.0,0.2,27.5,3.9,13.0,137.0,150.0,1.0,0.0,146.0,144.0,146.0,1.0,0,13.0,-2.0,0.07692307100591762,0.0,3.0,2
137.0,0.0,0.007500000000000001,0.0,0.0,0.0,0.0,64.0,0.5,12.0,10.9,85.0,68.0,153.0,2.0,0.0,143.0,142.0,143.0,3.0,1,85.0,-1.0,0.023529411487889278,0.0,2.0,1
137.0,0.0,0.007500000000000001,0.0,0.0,0.0,0.0,64.0,0.4,12.0,8.6,22.0,131.0,153.0,1.0,0.0,145.0,143.0,145.0,1.0,0,22.0,-2.0,0.045454543388429844,0.0,2.0,1
137.0,0.0,0.007500000000000001,0.0,0.0,0.0,0.0,65.0,0.4,11.0,8.1,20.0,133.0,153.0,1.0,0.0,145.0,144.0,146.0,1.0,0,20.0,-2.0,0.04999999750000012,0.0,2.0,1
133.0,0.0,0.0,0.0,0.0,0.0,0.0,73.0,0.2,27.5,3.3,8.0,131.0,139.0,1.0,0.0,133.0,134.0,135.0,0.0,0,8.0,-1.0,0.12499998437500197,0.0,3.0,2
133.0,0.0,0.0,0.0,0.0,0.0,0.0,75.0,0.2,27.5,2.9,7.0,131.0,138.0,1.0,0.0,133.0,134.0,135.0,0.0,0,7.0,-1.0,0.1428571224489825,0.0,3.0,2
133.0,0.0,0.0,0.0,0.0,0.0,0.0,73.0,0.3,27.5,3.6,8.0,131.0,139.0,1.0,0.0,134.0,134.0,135.0,0.0,0,8.0,-1.0,0.12499998437500197,0.0,3.0,2
133.0,0.0,0.0,0.0,0.0,0.0,0.0,73.0,0.3,27.5,3.5,8.0,131.0,139.0,1.0,0.0,134.0,134.0,135.0,0.0,0,8.0,-1.0,0.12499998437500197,0.0,3.0,2
139.0,0.0,0.005,0.0,0.0,0.0,0.0,75.0,0.4,27.5,9.2,79.0,66.0,145.0,6.0,0.0,140.0,139.0,141.0,2.0,1,79.0,-2.0,0.07594936612722322,0.0,2.0,1
139.0,0.0,0.002,0.0,0.0,0.0,0.0,77.0,0.2,27.5,5.3,17.0,128.0,145.0,1.0,0.0,142.0,141.0,143.0,0.0,1,17.0,-2.0,0.05882352595155729,0.0,2.0,1
139.0,0.0,0.007,0.0,0.0,0.0,0.0,78.0,0.2,27.5,4.2,11.0,133.0,144.0,1.0,0.0,140.0,139.0,141.0,0.0,0,11.0,-2.0,0.09090908264462885,0.0,2.0,1
139.0,0.0,0.007,0.0,0.0,0.0,0.0,77.0,0.2,27.5,4.3,11.0,133.0,144.0,1.0,0.0,140.0,139.0,141.0,0.0,0,11.0,-2.0,0.09090908264462885,0.0,2.0,1
139.0,0.0,0.003,0.0,0.0,0.0,0.0,76.0,0.3,12.0,6.1,17.0,128.0,145.0,1.0,0.0,140.0,140.0,141.0,0.0,1,17.0,-1.0,0.05882352595155729,0.0,2.0,1
141.0,0.0,0.007500000000000001,0.001,0.0,0.0,0.0,78.0,0.2,27.5,4.7,13.0,133.0,146.0,1.0,0.0,143.0,141.0,143.0,0.0,1,13.0,-2.0,0.07692307100591762,0.0,2.0,1
141.0,0.0,0.007500000000000001,0.002,0.0,0.0,0.0,78.0,0.2,27.5,4.8,10.0,136.0,146.0,1.0,0.0,142.0,141.0,143.0,0.0,0,10.0,-2.0,0.09999999000000101,0.0,2.0,1
141.0,0.0,0.007500000000000001,0.0,0.0,0.0,0.0,75.0,0.3,27.5,4.6,9.0,136.0,145.0,1.0,0.0,143.0,141.0,143.0,0.0,1,9.0,-2.0,0.11111109876543349,0.0,2.0,1
140.0,0.0,0.007500000000000001,0.0,0.0,0.0,0.0,77.0,0.2,27.5,3.7,8.0,136.0,144.0,1.0,0.0,141.0,140.0,142.0,0.0,0,8.0,-2.0,0.12499998437500197,0.0,3.0,2
140.0,0.0,0.007500000000000001,0.0,0.0,0.0,0.0,78.0,0.2,27.5,3.4,8.0,136.0,144.0,1.0,0.0,141.0,140.0,141.0,0.0,0,8.0,-1.0,0.12499998437500197,0.0,3.0,2
140.0,0.0,0.002,0.0,0.0,0.0,0.0,69.0,0.3,21.0,8.3,22.0,129.0,151.0,2.0,0.0,141.0,141.0,142.0,1.0,0,22.0,-1.0,0.09090908677685969,0.0,2.0,1
140.0,0.0,0.006,0.0,0.003,0.0,0.0,67.0,0.4,25.0,7.1,25.0,122.0,147.0,1.0,0.0,142.0,138.0,141.0,4.0,1,25.0,-3.0,0.03999999840000006,0.0,2.0,1
140.0,0.0,0.007,0.0,0.005,0.0,0.0,61.0,0.9,16.0,12.4,129.0,64.0,193.0,9.0,0.0,142.0,138.0,141.0,11.0,0,129.0,-3.0,0.06976744131963224,0.0,2.0,1
130.0,0.0,0.007500000000000001,0.0,0.0,0.0,0.0,59.0,0.5,15.0,9.8,53.0,95.0,148.0,4.0,0.0,142.0,138.0,142.0,4.0,1,53.0,-4.0,0.07547169668921327,0.0,2.0,1
130.0,0.002,0.007500000000000001,0.0,0.0,0.0,0.0,46.0,1.2,0.0,16.2,95.0,60.0,155.0,8.0,0.0,136.0,133.0,135.0,8.0,1,95.0,-2.0,0.08421052542936289,0.0,1.0,0
133.0,0.0,0.007500000000000001,0.003,0.0,0.0,0.0,60.0,0.5,14.0,11.4,80.0,68.0,148.0,4.0,0.0,137.0,136.0,138.0,2.0,1,80.0,-2.0,0.04999999937500001,0.0,2.0,1
133.0,0.0,0.007500000000000001,0.002,0.0,0.0,0.0,54.0,0.6,0.0,13.6,80.0,68.0,148.0,2.0,0.0,137.0,138.0,139.0,2.0,1,80.0,-1.0,0.024999999687500003,0.0,1.0,0
133.0,0.0,0.007500000000000001,0.003,0.0,0.0,0.0,64.0,0.4,25.0,6.4,15.0,129.0,144.0,2.0,0.0,136.0,135.0,137.0,0.0,0,15.0,-2.0,0.13333332444444504,0.0,2.0,1
133.0,0.0,0.007500000000000001,0.004,0.0,0.0,0.0,69.0,0.3,27.5,5.6,12.0,129.0,141.0,1.0,0.0,137.0,135.0,137.0,0.0,0,12.0,-2.0,0.08333332638888948,0.0,2.0,1
135.0,0.0,0.007500000000000001,0.002,0.0,0.0,0.0,67.0,0.3,27.5,5.5,28.0,116.0,144.0,4.0,0.0,136.0,135.0,137.0,0.0,1,28.0,-2.0,0.14285713775510223,0.0,2.0,1
135.0,0.0,0.007500000000000001,0.001,0.0,0.0,0.0,69.0,0.3,27.5,3.9,9.0,132.0,141.0,1.0,0.0,136.0,136.0,137.0,0.0,0,9.0,-1.0,0.11111109876543349,0.0,3.0,2
135.0,0.0,0.007500000000000001,0.002,0.0,0.0,0.0,70.0,0.3,27.5,3.5,9.0,132.0,141.0,1.0,0.0,136.0,136.0,137.0,0.0,0,9.0,-1.0,0.11111109876543349,0.0,3.0,2
135.0,0.0,0.006,0.003,0.0,0.0,0.0,61.0,0.5,21.0,9.5,36.0,108.0,144.0,5.0,0.0,138.0,135.0,137.0,3.0,1,36.0,-2.0,0.1388888850308643,0.0,2.0,1
135.0,0.0,0.007500000000000001,0.002,0.0,0.0,0.0,63.0,0.4,27.5,4.0,8.0,133.0,141.0,1.0,0.0,136.0,136.0,137.0,0.0,0,8.0,-1.0,0.12499998437500197,0.0,2.0,1
135.0,0.0,0.007500000000000001,0.002,0.0,0.0,0.0,65.0,0.4,27.5,5.0,25.0,116.0,141.0,3.0,0.0,136.0,135.0,137.0,0.0,1,25.0,-2.0,0.11999999520000018,0.0,2.0,1
133.0,0.0,0.007500000000000001,0.003,0.0,0.0,0.0,61.0,0.5,4.0,7.8,16.0,128.0,144.0,1.0,0.0,135.0,135.0,136.0,0.0,0,16.0,-1.0,0.06249999609375024,0.0,2.0,1
138.0,0.0,0.007500000000000001,0.001,0.002,0.0,0.0,64.0,0.4,27.5,7.0,41.0,118.0,159.0,2.0,0.0,144.0,143.0,145.0,5.0,0,41.0,-2.0,0.048780486615110086,0.0,2.0,1
138.0,0.0,0.002,0.0,0.0,0.0,0.0,68.0,0.3,21.0,7.2,22.0,128.0,150.0,1.0,0.0,144.0,142.0,144.0,1.0,1,22.0,-2.0,0.045454543388429844,0.0,2.0,1
138.0,0.0,0.007500000000000001,0.002,0.002,0.0,0.0,55.0,0.7,0.0,9.3,48.0,103.0,151.0,4.0,0.0,144.0,140.0,143.0,5.0,1,48.0,-3.0,0.08333333159722227,0.0,1.0,0
138.0,0.0,0.007500000000000001,0.002,0.002,0.0,0.0,60.0,0.5,27.5,6.8,56.0,103.0,159.0,4.0,0.0,151.0,144.0,145.0,9.0,1,56.0,-1.0,0.07142857015306125,0.0,2.0,1
138.0,0.0,0.001,0.0,0.001,0.0,0.0,66.0,0.4,20.0,6.8,33.0,117.0,150.0,2.0,0.0,144.0,141.0,144.0,2.0,1,33.0,-3.0,0.060606058769513374,0.0,2.0,1
138.0,0.0,0.007500000000000001,0.002,0.002,0.0,0.0,60.0,0.5,9.0,8.7,47.0,103.0,150.0,3.0,0.0,144.0,140.0,144.0,4.0,1,47.0,-4.0,0.06382978587596201,0.0,2.0,1
141.0,0.0,0.007500000000000001,0.002,0.002,0.0,0.0,60.0,0.4,27.5,5.6,38.0,121.0,159.0,3.0,0.0,154.0,149.0,154.0,8.0,1,38.0,-5.0,0.07894736634349037,0.0,2.0,1
141.0,0.005,0.007500000000000001,0.002,0.001,0.0,0.0,53.0,1.0,27.5,5.2,123.0,57.0,180.0,12.0,0.0,154.0,149.0,154.0,10.0,1,123.0,-5.0,0.09756097481657744,0.0,2.0,1
141.0,0.009,0.007500000000000001,0.0,0.0,0.0,0.0,46.0,1.1,2.0,2.9,114.0,58.0,172.0,7.0,0.0,154.0,149.0,152.0,8.0,1,114.0,-3.0,0.06140350823330256,0.0,1.0,0
141.0,0.001,0.007500000000000001,0.001,0.001,0.0,0.0,59.0,0.5,27.5,6.1,38.0,121.0,159.0,3.0,0.0,154.0,149.0,154.0,8.0,1,38.0,-5.0,0.07894736634349037,0.0,2.0,1
141.0,0.001,0.007500000000000001,0.001,0.001,0.0,0.0,56.0,0.5,17.0,7.4,51.0,121.0,172.0,4.0,0.0,154.0,148.0,152.0,7.0,0,51.0,-4.0,0.0784313710111496,0.0,2.0,1
141.0,0.008,0.007500000000000001,0.002,0.002,0.0,0.0,50.0,0.9,1.0,4.3,114.0,58.0,172.0,7.0,0.0,148.0,147.0,151.0,7.0,1,114.0,-4.0,0.06140350823330256,0.0,1.0,0
129.0,0.009,0.007500000000000001,0.003,0.0,0.0,0.0,41.0,1.1,0.0,2.9,135.0,65.0,200.0,4.0,0.0,133.0,147.0,142.0,57.0,0,135.0,5.0,0.029629629410150893,0.0,1.0,0
131.0,0.012,0.007500000000000001,0.003,0.0,0.0,0.0,37.0,1.4,0.0,3.7,135.0,65.0,200.0,5.0,0.0,139.0,154.0,148.0,57.0,0,135.0,6.0,0.037037036762688616,0.0,1.0,0
131.0,0.006,0.007500000000000001,0.0,0.0,0.0,0.0,44.0,0.8,0.0,4.6,65.0,125.0,190.0,1.0,0.0,137.0,146.0,140.0,38.0,-1,65.0,6.0,0.015384615147928998,0.0,1.0,0
133.0,0.005,0.005,0.0,0.0,0.0,0.0,48.0,0.7,0.0,6.3,28.0,125.0,153.0,1.0,0.0,135.0,137.0,137.0,2.0,0,28.0,0.0,0.035714284438775556,0.0,1.0,0
129.0,0.009,0.007500000000000001,0.003,0.001,0.0,0.0,36.0,1.5,0.0,17.9,134.0,61.0,195.0,11.0,0.0,176.5,154.0,147.0,57.0,0,134.0,7.0,0.08208955162619738,0.0,1.0,0
129.0,0.011,0.007500000000000001,0.005,0.0,0.0,0.0,36.0,1.5,0.0,0.0,99.0,99.0,198.0,3.0,0.0,176.5,163.0,169.0,57.0,1,99.0,-6.0,0.030303029996939092,0.0,1.0,0
129.0,0.011,0.007500000000000001,0.003,0.0,0.0,0.0,37.0,1.2,0.0,8.6,102.0,93.0,195.0,8.0,0.0,176.5,157.0,153.0,57.0,0,102.0,4.0,0.0784313717800846,0.0,1.0,0
129.0,0.006,0.006,0.0,0.0,0.0,0.0,39.0,1.1,0.0,11.7,105.0,55.0,160.0,3.0,0.0,127.0,136.0,137.0,21.0,1,105.0,-1.0,0.02857142829931973,0.0,1.0,0
129.0,0.008,0.007500000000000001,0.002,0.0,0.0,0.0,37.0,1.3,0.0,12.1,140.0,55.0,195.0,7.0,0.0,176.5,151.0,144.0,57.0,0,140.0,7.0,0.049999999642857146,0.0,1.0,0
129.0,0.01,0.007500000000000001,0.003,0.0,0.0,0.0,36.0,1.4,0.0,9.4,140.0,55.0,195.0,5.0,0.0,143.0,148.0,143.0,52.0,0,140.0,5.0,0.035714285459183676,0.0,1.0,0
143.0,0.0,0.0,0.001,0.0,0.0,0.0,59.0,0.5,27.5,9.8,37.0,120.0,157.0,5.0,0.0,146.0,146.0,147.0,2.0,1,37.0,-1.0,0.1351351314828343,0.0,1.0,0
143.0,0.0,0.0,0.0,0.0,0.0,0.0,70.0,0.3,27.5,5.3,13.0,137.0,150.0,1.0,0.0,146.0,144.0,146.0,0.0,0,13.0,-2.0,0.07692307100591762,0.0,2.0,1
143.0,0.0,0.0,0.002,0.0,0.0,0.0,46.0,0.9,0.0,11.8,116.0,68.0,184.0,5.0,0.0,150.0,147.0,149.0,4.0,1,116.0,-2.0,0.043103447904280626,0.0,1.0,0
143.0,0.0,0.0,0.001,0.0,0.0,0.0,56.0,0.6,12.0,12.2,116.0,68.0,184.0,5.0,0.0,145.0,145.0,147.0,3.0,1,116.0,-2.0,0.043103447904280626,0.0,1.0,0
143.0,0.0,0.0,0.001,0.0,0.0,0.0,63.0,0.5,27.5,9.9,37.0,120.0,157.0,5.0,0.0,146.0,145.0,146.0,2.0,1,37.0,-1.0,0.1351351314828343,0.0,2.0,1
143.0,0.0,0.0,0.002,0.0,0.0,0.0,51.0,0.8,9.0,13.1,116.0,68.0,184.0,6.0,0.0,145.0,147.0,148.0,3.0,1,116.0,-1.0,0.05172413748513675,0.0,1.0,0
148.0,0.0,0.0,0.0,0.0,0.0,0.0,65.0,0.4,20.0,6.7,21.0,141.0,162.0,1.0,0.0,157.0,155.0,157.0,1.0,1,21.0,-2.0,0.04761904535147403,0.0,2.0,1
148.0,0.0,0.0,0.0,0.0,0.0,0.0,65.0,0.4,21.0,6.5,17.0,145.0,162.0,0.0,0.0,156.0,155.0,157.0,0.0,0,17.0,-2.0,0.0,0.0,2.0,1
150.0,0.002,0.0,0.0,0.003,0.0,0.0,47.0,1.4,10.0,12.1,145.0,52.0,197.0,8.0,0.0,159.0,154.0,157.0,13.0,1,145.0,-3.0,0.055172413412604045,0.0,2.0,1
150.0,0.0,0.0,0.0,0.0,0.0,0.0,53.0,0.5,27.5,4.5,14.0,151.0,165.0,0.0,0.0,161.0,159.0,161.0,1.0,0,14.0,-2.0,0.0,0.0,2.0,1
150.0,0.0,0.0,0.0,0.003,0.0,0.0,47.0,1.1,15.0,7.1,136.0,61.0,197.0,5.0,0.0,159.0,154.0,157.0,8.0,1,136.0,-3.0,0.036764705612024225,0.0,1.0,0
151.0,0.0,0.0,0.0,0.0,0.0,0.0,48.0,0.6,27.5,4.0,8.0,154.0,162.0,0.0,0.0,159.0,158.0,160.0,0.0,0,8.0,-2.0,0.0,0.0,2.0,1
151.0,0.0,0.0,0.0,0.0,0.0,0.0,47.0,0.7,27.5,3.9,8.0,154.0,162.0,0.0,0.0,159.0,158.0,160.0,0.0,0,8.0,-2.0,0.0,0.0,3.0,2
150.0,0.0,0.0,0.0,0.003,0.0,0.0,73.0,0.9,27.5,4.8,148.0,51.0,199.0,8.0,0.0,154.0,150.0,155.0,29.0,1,148.0,-5.0,0.05405405368882396,0.0,2.0,1
150.0,0.0,0.0,0.0,0.005,0.0,0.0,70.0,1.4,27.5,4.4,149.0,51.0,200.0,10.0,0.0,154.0,147.0,155.0,54.0,1,149.0,-8.0,0.06711409350930139,0.0,2.0,1
150.0,0.0,0.0,0.0,0.0,0.0,0.0,78.0,0.2,27.5,4.8,11.0,146.0,157.0,1.0,0.0,154.0,153.0,155.0,0.0,1,11.0,-2.0,0.09090908264462885,0.0,2.0,1
150.0,0.0,0.0,0.0,0.0,0.0,0.0,76.0,0.3,27.5,5.4,11.0,146.0,157.0,1.0,0.0,154.0,153.0,155.0,0.0,1,11.0,-2.0,0.09090908264462885,0.0,2.0,1
150.0,0.0,0.0,0.0,0.001,0.0,0.0,76.0,0.2,27.5,5.2,35.0,123.0,158.0,1.0,0.0,154.0,153.0,155.0,1.0,1,35.0,-2.0,0.028571427755102068,0.0,2.0,1
150.0,0.0,0.0,0.0,0.0,0.0,0.0,78.0,0.2,27.5,4.8,12.0,146.0,158.0,0.0,0.0,154.0,154.0,155.0,0.0,1,12.0,-1.0,0.0,0.0,2.0,1
147.0,0.0,0.0,0.001,0.0,0.0,0.0,66.0,0.4,16.0,7.4,80.0,74.0,154.0,1.0,0.0,148.0,146.0,148.0,1.0,1,80.0,-2.0,0.012499999843750002,0.0,2.0,1
147.0,0.0,0.0,0.002,0.002,0.0,0.0,71.0,0.3,17.0,5.8,15.0,139.0,154.0,0.0,0.0,143.0,145.0,146.0,1.0,0,15.0,-1.0,0.0,0.0,2.0,1
147.0,0.0,0.0,0.0,0.0,0.0,0.0,60.0,0.4,12.0,5.5,10.0,144.0,154.0,0.0,0.0,150.0,149.0,150.0,0.0,0,10.0,-1.0,0.0,0.0,2.0,1
147.0,0.0,0.0,0.0,0.0,0.0,0.0,63.0,0.4,12.0,8.1,80.0,74.0,154.0,1.0,0.0,148.0,147.0,149.0,1.0,1,80.0,-2.0,0.012499999843750002,0.0,1.0,0
135.0,0.002,0.0,0.001,0.0,0.0,0.0,59.0,0.6,4.0,9.3,118.0,70.0,188.0,3.0,0.0,140.0,140.0,141.0,3.0,0,118.0,-1.0,0.025423728598103996,0.0,1.0,0
135.0,0.0,0.0,0.0,0.0,0.0,0.0,55.0,0.6,0.0,7.4,21.0,131.0,152.0,2.0,0.0,135.0,139.0,141.0,4.0,0,21.0,-2.0,0.09523809070294806,0.0,1.0,0
135.0,0.002,0.0,0.0,0.0,0.0,0.0,63.0,0.5,8.0,5.4,33.0,133.0,166.0,1.0,0.0,141.0,142.0,143.0,1.0,-1,33.0,-1.0,0.030303029384756687,0.0,2.0,1
137.0,0.001,0.0,0.001,0.0,0.0,0.0,68.0,0.4,27.5,5.8,65.0,135.0,200.0,3.0,0.0,143.0,143.0,144.0,1.0,-1,65.0,-1.0,0.04615384544378699,0.0,2.0,1
137.0,0.0,0.0,0.0,0.0,0.0,0.0,74.0,0.3,27.5,4.0,13.0,135.0,148.0,1.0,0.0,140.0,141.0,142.0,1.0,0,13.0,-1.0,0.07692307100591762,0.0,3.0,2
137.0,0.002,0.0,0.002,0.0,0.0,0.0,63.0,0.5,9.0,7.8,75.0,125.0,200.0,4.0,0.0,146.0,144.0,146.0,2.0,-1,75.0,-2.0,0.053333332622222236,0.0,2.0,1
137.0,0.001,0.0,0.0,0.0,0.0,0.0,70.0,0.4,27.5,4.7,66.0,134.0,200.0,3.0,0.0,140.0,142.0,143.0,3.0,-1,66.0,-1.0,0.04545454476584023,0.0,2.0,1
143.0,0.0,0.0,0.003,0.0,0.0,0.0,65.0,0.6,14.0,13.3,38.0,120.0,158.0,5.0,0.0,145.0,145.0,146.0,2.0,0,38.0,-1.0,0.13157894390581729,0.0,2.0,1
143.0,0.0,0.0,0.003,0.0,0.0,0.0,64.0,0.6,26.0,11.6,85.0,73.0,158.0,7.0,0.0,146.0,145.0,147.0,2.0,1,85.0,-2.0,0.08235294020761247,0.0,2.0,1
143.0,0.0,0.0,0.002,0.0,0.0,0.0,65.0,0.5,0.0,9.2,23.0,129.0,152.0,2.0,0.0,143.0,143.0,145.0,1.0,0,23.0,-2.0,0.08695651795841226,0.0,2.0,1
143.0,0.0,0.0,0.002,0.0,0.0,0.0,65.0,0.6,7.0,12.9,29.0,129.0,158.0,4.0,0.0,150.0,145.0,146.0,5.0,0,29.0,-1.0,0.13793102972651622,0.0,2.0,1
156.0,0.0,0.002,0.005,0.0,0.0,0.0,53.0,0.6,6.0,10.8,27.0,141.0,168.0,2.0,0.0,163.0,159.0,161.0,2.0,1,27.0,-2.0,0.07407407133058995,0.0,1.0,0
156.0,0.0,0.001,0.005,0.0,0.0,0.0,53.0,0.8,3.0,19.7,91.0,102.0,193.0,3.0,0.0,161.0,159.0,161.0,3.0,0,91.0,-2.0,0.03296703260475788,0.0,1.0,0
120.0,0.013,0.006,0.003,0.0,0.0,0.0,40.0,1.3,0.0,7.1,89.0,68.0,157.0,5.0,0.0,133.0,134.0,136.0,9.0,1,89.0,-2.0,0.056179774649665455,0.0,1.0,0
121.0,0.012,0.007500000000000001,0.001,0.0,0.0,0.0,39.0,1.3,0.0,6.6,98.0,102.0,200.0,7.0,0.0,133.0,131.0,132.0,8.0,-1,98.0,-1.0,0.07142857069970847,0.0,1.0,0
121.0,0.011,0.007,0.001,0.0,0.0,0.0,39.0,1.3,0.0,6.9,132.0,68.0,200.0,8.0,0.0,133.0,132.0,134.0,8.0,0,132.0,-2.0,0.06060606014692379,0.0,1.0,0
121.0,0.011,0.005,0.002,0.0,0.0,0.0,39.0,1.2,0.0,7.5,86.0,68.0,154.0,7.0,0.0,133.0,133.0,135.0,8.0,1,86.0,-2.0,0.08139534789075177,0.0,1.0,0
125.0,0.008,0.0,0.0,0.0,0.0,0.0,41.0,1.2,0.0,11.4,63.0,98.0,161.0,4.0,0.0,138.0,135.0,137.0,6.0,0,63.0,-2.0,0.06349206248425297,0.0,1.0,0
125.0,0.011,0.0,0.0,0.0,0.0,0.0,37.0,1.6,0.0,12.2,126.0,68.0,194.0,3.0,0.0,127.0,133.0,134.0,12.0,0,126.0,-1.0,0.023809523620559336,0.0,1.0,0
125.0,0.007,0.0,0.0,0.0,0.0,0.0,44.0,0.9,0.0,7.7,38.0,118.0,156.0,3.0,0.0,138.0,137.0,139.0,3.0,0,38.0,-2.0,0.07894736634349037,0.0,1.0,0
151.0,0.0,0.0,0.006,0.006,0.0,0.0,63.0,1.3,21.0,8.2,150.0,50.0,200.0,8.0,0.0,156.0,149.0,156.0,44.0,1,150.0,-7.0,0.05333333297777778,0.0,2.0,1
151.0,0.0,0.0,0.008,0.005,0.0,0.0,60.0,0.9,17.0,3.4,124.0,50.0,174.0,8.0,0.0,156.0,148.0,155.0,37.0,1,124.0,-7.0,0.06451612851196671,0.0,2.0,1
151.0,0.0,0.0,0.006,0.006,0.0,0.0,64.0,1.1,26.0,3.0,150.0,50.0,200.0,11.0,0.0,156.0,150.0,156.0,38.0,1,150.0,-6.0,0.07333333284444445,0.0,2.0,1
151.0,0.0,0.0,0.008,0.005,0.0,0.0,61.0,1.3,15.0,10.5,150.0,50.0,200.0,8.0,0.0,156.0,148.0,155.0,42.0,1,150.0,-7.0,0.05333333297777778,0.0,2.0,1
151.0,0.0,0.0,0.006,0.004,0.0,0.0,57.0,2.6,16.0,20.1,149.0,51.0,200.0,12.0,0.0,156.0,150.0,157.0,56.0,1,149.0,-7.0,0.08053691221116166,0.0,2.0,1
151.0,0.0,0.0,0.006,0.006,0.0,0.0,53.0,2.9,3.0,20.1,149.0,51.0,200.0,11.0,0.0,156.0,147.0,155.0,57.0,1,149.0,-8.0,0.07382550286023153,0.0,2.0,1
142.0,0.001,0.003,0.001,0.002,0.0,0.0,55.0,1.3,10.0,15.5,115.0,52.0,167.0,12.0,0.0,148.0,143.0,147.0,17.0,1,115.0,-4.0,0.10434782517958413,0.0,1.0,0
142.0,0.001,0.003,0.001,0.002,0.0,0.0,55.0,1.3,10.0,10.0,115.0,52.0,167.0,12.0,0.0,148.0,142.0,147.0,20.0,1,115.0,-5.0,0.10434782517958413,0.0,1.0,0
144.0,0.0,0.003,0.0,0.001,0.0,0.0,60.0,0.6,7.0,8.5,110.0,57.0,167.0,3.0,0.0,144.0,149.0,149.0,10.0,1,110.0,0.0,0.02727272702479339,0.0,2.0,1
144.0,0.0,0.003,0.0,0.0,0.0,0.0,61.0,0.4,8.0,6.7,16.0,140.0,156.0,0.0,0.0,148.0,147.0,149.0,0.0,0,16.0,-2.0,0.0,0.0,2.0,1
144.0,0.0,0.003,0.0,0.0,0.0,0.0,58.0,0.5,5.0,7.8,26.0,141.0,167.0,1.0,0.0,147.0,151.0,151.0,6.0,-1,26.0,0.0,0.03846153698224858,0.0,2.0,1
142.0,0.0,0.004,0.0,0.0,0.0,0.0,68.0,0.3,27.5,6.7,15.0,136.0,151.0,1.0,0.0,142.0,142.0,143.0,0.0,0,15.0,-1.0,0.06666666222222252,0.0,2.0,1
142.0,0.0,0.006,0.0,0.0,0.0,0.0,69.0,0.3,27.5,6.5,14.0,137.0,151.0,1.0,0.0,142.0,142.0,143.0,0.0,0,14.0,-1.0,0.07142856632653098,0.0,2.0,1
142.0,0.0,0.004,0.0,0.0,0.0,0.0,68.0,0.3,27.5,6.7,15.0,136.0,151.0,1.0,0.0,142.0,142.0,143.0,0.0,0,15.0,-1.0,0.06666666222222252,0.0,2.0,1
135.0,0.004,0.003,0.0,0.0,0.0,0.0,59.0,0.5,13.0,6.6,95.0,70.0,165.0,5.0,0.0,142.0,141.0,143.0,2.0,1,95.0,-2.0,0.05263157839335181,0.0,1.0,0
135.0,0.001,0.002,0.0,0.0,0.0,0.0,58.0,0.6,15.0,8.0,95.0,70.0,165.0,5.0,0.0,139.0,140.0,141.0,2.0,1,95.0,-1.0,0.05263157839335181,0.0,1.0,0
135.0,0.0,0.003,0.0,0.0,0.0,0.0,59.0,0.5,16.0,8.5,40.0,113.0,153.0,4.0,0.0,139.0,139.0,140.0,1.0,0,40.0,-1.0,0.09999999750000006,0.0,1.0,0
135.0,0.007,0.003,0.0,0.0,0.0,0.0,58.0,0.6,3.0,3.9,95.0,70.0,165.0,5.0,0.0,142.0,143.0,144.0,2.0,1,95.0,-1.0,0.05263157839335181,0.0,1.0,0
127.0,0.01,0.006,0.004,0.0,0.0,0.0,43.0,1.9,0.0,18.5,124.0,60.0,184.0,10.0,0.0,133.0,137.0,138.0,16.0,0,124.0,-1.0,0.08064516063995839,0.0,1.0,0
133.0,0.0,0.003,0.002,0.0,0.0,0.0,55.0,0.5,16.0,9.2,22.0,125.0,147.0,1.0,0.0,137.0,136.0,137.0,1.0,0,22.0,-1.0,0.045454543388429844,0.0,1.0,0
133.0,0.0,0.003,0.003,0.0,0.0,0.0,58.0,0.5,17.0,8.9,22.0,125.0,147.0,2.0,0.0,136.0,136.0,137.0,1.0,0,22.0,-1.0,0.09090908677685969,0.0,1.0,0
133.0,0.0,0.004,0.001,0.0,0.0,0.0,53.0,0.6,13.0,9.9,22.0,125.0,147.0,2.0,0.0,137.0,136.0,137.0,1.0,0,22.0,-1.0,0.09090908677685969,0.0,1.0,0
131.0,0.007,0.007500000000000001,0.005,0.001,0.0,0.0,34.0,2.2,0.0,19.0,107.0,52.0,159.0,2.0,0.0,133.0,135.0,137.0,22.0,1,107.0,-2.0,0.018691588610358984,0.0,1.0,0
141.0,0.006,0.0,0.001,0.0,0.0,0.0,42.0,1.8,0.0,15.5,116.0,70.0,186.0,8.0,0.0,153.0,151.0,152.0,14.0,1,116.0,-1.0,0.068965516646849,0.0,1.0,0
141.0,0.004,0.0,0.0,0.0,0.0,0.0,45.0,1.1,0.0,16.1,100.0,70.0,170.0,1.0,0.0,153.0,151.0,152.0,7.0,1,100.0,-1.0,0.0099999999,0.0,1.0,0
141.0,0.008,0.0,0.002,0.0,0.0,0.0,46.0,0.8,4.0,10.2,98.0,69.0,167.0,3.0,0.0,143.0,146.0,146.0,6.0,1,98.0,0.0,0.03061224458558934,0.0,1.0,0
120.0,0.003,0.002,0.002,0.0,0.0,0.0,62.0,0.4,13.0,7.9,35.0,106.0,141.0,2.0,0.0,120.0,122.0,122.0,3.0,0,35.0,0.0,0.057142855510204135,0.0,1.0,0
120.0,0.0,0.002,0.0,0.0,0.0,0.0,69.0,0.3,21.0,7.0,19.0,114.0,133.0,2.0,0.0,120.0,120.0,121.0,0.0,-1,19.0,-1.0,0.10526315235457093,0.0,2.0,1
120.0,0.004,0.001,0.003,0.0,0.0,0.0,56.0,0.5,0.0,8.8,35.0,106.0,141.0,1.0,0.0,125.0,125.0,126.0,3.0,0,35.0,-1.0,0.028571427755102068,0.0,1.0,0
120.0,0.006,0.001,0.001,0.0,0.0,0.0,51.0,1.3,3.0,11.1,113.0,59.0,172.0,12.0,0.0,117.0,127.0,129.0,23.0,0,113.0,-2.0,0.10619468932571072,0.0,1.0,0
120.0,0.003,0.0,0.002,0.0,0.0,0.0,53.0,0.8,3.0,10.1,93.0,71.0,164.0,7.0,0.0,117.0,127.0,128.0,21.0,0,93.0,-1.0,0.07526881639495897,0.0,1.0,0
144.0,0.0,0.002,0.001,0.001,0.0,0.0,78.0,0.6,23.0,11.0,126.0,74.0,200.0,5.0,0.0,146.0,145.0,147.0,3.0,0,126.0,-2.0,0.03968253936759889,0.0,2.0,1
144.0,0.0,0.001,0.001,0.0,0.0,0.0,83.0,0.3,27.5,5.8,38.0,132.0,170.0,2.0,0.0,144.0,144.0,145.0,0.0,-1,38.0,-1.0,0.05263157756232691,0.0,3.0,2
144.0,0.0,0.002,0.002,0.0,0.0,0.0,84.0,0.3,27.5,5.7,38.0,132.0,170.0,2.0,0.0,144.0,143.0,145.0,0.0,-1,38.0,-2.0,0.05263157756232691,0.0,3.0,2
144.0,0.0,0.002,0.002,0.0,0.0,0.0,84.0,0.3,27.5,5.5,38.0,132.0,170.0,2.0,0.0,144.0,143.0,145.0,0.0,-1,38.0,-2.0,0.05263157756232691,0.0,3.0,2
151.0,0.0,0.002,0.0,0.0,0.0,0.0,81.0,0.4,27.5,6.6,34.0,130.0,164.0,2.0,0.0,152.0,152.0,153.0,1.0,0,34.0,-1.0,0.05882352768166096,0.0,3.0,2
151.0,0.0,0.002,0.0,0.0,0.0,0.0,81.0,0.4,27.5,6.4,30.0,130.0,160.0,2.0,0.0,152.0,151.0,153.0,1.0,1,30.0,-2.0,0.06666666444444451,0.0,3.0,2
150.0,0.0,0.004,0.0,0.0,0.0,0.0,82.0,0.4,27.5,5.2,12.0,148.0,160.0,0.0,0.0,152.0,154.0,155.0,1.0,0,12.0,-1.0,0.0,0.0,3.0,2
150.0,0.0,0.0,0.001,0.0,0.0,0.0,81.0,0.4,17.0,7.1,44.0,130.0,174.0,2.0,0.0,152.0,150.0,151.0,1.0,0,44.0,-1.0,0.04545454442148763,0.0,3.0,2
150.0,0.0,0.003,0.0,0.0,0.0,0.0,80.0,0.4,24.0,8.5,52.0,124.0,176.0,1.0,0.0,150.0,152.0,153.0,2.0,0,52.0,-1.0,0.019230768860946754,0.0,3.0,2
150.0,0.0,0.001,0.0,0.0,0.0,0.0,84.0,0.3,27.5,6.2,20.0,136.0,156.0,0.0,0.0,150.0,150.0,151.0,1.0,1,20.0,-1.0,0.0,0.0,3.0,2
150.0,0.0,0.002,0.0,0.0,0.0,0.0,84.0,0.3,27.5,5.2,16.0,140.0,156.0,0.0,0.0,150.0,150.0,151.0,0.0,0,16.0,-1.0,0.0,0.0,3.0,2
145.0,0.0,0.0,0.001,0.001,0.0,0.0,62.0,0.5,8.0,10.1,87.0,70.0,157.0,1.0,0.0,148.0,145.0,148.0,4.0,1,87.0,-3.0,0.01149425274144537,0.0,2.0,1
145.0,0.0,0.0,0.0,0.0,0.0,0.0,66.0,0.4,9.0,7.7,22.0,135.0,157.0,1.0,0.0,148.0,148.0,149.0,0.0,0,22.0,-1.0,0.045454543388429844,0.0,2.0,1
145.0,0.0,0.0,0.001,0.001,0.0,0.0,60.0,0.5,5.0,7.5,46.0,111.0,157.0,1.0,0.0,148.0,146.0,148.0,4.0,1,46.0,-2.0,0.02173912996219283,0.0,2.0,1
145.0,0.0,0.0,0.0,0.002,0.0,0.0,57.0,0.5,0.0,7.3,46.0,111.0,157.0,1.0,0.0,150.0,146.0,149.0,6.0,1,46.0,-3.0,0.02173912996219283,0.0,1.0,0
140.0,0.0,0.0,0.001,0.0,0.0,0.0,60.0,0.8,27.5,11.2,120.0,79.0,199.0,9.0,0.0,141.0,141.0,142.0,3.0,0,120.0,-1.0,0.074999999375,0.0,2.0,1
140.0,0.0,0.0,0.0,0.0,0.0,0.0,64.0,0.5,27.5,7.6,76.0,84.0,160.0,5.0,0.0,141.0,140.0,142.0,1.0,1,76.0,-2.0,0.06578947281855957,0.0,2.0,1
139.0,0.002,0.007,0.0,0.0,0.0,0.0,55.0,0.8,8.0,8.9,63.0,127.0,190.0,7.0,0.0,144.0,146.0,147.0,4.0,-1,63.0,-1.0,0.11111110934744271,0.0,2.0,1
139.0,0.001,0.007500000000000001,0.0,0.0,0.0,0.0,54.0,0.9,3.0,9.4,121.0,55.0,176.0,6.0,0.0,154.0,147.0,148.0,9.0,1,121.0,-1.0,0.049586776449696064,0.0,2.0,1
143.0,0.0,0.002,0.001,0.0,0.0,0.0,61.0,0.6,17.0,14.4,84.0,74.0,158.0,10.0,0.0,145.0,144.0,146.0,3.0,1,84.0,-2.0,0.1190476176303855,0.0,2.0,1
143.0,0.0,0.001,0.0,0.0,0.0,0.0,64.0,0.4,19.0,6.5,17.0,137.0,154.0,2.0,0.0,144.0,144.0,145.0,0.0,0,17.0,-1.0,0.11764705190311459,0.0,2.0,1
127.0,0.008,0.003,0.0,0.001,0.0,0.0,35.0,1.2,0.0,5.1,119.0,62.0,181.0,6.0,0.0,133.0,138.0,134.0,27.0,0,119.0,4.0,0.050420167643528004,0.0,1.0,0
127.0,0.009,0.005,0.0,0.0,0.0,0.0,35.0,1.2,0.0,3.1,120.0,62.0,182.0,6.0,0.0,133.0,139.0,135.0,26.0,0,120.0,4.0,0.049999999583333336,0.0,1.0,0
127.0,0.006,0.0,0.0,0.002,0.0,0.0,33.0,1.3,0.0,6.9,96.0,79.0,175.0,4.0,0.0,129.0,135.0,133.0,27.0,0,96.0,2.0,0.04166666623263889,0.0,1.0,0
127.0,0.01,0.003,0.0,0.0,0.0,0.0,34.0,1.2,0.0,3.6,119.0,62.0,181.0,6.0,0.0,133.0,139.0,135.0,26.0,0,119.0,4.0,0.050420167643528004,0.0,1.0,0
120.0,0.011,0.007500000000000001,0.001,0.0,0.0,0.0,35.0,2.4,0.0,11.4,121.0,55.0,176.0,10.0,0.0,167.0,149.0,157.0,57.0,1,121.0,-8.0,0.0826446274161601,0.0,1.0,0
120.0,0.011,0.007500000000000001,0.0,0.0,0.0,0.0,33.0,2.7,0.0,10.4,142.0,51.0,193.0,9.0,0.0,167.0,148.0,156.0,57.0,1,142.0,-8.0,0.06338028124380084,0.0,1.0,0
120.0,0.012,0.007500000000000001,0.001,0.0,0.0,0.0,36.0,2.1,0.0,0.9,140.0,53.0,193.0,12.0,0.0,167.0,151.0,158.0,56.0,1,140.0,-7.0,0.08571428510204082,0.0,1.0,0
120.0,0.009,0.007500000000000001,0.002,0.0,0.0,0.0,36.0,1.8,0.0,10.9,124.0,53.0,177.0,6.0,0.0,163.0,152.0,160.0,42.0,1,124.0,-8.0,0.04838709638397503,0.0,1.0,0
127.0,0.014,0.007500000000000001,0.002,0.0,0.0,0.0,35.0,2.2,0.0,5.7,113.0,61.0,174.0,12.0,0.0,133.0,143.0,143.0,39.0,1,113.0,0.0,0.10619468932571072,0.0,1.0,0
127.0,0.011,0.007500000000000001,0.002,0.0,0.0,0.0,38.0,1.4,0.0,7.2,113.0,61.0,174.0,6.0,0.0,129.0,144.0,141.0,45.0,1,113.0,3.0,0.05309734466285536,0.0,1.0,0
130.0,0.014,0.007500000000000001,0.001,0.0,0.0,0.0,32.0,2.4,0.0,9.5,120.0,50.0,170.0,10.0,0.0,159.0,150.0,155.0,27.0,1,120.0,-5.0,0.0833333326388889,0.0,1.0,0
130.0,0.015000000000000001,0.007500000000000001,0.002,0.0,0.0,0.0,34.0,2.1,0.0,3.0,132.0,50.0,182.0,8.0,0.0,159.0,151.0,155.0,25.0,1,132.0,-4.0,0.06060606014692379,0.0,1.0,0
130.0,0.015,0.007500000000000001,0.0,0.0,0.0,0.0,31.0,2.6,0.0,14.0,120.0,50.0,170.0,12.0,0.0,157.0,151.0,156.0,24.0,1,120.0,-5.0,0.09999999916666667,0.0,1.0,0
130.0,0.014,0.007500000000000001,0.001,0.0,0.0,0.0,34.0,2.1,0.0,5.6,132.0,50.0,182.0,10.0,0.0,159.0,150.0,155.0,26.0,1,132.0,-5.0,0.07575757518365474,0.0,1.0,0
131.0,0.014,0.007500000000000001,0.001,0.0,0.0,0.0,29.0,3.2,0.0,4.8,120.0,51.0,171.0,11.0,0.0,150.0,144.0,151.0,33.0,1,120.0,-7.0,0.09166666590277779,0.0,1.0,0
131.0,0.015,0.007500000000000001,0.001,0.0,0.0,0.0,31.0,3.2,0.0,7.1,133.0,53.0,186.0,10.0,0.0,150.0,144.0,149.0,25.0,1,133.0,-5.0,0.07518796935948896,0.0,1.0,0
130.0,0.008,0.007500000000000001,0.004,0.0,0.0,0.0,36.0,1.9,0.0,20.1,118.0,54.0,172.0,6.0,0.0,154.0,148.0,154.0,26.0,1,118.0,-6.0,0.05084745719620799,0.0,1.0,0
130.0,0.008,0.007500000000000001,0.006,0.0,0.0,0.0,34.0,2.1,0.0,17.2,118.0,52.0,170.0,5.0,0.0,159.0,146.0,151.0,39.0,1,118.0,-5.0,0.042372880996839994,0.0,1.0,0
128.0,0.008,0.007500000000000001,0.004,0.0,0.0,0.0,40.0,1.1,0.0,12.7,123.0,59.0,182.0,7.0,0.0,129.0,139.0,136.0,25.0,0,123.0,3.0,0.056910568643003506,0.0,1.0,0
128.0,0.006,0.007500000000000001,0.004,0.0,0.0,0.0,39.0,1.2,0.0,12.8,123.0,59.0,182.0,8.0,0.0,129.0,138.0,135.0,25.0,0,123.0,3.0,0.06504064987771829,0.0,1.0,0
157.0,0.008,0.003,0.002,0.0,0.0,0.0,49.0,0.7,0.0,4.9,39.0,153.0,192.0,0.0,0.0,163.0,166.0,166.0,6.0,-1,39.0,0.0,0.0,0.0,1.0,0
157.0,0.006,0.004,0.002,0.0,0.0,0.0,50.0,0.6,0.0,5.6,39.0,153.0,192.0,1.0,0.0,165.0,166.0,166.0,4.0,-1,39.0,0.0,0.025641024983563465,0.0,1.0,0
157.0,0.009,0.004,0.001,0.0,0.0,0.0,48.0,0.7,0.0,5.3,39.0,153.0,192.0,1.0,0.0,163.0,167.0,166.0,6.0,-1,39.0,1.0,0.025641024983563465,0.0,1.0,0
157.0,0.008,0.0,0.003,0.0,0.0,0.0,49.0,0.7,0.0,3.3,38.0,154.0,192.0,2.0,0.0,161.0,167.0,166.0,9.0,-1,38.0,1.0,0.05263157756232691,0.0,1.0,0
154.0,0.006,0.002,0.003,0.0,0.0,0.0,48.0,0.7,0.0,7.4,66.0,123.0,189.0,3.0,0.0,161.0,164.0,164.0,8.0,0,66.0,0.0,0.04545454476584023,0.0,1.0,0
154.0,0.007,0.001,0.002,0.0,0.0,0.0,45.0,0.8,0.0,3.5,47.0,142.0,189.0,2.0,0.0,161.0,166.0,165.0,10.0,0,47.0,1.0,0.04255319058397467,0.0,1.0,0
154.0,0.003,0.003,0.003,0.0,0.0,0.0,56.0,0.6,1.0,9.2,31.0,140.0,171.0,1.0,0.0,161.0,160.0,162.0,2.0,1,31.0,-2.0,0.032258063475546335,0.0,1.0,0
154.0,0.003,0.0,0.0,0.0,0.0,0.0,56.0,0.6,0.0,5.4,26.0,153.0,179.0,1.0,0.0,161.0,161.0,162.0,1.0,-1,26.0,-1.0,0.03846153698224858,0.0,2.0,1
130.0,0.008,0.007500000000000001,0.005,0.0,0.0,0.0,43.0,1.0,0.0,5.1,88.0,71.0,159.0,5.0,0.0,133.0,142.0,142.0,17.0,1,88.0,0.0,0.05681818117252067,0.0,1.0,0
130.0,0.006,0.007500000000000001,0.004,0.0,0.0,0.0,46.0,0.8,0.0,6.9,88.0,71.0,159.0,3.0,0.0,133.0,141.0,139.0,15.0,1,88.0,2.0,0.034090908703512404,0.0,1.0,0
130.0,0.009,0.007500000000000001,0.005,0.0,0.0,0.0,42.0,1.0,0.0,3.7,105.0,76.0,181.0,3.0,0.0,133.0,141.0,140.0,15.0,0,105.0,1.0,0.02857142829931973,0.0,1.0,0
130.0,0.009,0.007500000000000001,0.004,0.0,0.0,0.0,43.0,1.0,0.0,4.1,110.0,71.0,181.0,3.0,0.0,153.0,143.0,146.0,17.0,1,110.0,-3.0,0.02727272702479339,0.0,1.0,0
126.0,0.005,0.007500000000000001,0.004,0.0,0.0,0.0,41.0,1.3,2.0,10.7,127.0,66.0,193.0,9.0,0.0,129.0,133.0,133.0,11.0,0,127.0,0.0,0.07086614117428236,0.0,1.0,0
126.0,0.008,0.007500000000000001,0.005,0.0,0.0,0.0,42.0,1.5,0.0,7.8,147.0,51.0,198.0,9.0,0.0,133.0,136.0,134.0,13.0,0,147.0,2.0,0.06122448937942524,0.0,1.0,0
126.0,0.002,0.005,0.003,0.0,0.0,0.0,40.0,1.1,4.0,12.5,86.0,66.0,152.0,3.0,0.0,129.0,129.0,131.0,3.0,1,86.0,-2.0,0.0348837205246079,0.0,1.0,0
126.0,0.0,0.0,0.0,0.0,0.0,0.0,40.0,1.1,5.0,10.1,27.0,120.0,147.0,1.0,0.0,129.0,129.0,130.0,1.0,0,27.0,-1.0,0.037037035665294975,0.0,1.0,0
158.0,0.008,0.007500000000000001,0.002,0.0,0.0,0.0,41.0,0.9,0.0,13.2,47.0,151.0,198.0,4.0,0.0,176.5,175.0,176.5,15.0,0,47.0,-1.5,0.08510638116794934,0.0,1.0,0
158.0,0.01,0.007500000000000001,0.003,0.0,0.0,0.0,41.0,0.8,0.0,0.0,45.0,153.0,198.0,2.0,0.0,176.5,175.0,176.5,11.0,1,45.0,-1.5,0.04444444345679015,0.0,1.0,0
158.0,0.01,0.007500000000000001,0.003,0.0,0.0,0.0,40.0,0.9,0.0,0.0,40.0,158.0,198.0,1.0,0.0,176.5,175.0,176.5,9.0,1,40.0,-1.5,0.024999999375000016,0.0,1.0,0
158.0,0.012,0.007500000000000001,0.0,0.0,0.0,0.0,42.0,0.9,0.0,2.8,43.0,151.0,194.0,2.0,0.0,176.5,175.0,176.5,10.0,0,43.0,-1.5,0.04651162682531101,0.0,1.0,0
142.0,0.015,0.007500000000000001,0.002,0.001,0.0,0.0,36.0,1.9,0.0,2.5,148.0,51.0,199.0,12.0,0.0,176.5,164.0,171.0,53.0,1,148.0,-7.0,0.08108108053323594,0.0,1.0,0
142.0,0.014,0.007500000000000001,0.003,0.0,0.0,0.0,38.0,1.3,0.0,0.0,62.0,127.0,189.0,8.0,0.0,176.5,171.0,176.0,22.0,1,62.0,-5.0,0.12903225598335072,0.0,1.0,0
142.0,0.013,0.007500000000000001,0.002,0.0,0.0,0.0,38.0,1.1,0.0,0.0,76.0,112.0,188.0,2.0,0.0,176.0,173.0,176.0,11.0,1,76.0,-3.0,0.026315789127423828,0.0,1.0,0
142.0,0.015000000000000001,0.007500000000000001,0.0,0.0,0.0,0.0,32.0,2.3,0.0,0.0,144.0,56.0,200.0,10.0,0.0,170.0,158.0,162.0,37.0,1,144.0,-4.0,0.06944444396219136,0.0,1.0,0
142.0,0.015000000000000001,0.007500000000000001,0.0,0.002,0.0,0.0,32.0,3.1,0.0,1.6,149.0,51.0,200.0,10.0,0.0,167.0,154.0,160.0,55.0,1,149.0,-6.0,0.06711409350930139,0.0,1.0,0
142.0,0.015000000000000001,0.007500000000000001,0.004,0.0,0.0,0.0,38.0,1.3,0.0,0.0,130.0,68.0,198.0,5.0,0.0,176.5,173.0,176.5,14.0,1,130.0,-3.5,0.03846153816568048,0.0,1.0,0
137.0,0.003,0.002,0.0,0.0,0.0,0.0,59.0,0.8,24.0,13.4,97.0,70.0,167.0,8.0,0.0,143.0,144.0,145.0,5.0,1,97.0,-1.0,0.08247422595387396,0.0,1.0,0
137.0,0.0,0.001,0.0,0.0,0.0,0.0,60.0,0.6,22.0,13.1,96.0,71.0,167.0,3.0,0.0,143.0,144.0,144.0,3.0,1,96.0,0.0,0.03124999967447917,0.0,2.0,1
137.0,0.0,0.0,0.0,0.0,0.0,0.0,63.0,0.5,27.5,7.5,96.0,71.0,167.0,3.0,0.0,143.0,141.0,143.0,1.0,1,96.0,-2.0,0.03124999967447917,0.0,2.0,1
138.0,0.001,0.001,0.0,0.0,0.0,0.0,52.0,1.0,18.0,14.8,102.0,74.0,176.0,8.0,0.0,142.0,141.0,143.0,3.0,1,102.0,-2.0,0.0784313717800846,0.0,1.0,0
138.0,0.001,0.001,0.0,0.0,0.0,0.0,55.0,0.7,22.0,6.7,102.0,74.0,176.0,4.0,0.0,142.0,141.0,142.0,1.0,0,102.0,-1.0,0.0392156858900423,0.0,1.0,0
143.0,0.0,0.001,0.0,0.0,0.0,0.0,65.0,0.6,27.5,14.9,93.0,72.0,165.0,4.0,0.0,144.0,144.0,146.0,3.0,1,93.0,-2.0,0.04301075222569084,0.0,2.0,1
143.0,0.0,0.0,0.0,0.0,0.0,0.0,66.0,0.5,27.5,13.5,93.0,72.0,165.0,4.0,0.0,144.0,144.0,146.0,2.0,1,93.0,-2.0,0.04301075222569084,0.0,2.0,1
143.0,0.0,0.0,0.0,0.0,0.0,0.0,65.0,0.5,24.0,10.4,111.0,56.0,167.0,4.0,0.0,143.0,144.0,145.0,1.0,1,111.0,-1.0,0.03603603571138707,0.0,2.0,1
145.0,0.007,0.001,0.001,0.0,0.0,0.0,51.0,0.8,0.0,8.7,92.0,74.0,166.0,4.0,0.0,159.0,155.0,157.0,5.0,1,92.0,-2.0,0.04347826039697543,0.0,1.0,0
145.0,0.003,0.003,0.0,0.0,0.0,0.0,54.0,0.6,0.0,6.6,21.0,145.0,166.0,0.0,0.0,157.0,156.0,158.0,1.0,0,21.0,-2.0,0.0,0.0,2.0,1
140.0,0.001,0.0,0.001,0.0,0.0,0.0,52.0,0.8,0.0,16.2,108.0,57.0,165.0,7.0,0.0,146.0,145.0,147.0,4.0,1,108.0,-2.0,0.06481481421467765,0.0,1.0,0
140.0,0.0,0.0,0.002,0.0,0.0,0.0,53.0,0.7,0.0,14.8,84.0,72.0,156.0,4.0,0.0,143.0,145.0,146.0,3.0,1,84.0,-1.0,0.0476190470521542,0.0,1.0,0
145.0,0.0,0.0,0.0,0.001,0.0,0.0,66.0,0.4,27.5,7.4,30.0,124.0,154.0,4.0,0.0,146.0,145.0,147.0,1.0,1,30.0,-2.0,0.13333332888888902,0.0,2.0,1
145.0,0.0,0.0,0.002,0.0,0.0,0.0,70.0,0.3,27.5,5.3,14.0,139.0,153.0,1.0,0.0,146.0,146.0,147.0,0.0,0,14.0,-1.0,0.07142856632653098,0.0,2.0,1
145.0,0.0,0.0,0.0,0.0,0.0,0.0,63.0,0.4,23.0,10.4,31.0,123.0,154.0,4.0,0.0,146.0,144.0,147.0,1.0,1,31.0,-3.0,0.12903225390218534,0.0,2.0,1
138.0,0.0,0.007500000000000001,0.005,0.002,0.0,0.0,59.0,0.5,26.0,4.9,54.0,100.0,154.0,5.0,0.0,147.0,145.0,148.0,3.0,1,54.0,-3.0,0.092592590877915,0.0,2.0,1
141.0,0.0,0.002,0.003,0.0,0.0,0.0,58.0,0.5,15.0,8.1,23.0,130.0,153.0,1.0,0.0,144.0,143.0,145.0,1.0,0,23.0,-2.0,0.04347825897920613,0.0,1.0,0
141.0,0.0,0.0,0.003,0.0,0.0,0.0,61.0,0.4,22.0,6.9,19.0,133.0,152.0,1.0,0.0,144.0,143.0,145.0,0.0,0,19.0,-2.0,0.05263157617728546,0.0,2.0,1
141.0,0.0,0.003,0.004,0.0,0.0,0.0,60.0,0.5,22.0,7.8,25.0,128.0,153.0,1.0,0.0,146.0,144.0,146.0,1.0,1,25.0,-2.0,0.03999999840000006,0.0,2.0,1
136.0,0.01,0.0,0.006,0.0,0.0,0.0,35.0,3.2,0.0,20.1,148.0,52.0,200.0,5.0,0.0,146.0,150.0,151.0,57.0,1,148.0,-1.0,0.03378378355551498,0.0,1.0,0
136.0,0.015000000000000001,0.0,0.004,0.0,0.0,0.0,35.0,3.2,0.0,5.2,148.0,52.0,200.0,11.0,0.0,146.0,159.0,162.0,57.0,1,148.0,-3.0,0.07432432382213294,0.0,1.0,0
140.0,0.003,0.0,0.008,0.003,0.0,0.0,35.0,3.2,0.0,20.1,126.0,50.0,176.0,10.0,0.0,148.0,143.0,148.0,43.0,1,126.0,-5.0,0.07936507873519778,0.0,1.0,0
140.0,0.0,0.0,0.008,0.006,0.0,0.0,35.0,3.2,0.0,20.1,127.0,50.0,177.0,9.0,0.0,143.0,137.0,143.0,27.0,1,127.0,-6.0,0.07086614117428236,0.0,1.0,0
140.0,0.006,0.0,0.008,0.0,0.0,0.0,38.0,3.2,0.0,20.1,149.0,50.0,199.0,8.0,0.0,148.0,148.0,151.0,43.0,1,149.0,-3.0,0.05369127480744111,0.0,1.0,0
140.0,0.003,0.0,0.008,0.004,0.0,0.0,38.0,3.2,0.0,20.1,127.0,50.0,177.0,5.0,0.0,143.0,141.0,145.0,25.0,1,127.0,-4.0,0.039370078430156864,0.0,1.0,0
130.0,0.003,0.0,0.003,0.002,0.0,0.0,40.0,2.9,0.0,20.1,144.0,51.0,195.0,6.0,0.0,133.0,134.0,138.0,27.0,0,144.0,-4.0,0.041666666377314816,0.0,1.0,0
130.0,0.005,0.0,0.005,0.003,0.0,0.0,36.0,2.5,0.0,8.7,144.0,51.0,195.0,7.0,0.0,133.0,134.0,134.0,38.0,0,144.0,0.0,0.04861111077353395,0.0,1.0,0
130.0,0.004,0.0,0.004,0.004,0.0,0.0,35.0,2.8,0.0,11.6,144.0,51.0,195.0,8.0,0.0,127.0,133.0,131.0,53.0,0,144.0,2.0,0.05555555516975309,0.0,1.0,0
130.0,0.0,0.0,0.0,0.007,0.0,0.0,37.0,1.8,0.0,3.0,90.0,58.0,148.0,4.0,0.0,127.0,121.0,126.0,21.0,1,90.0,-5.0,0.04444444395061729,0.0,1.0,0
128.0,0.001,0.0,0.01,0.003,0.0,0.0,37.0,2.8,0.0,16.0,136.0,55.0,191.0,9.0,0.0,129.0,130.0,129.0,37.0,0,136.0,1.0,0.0661764701016436,0.0,1.0,0
128.0,0.0,0.0,0.01,0.005,0.0,0.0,46.0,2.1,0.0,11.6,114.0,50.0,164.0,8.0,0.0,129.0,123.0,128.0,17.0,1,114.0,-5.0,0.07017543798091722,0.0,1.0,0
128.0,0.002,0.0,0.012,0.003,0.0,0.0,30.0,3.1,0.0,14.9,141.0,50.0,191.0,10.0,0.0,125.0,133.0,128.0,57.0,0,141.0,5.0,0.07092198531261003,0.0,1.0,0
128.0,0.002,0.0,0.011,0.002,0.0,0.0,28.0,3.2,0.0,20.0,137.0,54.0,191.0,9.0,0.0,125.0,137.0,130.0,57.0,0,137.0,7.0,0.06569343017742021,0.0,1.0,0
128.0,0.007,0.0,0.005,0.003,0.0,0.0,45.0,2.8,2.0,10.4,128.0,51.0,179.0,9.0,0.0,133.0,132.0,135.0,24.0,0,128.0,-3.0,0.0703124994506836,0.0,1.0,0
128.0,0.007,0.0,0.004,0.005,0.0,0.0,43.0,2.5,0.0,3.9,149.0,50.0,199.0,11.0,0.0,133.0,130.0,133.0,21.0,0,149.0,-3.0,0.07382550286023153,0.0,1.0,0
128.0,0.007,0.0,0.007,0.003,0.0,0.0,50.0,1.9,4.0,5.9,141.0,51.0,192.0,8.0,0.0,133.0,133.0,136.0,15.0,0,141.0,-3.0,0.056737588250088025,0.0,1.0,0
128.0,0.008,0.0,0.008,0.006,0.0,0.0,42.0,2.4,0.0,4.5,149.0,50.0,199.0,12.0,0.0,133.0,130.0,133.0,24.0,0,149.0,-3.0,0.08053691221116166,0.0,1.0,0
128.0,0.007,0.0,0.008,0.005,0.0,0.0,36.0,3.2,0.0,15.2,145.0,53.0,198.0,6.0,0.0,133.0,136.0,134.0,57.0,0,145.0,2.0,0.041379310059453035,0.0,1.0,0
128.0,0.001,0.0,0.007,0.006,0.0,0.0,39.0,2.7,0.0,18.9,128.0,51.0,179.0,6.0,0.0,133.0,125.0,130.0,24.0,0,128.0,-5.0,0.04687499963378906,0.0,1.0,0
128.0,0.007,0.0,0.006,0.004,0.0,0.0,36.0,3.2,0.0,20.1,148.0,51.0,199.0,7.0,0.0,133.0,141.0,136.0,57.0,0,148.0,5.0,0.04729729697772097,0.0,1.0,0
128.0,0.007,0.0,0.007,0.004,0.0,0.0,36.0,3.2,0.0,18.5,145.0,53.0,198.0,7.0,0.0,133.0,139.0,135.0,57.0,0,145.0,4.0,0.04827586173602854,0.0,1.0,0
128.0,0.009,0.0,0.007,0.002,0.0,0.0,37.0,3.2,0.0,20.1,147.0,52.0,199.0,7.0,0.0,133.0,147.0,140.0,57.0,0,147.0,7.0,0.047619047295108526,0.0,1.0,0
128.0,0.013,0.0,0.003,0.003,0.0,0.0,34.0,3.2,0.0,16.0,147.0,52.0,199.0,7.0,0.0,133.0,155.0,163.0,57.0,1,147.0,-8.0,0.047619047295108526,0.0,1.0,0
128.0,0.0,0.0,0.008,0.007,0.0,0.0,38.0,2.6,0.0,14.8,128.0,51.0,179.0,5.0,0.0,133.0,124.0,129.0,25.0,0,128.0,-5.0,0.03906249969482422,0.0,1.0,0
128.0,0.003,0.0,0.007,0.005,0.0,0.0,39.0,2.6,0.0,17.1,128.0,51.0,179.0,7.0,0.0,133.0,126.0,132.0,22.0,0,128.0,-6.0,0.05468749957275391,0.0,1.0,0
136.0,0.004,0.001,0.0,0.001,0.0,0.0,69.0,0.8,0.0,17.2,126.0,54.0,180.0,5.0,0.0,140.0,139.0,141.0,7.0,1,126.0,-2.0,0.03968253936759889,0.0,1.0,0
120.0,0.003,0.007500000000000001,0.004,0.0,0.0,0.0,41.0,1.1,0.0,9.2,71.0,105.0,176.0,6.0,0.0,123.0,131.0,127.0,30.0,-1,71.0,4.0,0.08450704106328112,0.0,1.0,0
120.0,0.0,0.0,0.003,0.0,0.0,0.0,45.0,0.8,0.0,11.2,27.0,109.0,136.0,2.0,0.0,123.0,124.0,126.0,2.0,0,27.0,-2.0,0.07407407133058995,0.0,1.0,0
120.0,0.003,0.0,0.003,0.0,0.0,0.0,37.0,1.1,0.0,9.6,25.0,112.0,137.0,1.0,0.0,127.0,127.0,129.0,2.0,0,25.0,-2.0,0.03999999840000006,0.0,1.0,0
120.0,0.003,0.007500000000000001,0.004,0.0,0.0,0.0,41.0,1.1,0.0,9.9,67.0,105.0,172.0,4.0,0.0,123.0,127.0,126.0,16.0,-1,67.0,1.0,0.0597014916462464,0.0,1.0,0
120.0,0.003,0.003,0.003,0.0,0.0,0.0,40.0,1.0,0.0,8.7,64.0,112.0,176.0,4.0,0.0,123.0,132.0,128.0,31.0,-1,64.0,4.0,0.062499999023437516,0.0,1.0,0
120.0,0.003,0.006,0.004,0.0,0.0,0.0,42.0,1.0,0.0,9.4,67.0,109.0,176.0,7.0,0.0,123.0,131.0,127.0,31.0,-1,67.0,4.0,0.10447761038093119,0.0,1.0,0
120.0,0.001,0.007500000000000001,0.003,0.001,0.0,0.0,42.0,1.1,0.0,12.9,116.0,54.0,170.0,10.0,0.0,115.0,118.0,117.0,14.0,0,116.0,1.0,0.08620689580856125,0.0,1.0,0
120.0,0.0,0.006,0.003,0.002,0.0,0.0,45.0,0.9,0.0,9.9,39.0,102.0,141.0,3.0,0.0,115.0,114.0,116.0,1.0,0,39.0,-2.0,0.0769230749506904,0.0,1.0,0
120.0,0.0,0.006,0.006,0.0,0.0,0.0,40.0,1.1,0.0,14.0,29.0,106.0,135.0,1.0,0.0,121.0,119.0,121.0,3.0,0,29.0,-2.0,0.034482757431629055,0.0,1.0,0
120.0,0.003,0.007500000000000001,0.004,0.0,0.0,0.0,36.0,1.5,0.0,13.5,112.0,62.0,174.0,6.0,0.0,119.0,129.0,125.0,42.0,0,112.0,4.0,0.05357142809311225,0.0,1.0,0
120.0,0.0,0.007500000000000001,0.004,0.0,0.0,0.0,38.0,1.3,0.0,15.8,59.0,103.0,162.0,6.0,0.0,119.0,118.0,120.0,4.0,-1,59.0,-2.0,0.10169491353059469,0.0,1.0,0
120.0,0.0,0.005,0.003,0.0,0.0,0.0,38.0,1.3,0.0,16.0,59.0,103.0,162.0,4.0,0.0,119.0,120.0,121.0,4.0,-1,59.0,-1.0,0.06779660902039646,0.0,1.0,0
120.0,0.006,0.007500000000000001,0.006,0.0,0.0,0.0,35.0,1.7,0.0,9.6,127.0,62.0,189.0,7.0,0.0,125.0,136.0,132.0,49.0,0,127.0,4.0,0.05511810980221961,0.0,1.0,0
120.0,0.006,0.007500000000000001,0.009,0.0,0.0,0.0,35.0,1.5,0.0,14.9,78.0,96.0,174.0,5.0,0.0,161.0,142.0,139.0,57.0,0,78.0,3.0,0.06410256328073637,0.0,1.0,0
120.0,0.008,0.007500000000000001,0.008,0.0,0.0,0.0,35.0,1.6,0.0,2.1,96.0,78.0,174.0,7.0,0.0,161.0,141.0,138.0,57.0,0,96.0,3.0,0.07291666590711807,0.0,1.0,0
120.0,0.004,0.007500000000000001,0.004,0.0,0.0,0.0,37.0,1.5,0.0,11.3,96.0,78.0,174.0,4.0,0.0,119.0,132.0,128.0,51.0,0,96.0,4.0,0.04166666623263889,0.0,1.0,0
148.0,0.002,0.004,0.003,0.0,0.0,0.0,77.0,0.5,3.0,9.6,32.0,140.0,172.0,2.0,0.0,150.0,152.0,153.0,2.0,0,32.0,-1.0,0.06249999804687507,0.0,1.0,0
148.0,0.0,0.003,0.004,0.0,0.0,0.0,79.0,0.4,4.0,10.0,20.0,140.0,160.0,1.0,0.0,150.0,151.0,153.0,1.0,0,20.0,-2.0,0.04999999750000012,0.0,2.0,1
148.0,0.0,0.002,0.005,0.0,0.0,0.0,82.0,0.4,5.0,8.4,18.0,142.0,160.0,0.0,0.0,150.0,151.0,151.0,0.0,0,18.0,0.0,0.0,0.0,3.0,2
148.0,0.0,0.003,0.005,0.0,0.0,0.0,77.0,0.5,4.0,10.2,32.0,140.0,172.0,1.0,0.0,150.0,150.0,151.0,1.0,-1,32.0,-1.0,0.031249999023437534,0.0,3.0,2
148.0,0.0,0.004,0.005,0.0,0.0,0.0,78.0,0.5,4.0,10.0,32.0,140.0,172.0,1.0,0.0,150.0,150.0,151.0,1.0,-1,32.0,-1.0,0.031249999023437534,0.0,2.0,1
148.0,0.0,0.004,0.004,0.0,0.0,0.0,75.0,0.6,0.0,10.7,32.0,140.0,172.0,1.0,0.0,150.0,150.0,151.0,0.0,-1,32.0,-1.0,0.031249999023437534,0.0,2.0,1
144.0,0.006,0.007500000000000001,0.002,0.001,0.0,0.0,73.0,0.6,0.0,9.3,94.0,82.0,176.0,4.0,0.0,156.0,154.0,155.0,5.0,1,94.0,-1.0,0.04255319103666818,0.0,1.0,0
144.0,0.002,0.007500000000000001,0.002,0.0,0.0,0.0,76.0,0.6,0.0,11.8,54.0,126.0,180.0,2.0,0.0,156.0,153.0,155.0,5.0,0,54.0,-2.0,0.037037036351165994,0.0,2.0,1
144.0,0.01,0.007,0.001,0.001,0.0,0.0,71.0,0.8,0.0,2.7,94.0,82.0,176.0,3.0,0.0,156.0,154.0,155.0,6.0,1,94.0,-1.0,0.03191489327750113,0.0,1.0,0
144.0,0.008,0.007,0.001,0.001,0.0,0.0,73.0,0.7,0.0,5.2,98.0,82.0,180.0,3.0,0.0,156.0,154.0,157.0,5.0,1,98.0,-3.0,0.03061224458558934,0.0,1.0,0
144.0,0.005,0.001,0.0,0.0,0.0,0.0,67.0,0.9,0.0,9.7,98.0,72.0,170.0,4.0,0.0,146.0,147.0,149.0,4.0,1,98.0,-2.0,0.040816326114119124,0.0,1.0,0
147.0,0.008,0.007500000000000001,0.003,0.0,0.0,0.0,71.0,0.7,0.0,9.5,82.0,116.0,198.0,2.0,0.0,156.0,158.0,159.0,10.0,0,82.0,-1.0,0.02439024360499703,0.0,1.0,0
147.0,0.005,0.007500000000000001,0.003,0.0,0.0,0.0,67.0,0.8,0.0,10.9,72.0,120.0,192.0,1.0,0.0,156.0,157.0,157.0,11.0,0,72.0,0.0,0.013888888695987657,0.0,1.0,0
148.0,0.008,0.005,0.004,0.0,0.0,0.0,73.0,0.7,0.0,9.9,82.0,116.0,198.0,2.0,0.0,158.0,159.0,159.0,11.0,0,82.0,0.0,0.02439024360499703,0.0,1.0,0
144.0,0.006,0.006,0.003,0.0,0.0,0.0,34.0,1.6,0.0,19.8,104.0,71.0,175.0,4.0,0.0,148.0,149.0,151.0,11.0,1,104.0,-2.0,0.03846153809171598,0.0,1.0,0
144.0,0.01,0.007500000000000001,0.002,0.0,0.0,0.0,36.0,1.4,0.0,11.5,119.0,57.0,176.0,2.0,0.0,148.0,150.0,150.0,12.0,1,119.0,0.0,0.016806722547842667,0.0,1.0,0
144.0,0.002,0.002,0.002,0.0,0.0,0.0,35.0,1.8,0.0,20.1,118.0,56.0,174.0,6.0,0.0,151.0,148.0,151.0,12.0,1,118.0,-3.0,0.05084745719620799,0.0,1.0,0
144.0,0.006,0.005,0.002,0.0,0.0,0.0,33.0,1.7,0.0,20.1,103.0,71.0,174.0,5.0,0.0,150.0,149.0,151.0,10.0,1,103.0,-2.0,0.048543688849090404,0.0,1.0,0
143.0,0.005,0.007500000000000001,0.003,0.0,0.0,0.0,39.0,1.6,0.0,10.0,136.0,60.0,196.0,9.0,0.0,148.0,149.0,150.0,8.0,0,136.0,-1.0,0.0661764701016436,0.0,1.0,0
146.0,0.009,0.003,0.001,0.0,0.0,0.0,41.0,1.9,0.0,20.1,130.0,50.0,180.0,7.0,0.0,154.0,152.0,155.0,18.0,1,130.0,-3.0,0.05384615343195267,0.0,1.0,0
146.0,0.011,0.001,0.001,0.0,0.0,0.0,40.0,1.9,0.0,20.1,122.0,50.0,172.0,4.0,0.0,154.0,151.0,155.0,16.0,1,122.0,-4.0,0.032786884977156684,0.0,1.0,0
146.0,0.009,0.006,0.002,0.0,0.0,0.0,40.0,2.0,0.0,20.1,133.0,50.0,183.0,8.0,0.0,156.0,154.0,157.0,20.0,1,133.0,-3.0,0.06015037548759116,0.0,1.0,0
146.0,0.015,0.007500000000000001,0.002,0.0,0.0,0.0,41.0,1.0,0.0,1.4,113.0,73.0,186.0,3.0,0.0,157.0,162.0,164.0,13.0,1,113.0,-2.0,0.02654867233142768,0.0,1.0,0
142.0,0.0,0.001,0.002,0.0,0.0,0.0,30.0,2.9,5.0,20.1,108.0,50.0,158.0,1.0,0.0,141.0,140.0,144.0,9.0,1,108.0,-4.0,0.009259259173525379,0.0,1.0,0
142.0,0.0,0.003,0.0,0.0,0.0,0.0,40.0,1.1,12.0,10.8,97.0,57.0,154.0,2.0,0.0,148.0,144.0,147.0,4.0,1,97.0,-3.0,0.02061855648846849,0.0,1.0,0
142.0,0.008,0.007500000000000001,0.003,0.0,0.0,0.0,45.0,1.1,2.0,8.7,131.0,51.0,182.0,5.0,0.0,146.0,153.0,152.0,19.0,1,131.0,1.0,0.0381679386399394,0.0,1.0,0
142.0,0.013,0.007500000000000001,0.004,0.0,0.0,0.0,45.0,1.2,0.0,4.5,134.0,51.0,185.0,5.0,0.0,156.0,158.0,158.0,14.0,1,134.0,0.0,0.03731343255736244,0.0,1.0,0
142.0,0.0,0.002,0.002,0.0,0.0,0.0,43.0,0.8,3.0,9.4,27.0,137.0,164.0,2.0,0.0,146.0,145.0,146.0,1.0,-1,27.0,-1.0,0.07407407133058995,0.0,1.0,0
133.0,0.008,0.007500000000000001,0.004,0.0,0.0,0.0,36.0,3.1,0.0,20.1,105.0,54.0,159.0,4.0,0.0,143.0,137.0,142.0,28.0,1,105.0,-5.0,0.03809523773242631,0.0,1.0,0
133.0,0.008,0.007500000000000001,0.003,0.0,0.0,0.0,38.0,2.5,0.0,19.4,113.0,54.0,167.0,3.0,0.0,143.0,137.0,141.0,22.0,1,113.0,-4.0,0.02654867233142768,0.0,1.0,0
130.0,0.007,0.007500000000000001,0.003,0.0,0.0,0.0,45.0,2.8,0.0,20.1,114.0,52.0,166.0,2.0,0.0,134.0,135.0,137.0,24.0,1,114.0,-2.0,0.017543859495229304,0.0,1.0,0
130.0,0.009,0.007500000000000001,0.004,0.0,0.0,0.0,46.0,2.5,0.0,20.1,114.0,52.0,166.0,2.0,0.0,134.0,138.0,139.0,23.0,1,114.0,-1.0,0.017543859495229304,0.0,1.0,0
132.0,0.011,0.0,0.0,0.002,0.0,0.0,37.0,2.4,0.0,17.0,115.0,52.0,167.0,10.0,0.0,141.0,140.0,143.0,33.0,1,115.0,-3.0,0.08695652098298677,0.0,1.0,0
120.0,0.003,0.0,0.002,0.001,0.0,0.0,46.0,1.5,11.0,19.0,132.0,57.0,189.0,9.0,0.0,125.0,123.0,126.0,15.0,0,132.0,-3.0,0.06818181766528926,0.0,1.0,0
120.0,0.0,0.0,0.003,0.0,0.0,0.0,50.0,0.7,26.0,6.0,20.0,116.0,136.0,0.0,0.0,125.0,123.0,125.0,1.0,0,20.0,-2.0,0.0,0.0,1.0,0
134.0,0.013,0.006,0.003,0.003,0.0,0.0,47.0,2.7,0.0,0.0,110.0,60.0,170.0,5.0,0.0,150.0,147.0,153.0,31.0,1,110.0,-6.0,0.04545454504132232,0.0,1.0,0
134.0,0.015000000000000001,0.002,0.004,0.0,0.0,0.0,48.0,2.2,0.0,0.0,120.0,50.0,170.0,5.0,0.0,160.0,150.0,155.0,28.0,1,120.0,-5.0,0.04166666631944445,0.0,1.0,0
144.0,0.0,0.001,0.0,0.0,0.0,0.0,51.0,1.1,10.0,20.1,115.0,71.0,186.0,9.0,0.0,153.0,151.0,153.0,6.0,1,115.0,-2.0,0.0782608688846881,0.0,2.0,1
144.0,0.0,0.002,0.0,0.0,0.0,0.0,47.0,0.8,11.0,13.6,90.0,74.0,164.0,5.0,0.0,153.0,151.0,152.0,3.0,1,90.0,-1.0,0.05555555493827161,0.0,2.0,1
144.0,0.0,0.0,0.0,0.0,0.0,0.0,62.0,0.5,5.0,6.1,11.0,148.0,159.0,1.0,0.0,153.0,154.0,155.0,0.0,0,11.0,-1.0,0.09090908264462885,0.0,2.0,1
143.0,0.003,0.007,0.0,0.001,0.0,0.0,50.0,1.1,3.0,12.2,126.0,74.0,200.0,8.0,0.0,148.0,147.0,149.0,4.0,0,126.0,-2.0,0.06349206298815824,0.0,1.0,0
143.0,0.0,0.001,0.0,0.0,0.0,0.0,57.0,0.6,5.0,10.4,98.0,74.0,172.0,2.0,0.0,150.0,148.0,150.0,1.0,1,98.0,-2.0,0.020408163057059562,0.0,1.0,0
143.0,0.0,0.002,0.0,0.0,0.0,0.0,56.0,0.6,0.0,8.9,59.0,106.0,165.0,3.0,0.0,148.0,149.0,150.0,1.0,1,59.0,-1.0,0.050847456765297346,0.0,1.0,0
143.0,0.007,0.007500000000000001,0.0,0.0,0.0,0.0,44.0,1.3,0.0,11.4,101.0,80.0,181.0,6.0,0.0,146.0,147.0,148.0,5.0,0,101.0,-1.0,0.059405940005881785,0.0,1.0,0
138.0,0.004,0.007500000000000001,0.0,0.0,0.0,0.0,45.0,1.0,0.0,12.8,115.0,71.0,186.0,7.0,0.0,144.0,144.0,145.0,6.0,0,115.0,-1.0,0.060869564688090745,0.0,1.0,0
138.0,0.004,0.007500000000000001,0.0,0.0,0.0,0.0,42.0,1.0,0.0,13.6,115.0,71.0,186.0,5.0,0.0,144.0,143.0,144.0,6.0,0,115.0,-1.0,0.043478260491493385,0.0,1.0,0
138.0,0.0,0.004,0.0,0.0,0.0,0.0,38.0,1.2,0.0,16.5,84.0,71.0,155.0,4.0,0.0,144.0,140.0,142.0,5.0,1,84.0,-2.0,0.0476190470521542,0.0,1.0,0
138.0,0.0,0.007500000000000001,0.0,0.0,0.0,0.0,38.0,1.2,0.0,19.7,90.0,71.0,161.0,3.0,0.0,144.0,141.0,142.0,5.0,1,90.0,-1.0,0.03333333296296297,0.0,1.0,0
136.0,0.008,0.007,0.0,0.0,0.0,0.0,40.0,2.3,0.0,19.4,139.0,51.0,190.0,5.0,0.0,144.0,142.0,145.0,17.0,1,139.0,-3.0,0.03597122276279696,0.0,1.0,0
136.0,0.009,0.007500000000000001,0.0,0.0,0.0,0.0,46.0,1.3,0.0,6.9,149.0,51.0,200.0,12.0,0.0,144.0,145.0,147.0,8.0,0,149.0,-2.0,0.08053691221116166,0.0,1.0,0
123.0,0.0,0.0,0.001,0.0,0.0,0.0,73.0,0.3,27.5,5.2,28.0,108.0,136.0,3.0,0.0,123.0,124.0,125.0,1.0,0,28.0,-1.0,0.10714285331632667,0.0,3.0,2
123.0,0.0,0.0,0.0,0.0,0.0,0.0,76.0,0.2,27.5,3.3,11.0,118.0,129.0,1.0,0.0,123.0,122.0,124.0,0.0,0,11.0,-2.0,0.09090908264462885,0.0,3.0,2
123.0,0.0,0.0,0.004,0.0,0.0,0.0,60.0,0.6,0.0,10.4,52.0,84.0,136.0,4.0,0.0,125.0,124.0,126.0,2.0,1,52.0,-2.0,0.07692307544378701,0.0,2.0,1
123.0,0.0,0.0,0.001,0.0,0.0,0.0,74.0,0.3,27.5,5.9,52.0,84.0,136.0,3.0,0.0,123.0,124.0,126.0,1.0,1,52.0,-2.0,0.05769230658284026,0.0,2.0,1
123.0,0.0,0.0,0.001,0.0,0.0,0.0,72.0,0.3,27.5,6.5,52.0,84.0,136.0,3.0,0.0,123.0,123.0,124.0,1.0,1,52.0,-1.0,0.05769230658284026,0.0,2.0,1
123.0,0.0,0.001,0.0,0.0,0.0,0.0,70.0,0.3,27.5,5.9,30.0,101.0,131.0,1.0,0.0,123.0,123.0,124.0,1.0,1,30.0,-1.0,0.033333332222222255,0.0,2.0,1
123.0,0.0,0.0,0.0,0.0,0.0,0.0,73.0,0.3,27.5,2.9,9.0,120.0,129.0,2.0,0.0,123.0,124.0,125.0,0.0,0,9.0,-1.0,0.22222219753086697,0.0,3.0,2
123.0,0.0,0.0,0.0,0.0,0.0,0.0,74.0,0.3,27.5,2.8,9.0,120.0,129.0,2.0,0.0,123.0,124.0,125.0,0.0,0,9.0,-1.0,0.22222219753086697,0.0,3.0,2
123.0,0.0,0.002,0.0,0.0,0.0,0.0,70.0,0.3,27.5,6.8,31.0,100.0,131.0,0.0,0.0,123.0,121.0,123.0,1.0,1,31.0,-2.0,0.0,0.0,3.0,2
123.0,0.0,0.0,0.0,0.0,0.0,0.0,70.0,0.3,27.5,4.4,19.0,110.0,129.0,2.0,0.0,123.0,124.0,125.0,1.0,1,19.0,-1.0,0.10526315235457093,0.0,3.0,2
123.0,0.0,0.0,0.0,0.0,0.0,0.0,71.0,0.3,27.5,4.1,19.0,110.0,129.0,1.0,0.0,123.0,123.0,124.0,0.0,1,19.0,-1.0,0.05263157617728546,0.0,3.0,2
130.0,0.003,0.0,0.005,0.0,0.0,0.0,22.0,1.6,11.0,8.8,95.0,62.0,157.0,7.0,0.0,134.0,133.0,134.0,4.0,1,95.0,-1.0,0.07368420975069254,0.0,1.0,0
130.0,0.004,0.0,0.005,0.0,0.0,0.0,23.0,1.6,8.0,9.6,115.0,62.0,177.0,9.0,0.0,134.0,134.0,135.0,5.0,0,115.0,-1.0,0.0782608688846881,0.0,1.0,0
130.0,0.001,0.0,0.005,0.0,0.0,0.0,22.0,1.4,11.0,7.2,32.0,120.0,152.0,2.0,0.0,133.0,132.0,134.0,1.0,0,32.0,-2.0,0.06249999804687507,0.0,1.0,0
130.0,0.001,0.0,0.004,0.0,0.0,0.0,24.0,1.2,12.0,7.6,35.0,120.0,155.0,1.0,0.0,134.0,133.0,135.0,1.0,0,35.0,-2.0,0.028571427755102068,0.0,1.0,0
130.0,0.002,0.0,0.005,0.0,0.0,0.0,21.0,1.4,11.0,7.3,33.0,119.0,152.0,1.0,0.0,133.0,131.0,133.0,2.0,0,33.0,-2.0,0.030303029384756687,0.0,1.0,0
130.0,0.002,0.0,0.005,0.0,0.0,0.0,23.0,1.3,10.0,5.7,32.0,120.0,152.0,2.0,0.0,133.0,133.0,134.0,1.0,0,32.0,-1.0,0.06249999804687507,0.0,1.0,0
128.0,0.0,0.0,0.006,0.007500000000000001,0.0,0.0,23.0,3.2,0.0,0.0,144.0,52.0,196.0,10.0,0.0,100.5,98.0,100.5,57.0,-1,144.0,-2.5,0.06944444396219136,0.0,2.0,1
138.0,0.0,0.001,0.005,0.001,0.0,0.0,57.0,1.4,10.0,8.9,132.0,60.0,192.0,9.0,0.0,142.0,127.0,138.0,57.0,0,132.0,-11.0,0.06818181766528926,0.0,2.0,1
138.0,0.0,0.0,0.005,0.001,0.0,0.0,57.0,1.3,11.0,10.2,132.0,60.0,192.0,11.0,0.0,140.0,126.0,137.0,57.0,0,132.0,-11.0,0.0833333327020202,0.0,2.0,1
138.0,0.0,0.003,0.003,0.0,0.0,0.0,60.0,1.0,8.0,7.5,118.0,69.0,187.0,10.0,0.0,142.0,130.0,140.0,57.0,0,118.0,-10.0,0.08474576199367999,0.0,2.0,1
138.0,0.0,0.0,0.005,0.0,0.0,0.0,61.0,1.0,12.0,10.0,118.0,69.0,187.0,12.0,0.0,140.0,130.0,140.0,55.0,0,118.0,-10.0,0.10169491439241599,0.0,2.0,1
138.0,0.0,0.005,0.003,0.0,0.0,0.0,62.0,0.5,9.0,8.1,27.0,121.0,148.0,1.0,0.0,142.0,140.0,142.0,1.0,1,27.0,-2.0,0.037037035665294975,0.0,2.0,1
138.0,0.0,0.0,0.005,0.0,0.0,0.0,65.0,0.4,14.0,7.0,20.0,129.0,149.0,3.0,0.0,141.0,140.0,142.0,1.0,0,20.0,-2.0,0.14999999250000037,0.0,2.0,1
138.0,0.0,0.0,0.006,0.002,0.0,0.0,58.0,1.1,15.0,6.9,132.0,60.0,192.0,8.0,0.0,141.0,132.0,141.0,47.0,0,132.0,-9.0,0.06060606014692379,0.0,2.0,1
141.0,0.001,0.0,0.001,0.003,0.0,0.0,54.0,0.9,7.0,9.5,124.0,60.0,184.0,12.0,0.0,150.0,139.0,147.0,49.0,1,124.0,-8.0,0.09677419276795006,0.0,1.0,0
141.0,0.001,0.0,0.001,0.004,0.0,0.0,56.0,0.9,12.0,8.5,136.0,60.0,196.0,8.0,0.0,150.0,137.0,147.0,57.0,0,136.0,-10.0,0.05882352897923876,0.0,1.0,0
141.0,0.0,0.0,0.0,0.003,0.0,0.0,47.0,0.8,0.0,9.7,54.0,103.0,157.0,6.0,0.0,154.0,144.0,147.0,15.0,1,54.0,-3.0,0.11111110905349798,0.0,1.0,0
141.0,0.002,0.0,0.002,0.0,0.0,0.0,62.0,0.5,14.0,7.8,34.0,125.0,159.0,1.0,0.0,150.0,146.0,149.0,2.0,1,34.0,-3.0,0.02941176384083048,0.0,2.0,1
140.0,0.012,0.002,0.002,0.0,0.0,0.0,57.0,1.3,0.0,3.4,138.0,50.0,188.0,5.0,0.0,176.0,163.0,167.0,35.0,1,138.0,-4.0,0.03623188379542113,0.0,1.0,0
140.0,0.01,0.0,0.001,0.0,0.0,0.0,57.0,1.3,0.0,9.9,138.0,50.0,188.0,4.0,0.0,176.0,164.0,169.0,31.0,1,138.0,-5.0,0.028985507036336906,0.0,1.0,0
140.0,0.014,0.003,0.0,0.0,0.0,0.0,55.0,1.4,0.0,0.0,138.0,50.0,188.0,3.0,0.0,150.0,164.0,167.0,40.0,1,138.0,-3.0,0.021739130277252678,0.0,1.0,0
140.0,0.01,0.0,0.0,0.0,0.0,0.0,59.0,1.1,0.0,0.0,62.0,120.0,182.0,1.0,0.0,176.0,163.0,169.0,30.0,1,62.0,-6.0,0.01612903199791884,0.0,1.0,0
140.0,0.013,0.0,0.0,0.0,0.0,0.0,56.0,1.4,0.0,0.0,138.0,50.0,188.0,3.0,0.0,176.0,163.0,167.0,35.0,1,138.0,-4.0,0.021739130277252678,0.0,1.0,0
140.0,0.01,0.0,0.0,0.0,0.0,0.0,58.0,1.2,0.0,4.2,126.0,62.0,188.0,4.0,0.0,176.0,164.0,169.0,27.0,1,126.0,-5.0,0.03174603149407912,0.0,1.0,0
142.0,0.001,0.001,0.004,0.0,0.0,0.0,50.0,1.2,0.0,20.1,104.0,58.0,162.0,8.0,0.0,148.0,144.0,147.0,8.0,1,104.0,-3.0,0.07692307618343196,0.0,1.0,0
142.0,0.001,0.001,0.003,0.0,0.0,0.0,54.0,0.6,0.0,11.0,52.0,120.0,172.0,3.0,0.0,148.0,145.0,147.0,2.0,0,52.0,-2.0,0.05769230658284026,0.0,1.0,0
140.0,0.003,0.003,0.004,0.0,0.0,0.0,34.0,2.9,0.0,20.1,114.0,66.0,180.0,9.0,0.0,147.0,145.0,148.0,22.0,1,114.0,-3.0,0.07894736772853186,0.0,1.0,0
132.0,0.0,0.007500000000000001,0.004,0.004,0.0,0.0,35.0,2.7,0.0,0.0,145.0,54.0,199.0,9.0,0.0,100.5,95.0,100.5,57.0,-1,145.0,-5.5,0.06206896508917955,0.0,3.0,2
132.0,0.0,0.007500000000000001,0.002,0.002,0.0,0.0,37.0,2.3,0.0,0.0,111.0,54.0,165.0,5.0,0.0,100.5,95.0,100.5,57.0,-1,111.0,-5.5,0.04504504463923383,0.0,3.0,2
133.0,0.003,0.007500000000000001,0.007,0.002,0.0,0.0,27.0,1.5,0.0,14.8,70.0,88.0,158.0,1.0,0.0,140.0,135.0,138.0,10.0,1,70.0,-3.0,0.014285714081632657,0.0,1.0,0
133.0,0.005,0.007500000000000001,0.007,0.002,0.0,0.0,26.0,1.6,0.0,12.9,87.0,71.0,158.0,2.0,0.0,141.0,135.0,139.0,13.0,1,87.0,-4.0,0.02298850548289074,0.0,1.0,0
133.0,0.0,0.007500000000000001,0.005,0.0,0.0,0.0,29.0,1.3,0.0,15.6,34.0,113.0,147.0,1.0,0.0,134.0,134.0,136.0,3.0,0,34.0,-2.0,0.02941176384083048,0.0,1.0,0
133.0,0.005,0.007500000000000001,0.008,0.003,0.0,0.0,26.0,1.6,0.0,14.2,70.0,88.0,158.0,2.0,0.0,140.0,135.0,139.0,12.0,1,70.0,-4.0,0.028571428163265314,0.0,1.0,0
133.0,0.007,0.007500000000000001,0.007,0.002,0.0,0.0,28.0,1.6,0.0,9.7,87.0,71.0,158.0,2.0,0.0,141.0,137.0,141.0,11.0,1,87.0,-4.0,0.02298850548289074,0.0,1.0,0
133.0,0.004,0.007500000000000001,0.004,0.003,0.0,0.0,21.0,2.3,0.0,15.7,107.0,67.0,174.0,7.0,0.0,143.0,125.0,135.0,57.0,0,107.0,-10.0,0.06542056013625645,0.0,2.0,1
133.0,0.0,0.007500000000000001,0.004,0.002,0.0,0.0,18.0,2.7,0.0,20.1,107.0,67.0,174.0,4.0,0.0,115.0,120.0,121.0,48.0,0,107.0,-1.0,0.03738317722071797,0.0,3.0,2
133.0,0.007,0.007500000000000001,0.003,0.003,0.0,0.0,25.0,1.7,0.0,13.3,106.0,68.0,174.0,7.0,0.0,143.0,132.0,138.0,41.0,0,106.0,-6.0,0.0660377352260591,0.0,1.0,0
133.0,0.008,0.007500000000000001,0.005,0.005,0.0,0.0,24.0,2.1,0.0,13.4,125.0,53.0,178.0,6.0,0.0,143.0,128.0,138.0,57.0,1,125.0,-10.0,0.047999999616,0.0,1.0,0
133.0,0.004,0.007500000000000001,0.005,0.003,0.0,0.0,29.0,1.7,0.0,9.5,118.0,59.0,177.0,7.0,0.0,133.0,129.0,133.0,27.0,0,118.0,-4.0,0.05932203339557599,0.0,1.0,0
133.0,0.006,0.007500000000000001,0.005,0.003,0.0,0.0,35.0,1.3,0.0,5.4,88.0,68.0,156.0,7.0,0.0,133.0,133.0,136.0,18.0,1,88.0,-3.0,0.07954545364152894,0.0,1.0,0
133.0,0.003,0.007500000000000001,0.006,0.004,0.0,0.0,24.0,1.9,0.0,5.7,99.0,59.0,158.0,5.0,0.0,133.0,124.0,130.0,35.0,1,99.0,-6.0,0.050505049994898486,0.0,1.0,0
133.0,0.007,0.007500000000000001,0.005,0.002,0.0,0.0,32.0,1.6,0.0,8.4,90.0,68.0,158.0,4.0,0.0,133.0,133.0,135.0,18.0,1,90.0,-2.0,0.04444444395061729,0.0,1.0,0
131.0,0.001,0.007500000000000001,0.003,0.003,0.0,0.0,29.0,2.0,0.0,8.1,111.0,54.0,165.0,12.0,0.0,129.0,112.0,128.0,57.0,1,111.0,-16.0,0.1081081071341612,0.0,3.0,2
131.0,0.0,0.007500000000000001,0.003,0.003,0.0,0.0,34.0,2.2,0.0,3.8,128.0,54.0,182.0,10.0,0.0,100.5,99.0,102.0,57.0,-1,128.0,-3.0,0.07812499938964844,0.0,3.0,2
130.0,0.001,0.007500000000000001,0.004,0.005,0.0,0.0,25.0,1.9,0.0,8.3,141.0,57.0,198.0,12.0,0.0,129.0,125.0,131.0,35.0,0,141.0,-6.0,0.08510638237513204,0.0,2.0,1
130.0,0.0,0.007500000000000001,0.003,0.003,0.0,0.0,29.0,2.2,0.0,7.8,136.0,54.0,190.0,12.0,0.0,129.0,106.0,122.0,57.0,0,136.0,-16.0,0.08823529346885814,0.0,3.0,2
131.0,0.0,0.007500000000000001,0.002,0.002,0.0,0.0,61.0,1.9,0.0,12.3,128.0,56.0,184.0,11.0,0.0,134.0,120.0,131.0,57.0,0,128.0,-11.0,0.08593749932861329,0.0,3.0,2
131.0,0.0,0.007500000000000001,0.0,0.0,0.0,0.0,80.0,0.3,0.0,7.6,49.0,96.0,145.0,3.0,0.0,108.0,125.0,128.0,45.0,1,49.0,-3.0,0.06122448854643901,0.0,3.0,2
130.0,0.0,0.007500000000000001,0.0,0.0,0.0,0.0,80.0,0.3,0.0,7.4,49.0,96.0,145.0,3.0,0.0,108.0,123.0,122.0,39.0,1,49.0,1.0,0.06122448854643901,0.0,3.0,2
130.0,0.0,0.007500000000000001,0.0,0.0,0.0,0.0,80.0,0.3,0.0,0.0,29.0,107.0,136.0,1.0,0.0,108.0,120.0,120.0,23.0,-1,29.0,0.0,0.034482757431629055,0.0,3.0,2
133.0,0.0,0.0,0.007,0.0,0.0,0.0,60.0,0.7,27.5,9.9,128.0,72.0,200.0,8.0,0.0,133.0,132.0,134.0,2.0,0,128.0,-2.0,0.06249999951171876,0.0,2.0,1
133.0,0.0,0.0,0.007,0.0,0.0,0.0,64.0,0.4,27.5,3.7,12.0,126.0,138.0,1.0,0.0,133.0,132.0,134.0,0.0,0,12.0,-2.0,0.08333332638888948,0.0,3.0,2
130.0,0.001,0.0,0.008,0.0,0.0,0.0,54.0,0.6,6.0,8.7,30.0,116.0,146.0,2.0,0.0,133.0,133.0,134.0,1.0,0,30.0,-1.0,0.06666666444444451,0.0,1.0,0
130.0,0.0,0.0,0.007,0.0,0.0,0.0,55.0,0.5,11.0,7.6,20.0,124.0,144.0,1.0,0.0,133.0,132.0,134.0,0.0,0,20.0,-2.0,0.04999999750000012,0.0,1.0,0
126.0,0.0,0.0,0.005,0.0,0.0,0.0,56.0,0.5,27.5,7.5,26.0,116.0,142.0,2.0,0.0,129.0,128.0,130.0,1.0,0,26.0,-2.0,0.07692307396449716,0.0,1.0,0
126.0,0.0,0.0,0.003,0.0,0.0,0.0,56.0,0.5,27.5,6.7,27.0,116.0,143.0,2.0,0.0,129.0,127.0,129.0,1.0,0,27.0,-2.0,0.07407407133058995,0.0,1.0,0
126.0,0.003,0.005,0.004,0.002,0.0,0.0,41.0,2.1,0.0,20.1,120.0,50.0,170.0,8.0,0.0,129.0,129.0,132.0,19.0,1,120.0,-3.0,0.06666666611111112,0.0,1.0,0
126.0,0.005,0.003,0.005,0.0,0.0,0.0,41.0,1.7,0.0,20.1,100.0,50.0,150.0,4.0,0.0,133.0,130.0,132.0,10.0,1,100.0,-2.0,0.0399999996,0.0,1.0,0
120.0,0.008,0.0,0.005,0.0,0.0,0.0,43.0,1.4,5.0,18.4,106.0,50.0,156.0,8.0,0.0,129.0,129.0,130.0,11.0,1,106.0,-1.0,0.0754716974012104,0.0,1.0,0
132.0,0.006,0.006,0.006,0.0,0.0,0.0,55.0,0.6,16.0,8.3,42.0,115.0,157.0,2.0,0.0,133.0,138.0,139.0,7.0,0,42.0,-1.0,0.0476190464852608,0.0,1.0,0
132.0,0.008,0.005,0.006,0.0,0.0,0.0,52.0,0.6,0.0,8.2,42.0,115.0,157.0,2.0,0.0,142.0,141.0,142.0,3.0,0,42.0,-1.0,0.0476190464852608,0.0,1.0,0
132.0,0.003,0.005,0.006,0.0,0.0,0.0,58.0,0.5,23.0,7.8,36.0,120.0,156.0,2.0,0.0,133.0,135.0,134.0,3.0,0,36.0,1.0,0.05555555401234573,0.0,1.0,0
132.0,0.0,0.0,0.005,0.0,0.0,0.0,64.0,0.4,27.5,6.3,22.0,121.0,143.0,2.0,0.0,133.0,132.0,133.0,0.0,0,22.0,-1.0,0.09090908677685969,0.0,2.0,1
132.0,0.002,0.007,0.005,0.0,0.0,0.0,51.0,0.7,0.0,12.3,41.0,115.0,156.0,2.0,0.0,136.0,137.0,139.0,2.0,0,41.0,-2.0,0.048780486615110086,0.0,1.0,0
129.0,0.0,0.007500000000000001,0.005,0.0,0.0,0.0,64.0,0.4,27.5,5.3,23.0,118.0,141.0,1.0,0.0,131.0,130.0,132.0,0.0,0,23.0,-2.0,0.04347825897920613,0.0,2.0,1
129.0,0.0,0.007,0.004,0.0,0.0,0.0,65.0,0.4,27.5,3.9,7.0,127.0,134.0,1.0,0.0,131.0,130.0,132.0,0.0,0,7.0,-2.0,0.1428571224489825,0.0,3.0,2
143.0,0.0,0.007500000000000001,0.0,0.0,0.0,0.0,65.0,0.3,27.5,6.5,24.0,131.0,155.0,2.0,0.0,147.0,145.0,147.0,1.0,0,24.0,-2.0,0.08333332986111125,0.0,2.0,1
143.0,0.0,0.007500000000000001,0.0,0.0,0.0,0.0,70.0,0.3,27.5,5.1,13.0,142.0,155.0,1.0,0.0,147.0,146.0,148.0,0.0,0,13.0,-2.0,0.07692307100591762,0.0,2.0,1
142.0,0.0,0.007500000000000001,0.0,0.0,0.0,0.0,55.0,0.6,5.0,12.2,44.0,116.0,160.0,4.0,0.0,145.0,145.0,147.0,2.0,1,44.0,-2.0,0.09090908884297526,0.0,1.0,0
128.0,0.006,0.007500000000000001,0.003,0.0,0.0,0.0,52.0,0.6,0.0,6.7,36.0,121.0,157.0,4.0,0.0,140.0,138.0,139.0,5.0,0,36.0,-1.0,0.11111110802469146,0.0,1.0,0
128.0,0.004,0.007500000000000001,0.003,0.0,0.0,0.0,54.0,0.6,0.0,6.5,36.0,121.0,157.0,3.0,0.0,140.0,138.0,139.0,5.0,0,36.0,-1.0,0.08333333101851859,0.0,1.0,0
129.0,0.0,0.007500000000000001,0.002,0.0,0.0,0.0,55.0,0.6,0.0,10.3,58.0,101.0,159.0,3.0,0.0,140.0,138.0,140.0,2.0,0,58.0,-2.0,0.05172413703923902,0.0,2.0,1
129.0,0.006,0.007500000000000001,0.004,0.0,0.0,0.0,52.0,0.6,0.0,3.8,36.0,121.0,157.0,0.0,0.0,133.0,138.0,138.0,11.0,0,36.0,0.0,0.0,0.0,1.0,0
120.0,0.003,0.007500000000000001,0.004,0.0,0.0,0.0,50.0,0.7,6.0,7.2,94.0,60.0,154.0,2.0,0.0,123.0,126.0,125.0,7.0,1,94.0,1.0,0.02127659551833409,0.0,1.0,0
120.0,0.005,0.007500000000000001,0.005,0.0,0.0,0.0,50.0,0.7,7.0,6.1,94.0,60.0,154.0,2.0,0.0,123.0,126.0,125.0,10.0,1,94.0,1.0,0.02127659551833409,0.0,1.0,0
120.0,0.0,0.004,0.004,0.0,0.0,0.0,53.0,0.6,3.0,8.1,19.0,116.0,135.0,1.0,0.0,125.0,123.0,125.0,1.0,0,19.0,-2.0,0.05263157617728546,0.0,1.0,0
120.0,0.008,0.007500000000000001,0.005,0.0,0.0,0.0,45.0,0.8,0.0,8.7,44.0,116.0,160.0,2.0,0.0,153.0,142.0,147.0,27.0,1,44.0,-5.0,0.04545454442148763,0.0,1.0,0
120.0,0.002,0.007500000000000001,0.005,0.0,0.0,0.0,51.0,0.6,3.0,7.5,38.0,116.0,154.0,3.0,0.0,123.0,125.0,125.0,5.0,-1,38.0,0.0,0.07894736634349037,0.0,1.0,0
124.0,0.008,0.007500000000000001,0.008,0.0,0.0,0.0,41.0,1.3,0.0,9.3,73.0,115.0,188.0,9.0,0.0,150.0,145.0,151.0,12.0,0,73.0,-6.0,0.12328766954400452,0.0,1.0,0
129.0,0.009,0.007500000000000001,0.003,0.0,0.0,0.0,44.0,1.0,0.0,5.2,113.0,75.0,188.0,6.0,0.0,150.0,141.0,146.0,18.0,0,113.0,-5.0,0.05309734466285536,0.0,1.0,0
129.0,0.01,0.007500000000000001,0.004,0.0,0.0,0.0,40.0,1.4,0.0,7.5,73.0,115.0,188.0,10.0,0.0,150.0,145.0,150.0,12.0,0,73.0,-5.0,0.13698629949333838,0.0,1.0,0
129.0,0.008,0.007500000000000001,0.007,0.0,0.0,0.0,40.0,1.4,0.0,8.5,73.0,115.0,188.0,9.0,0.0,150.0,147.0,151.0,9.0,0,73.0,-4.0,0.12328766954400452,0.0,1.0,0
123.0,0.008,0.0,0.004,0.0,0.0,0.0,39.0,2.1,0.0,20.1,88.0,58.0,146.0,7.0,0.0,127.0,127.0,129.0,14.0,1,88.0,-2.0,0.07954545364152894,0.0,1.0,0
123.0,0.008,0.0,0.003,0.0,0.0,0.0,39.0,1.5,0.0,16.0,95.0,51.0,146.0,6.0,0.0,129.0,128.0,130.0,9.0,1,95.0,-2.0,0.06315789407202217,0.0,1.0,0
120.0,0.005,0.0,0.002,0.0,0.0,0.0,41.0,2.2,4.0,20.1,107.0,58.0,165.0,4.0,0.0,121.0,124.0,126.0,16.0,0,107.0,-2.0,0.03738317722071797,0.0,1.0,0
120.0,0.009,0.0,0.0,0.0,0.0,0.0,39.0,1.9,0.0,17.7,105.0,60.0,165.0,5.0,0.0,129.0,127.0,129.0,12.0,0,105.0,-2.0,0.047619047165532884,0.0,1.0,0
139.0,0.004,0.005,0.003,0.0,0.0,0.0,54.0,0.7,5.0,7.3,101.0,65.0,166.0,2.0,0.0,147.0,145.0,147.0,5.0,1,101.0,-2.0,0.019801980001960595,0.0,1.0,0
139.0,0.002,0.002,0.004,0.0,0.0,0.0,61.0,0.4,8.0,6.4,17.0,138.0,155.0,1.0,0.0,147.0,146.0,148.0,0.0,0,17.0,-2.0,0.05882352595155729,0.0,2.0,1
142.0,0.001,0.0,0.005,0.007500000000000001,0.0,0.0,28.0,3.1,0.0,4.2,135.0,53.0,188.0,8.0,0.0,143.0,130.0,139.0,57.0,0,135.0,-9.0,0.05925925882030179,0.0,1.0,0
142.0,0.0,0.0,0.003,0.007500000000000001,0.0,0.0,14.0,3.2,0.0,0.0,125.0,53.0,178.0,12.0,0.0,100.5,115.0,115.0,57.0,0,125.0,0.0,0.095999999232,0.0,1.0,0
142.0,0.001,0.0,0.005,0.007500000000000001,0.0,0.0,23.0,3.2,0.0,1.9,144.0,50.0,194.0,12.0,0.0,143.0,127.0,135.0,57.0,0,144.0,-8.0,0.08333333275462963,0.0,1.0,0
142.0,0.001,0.0,0.005,0.007500000000000001,0.0,0.0,29.0,2.7,0.0,2.8,144.0,50.0,194.0,8.0,0.0,143.0,132.0,139.0,42.0,0,144.0,-7.0,0.05555555516975309,0.0,1.0,0
142.0,0.001,0.0,0.007,0.007500000000000001,0.0,0.0,25.0,3.1,0.0,2.5,144.0,50.0,194.0,7.0,0.0,143.0,129.0,137.0,56.0,0,144.0,-8.0,0.04861111077353395,0.0,1.0,0
134.0,0.0,0.003,0.0,0.0,0.0,0.0,79.0,0.2,27.5,5.5,17.0,128.0,145.0,2.0,0.0,135.0,135.0,136.0,1.0,0,17.0,-1.0,0.11764705190311459,0.0,2.0,1
134.0,0.0,0.003,0.0,0.0,0.0,0.0,81.0,0.2,27.5,4.9,16.0,129.0,145.0,2.0,0.0,135.0,135.0,136.0,1.0,0,16.0,-1.0,0.12499999218750048,0.0,3.0,2
134.0,0.0,0.0,0.0,0.0,0.0,0.0,83.0,0.2,27.5,3.5,11.0,130.0,141.0,1.0,0.0,135.0,134.0,136.0,0.0,0,11.0,-2.0,0.09090908264462885,0.0,3.0,2
134.0,0.0,0.003,0.0,0.0,0.0,0.0,79.0,0.2,27.5,5.5,17.0,128.0,145.0,2.0,0.0,135.0,135.0,136.0,1.0,0,17.0,-1.0,0.11764705190311459,0.0,3.0,2
130.0,0.001,0.002,0.0,0.0,0.0,0.0,56.0,0.5,27.5,7.2,55.0,125.0,180.0,4.0,0.0,129.0,132.0,132.0,3.0,-1,55.0,0.0,0.0727272714049587,0.0,1.0,0
130.0,0.0,0.001,0.0,0.0,0.0,0.0,56.0,0.5,27.5,7.5,19.0,125.0,144.0,2.0,0.0,129.0,131.0,132.0,2.0,-1,19.0,-1.0,0.10526315235457093,0.0,1.0,0
130.0,0.0,0.001,0.0,0.0,0.0,0.0,59.0,0.4,27.5,6.8,21.0,125.0,146.0,1.0,0.0,129.0,132.0,133.0,3.0,-1,21.0,-1.0,0.04761904535147403,0.0,1.0,0
130.0,0.0,0.002,0.0,0.0,0.0,0.0,59.0,0.4,27.5,6.6,21.0,125.0,146.0,2.0,0.0,129.0,132.0,132.0,2.0,-1,21.0,0.0,0.09523809070294806,0.0,1.0,0
129.0,0.0,0.003,0.0,0.0,0.0,0.0,47.0,1.1,6.0,20.1,91.0,52.0,143.0,3.0,0.0,131.0,130.0,132.0,7.0,1,91.0,-2.0,0.03296703260475788,0.0,1.0,0
129.0,0.0,0.002,0.0,0.0,0.0,0.0,48.0,0.9,13.0,11.2,71.0,66.0,137.0,1.0,0.0,131.0,130.0,132.0,2.0,1,71.0,-2.0,0.014084506843880186,0.0,1.0,0
129.0,0.003,0.003,0.0,0.0,0.0,0.0,61.0,0.6,2.0,10.8,122.0,65.0,187.0,7.0,0.0,129.0,132.0,133.0,5.0,0,122.0,-1.0,0.05737704871002419,0.0,1.0,0
129.0,0.0,0.0,0.0,0.0,0.0,0.0,66.0,0.4,2.0,9.1,20.0,122.0,142.0,0.0,0.0,132.0,132.0,133.0,1.0,0,20.0,-1.0,0.0,0.0,2.0,1
129.0,0.003,0.005,0.0,0.0,0.0,0.0,61.0,0.4,7.0,6.7,67.0,111.0,178.0,4.0,0.0,143.0,138.0,140.0,7.0,0,67.0,-2.0,0.0597014916462464,0.0,1.0,0
129.0,0.004,0.006,0.0,0.0,0.0,0.0,61.0,0.4,5.0,5.8,29.0,121.0,150.0,2.0,0.0,143.0,137.0,139.0,7.0,0,29.0,-2.0,0.06896551486325811,0.0,1.0,0
129.0,0.0,0.002,0.0,0.0,0.0,0.0,69.0,0.3,14.0,7.6,25.0,127.0,152.0,0.0,0.0,139.0,135.0,136.0,4.0,-1,25.0,-1.0,0.0,0.0,2.0,1
129.0,0.003,0.001,0.0,0.0,0.0,0.0,59.0,0.9,21.0,19.4,118.0,66.0,184.0,12.0,0.0,133.0,135.0,137.0,7.0,0,118.0,-2.0,0.10169491439241599,0.0,1.0,0
141.0,0.0,0.002,0.0,0.0,0.0,0.0,67.0,0.4,27.5,9.2,78.0,70.0,148.0,2.0,0.0,143.0,141.0,143.0,1.0,1,78.0,-2.0,0.02564102531229455,0.0,2.0,1
141.0,0.0,0.003,0.0,0.0,0.0,0.0,76.0,0.2,27.5,4.3,12.0,134.0,146.0,1.0,0.0,142.0,140.0,142.0,0.0,0,12.0,-2.0,0.08333332638888948,0.0,2.0,1
141.0,0.0,0.0,0.0,0.0,0.0,0.0,61.0,0.4,27.5,5.3,13.0,135.0,148.0,1.0,0.0,144.0,143.0,145.0,0.0,1,13.0,-2.0,0.07692307100591762,0.0,2.0,1
135.0,0.0,0.0,0.0,0.0,0.0,0.0,67.0,0.4,27.5,4.6,76.0,67.0,143.0,2.0,0.0,137.0,136.0,138.0,0.0,1,76.0,-2.0,0.026315789127423828,0.0,3.0,2
135.0,0.0,0.0,0.0,0.0,0.0,0.0,68.0,0.3,27.5,3.9,10.0,133.0,143.0,1.0,0.0,137.0,136.0,138.0,0.0,0,10.0,-2.0,0.09999999000000101,0.0,3.0,2
134.0,0.0,0.0,0.0,0.0,0.0,0.0,81.0,0.2,27.5,1.3,3.0,133.0,136.0,1.0,0.0,135.0,134.0,136.0,0.0,1,3.0,-2.0,0.33333322222225925,0.0,3.0,2
134.0,0.0,0.0,0.0,0.0,0.0,0.0,80.0,0.2,27.5,1.3,3.0,133.0,136.0,1.0,0.0,135.0,134.0,136.0,0.0,1,3.0,-2.0,0.33333322222225925,0.0,3.0,2
130.0,0.0,0.001,0.0,0.001,0.0,0.0,78.0,0.2,27.5,2.0,28.0,105.0,133.0,6.0,0.0,131.0,130.0,132.0,1.0,1,28.0,-2.0,0.21428570663265334,0.0,3.0,2
130.0,0.0,0.003,0.0,0.003,0.0,0.0,74.0,0.4,27.5,2.5,60.0,105.0,165.0,6.0,0.0,131.0,128.0,131.0,3.0,0,60.0,-3.0,0.09999999833333337,0.0,2.0,1
130.0,0.0,0.0,0.0,0.0,0.0,0.0,79.0,0.2,27.5,1.7,6.0,127.0,133.0,1.0,0.0,130.0,130.0,131.0,0.0,1,6.0,-1.0,0.16666663888889352,0.0,3.0,2
130.0,0.0,0.002,0.0,0.002,0.0,0.0,75.0,0.3,27.5,2.1,60.0,105.0,165.0,6.0,0.0,130.0,129.0,131.0,1.0,0,60.0,-2.0,0.09999999833333337,0.0,2.0,1
137.0,0.0,0.003,0.001,0.0,0.0,0.0,77.0,0.2,27.5,6.6,29.0,127.0,156.0,2.0,0.0,138.0,141.0,141.0,3.0,0,29.0,0.0,0.06896551486325811,0.0,2.0,1
137.0,0.0,0.003,0.001,0.0,0.0,0.0,75.0,0.2,27.5,6.9,24.0,127.0,151.0,2.0,0.0,138.0,139.0,140.0,1.0,0,24.0,-1.0,0.08333332986111125,0.0,2.0,1
137.0,0.0,0.004,0.001,0.0,0.0,0.0,75.0,0.2,27.5,7.0,24.0,127.0,151.0,2.0,0.0,138.0,139.0,140.0,1.0,0,24.0,-1.0,0.08333332986111125,0.0,2.0,1
137.0,0.0,0.004,0.001,0.0,0.0,0.0,75.0,0.2,27.5,7.1,24.0,127.0,151.0,2.0,0.0,138.0,139.0,139.0,1.0,0,24.0,0.0,0.08333332986111125,0.0,2.0,1
128.0,0.0,0.004,0.0,0.0,0.0,0.0,73.0,0.2,27.5,7.3,22.0,122.0,144.0,1.0,0.0,129.0,132.0,133.0,3.0,0,22.0,-1.0,0.045454543388429844,0.0,2.0,1
128.0,0.0,0.005,0.0,0.0,0.0,0.0,73.0,0.3,27.5,7.1,22.0,122.0,144.0,1.0,0.0,129.0,130.0,131.0,1.0,0,22.0,-1.0,0.045454543388429844,0.0,2.0,1
128.0,0.0,0.002,0.0,0.0,0.0,0.0,78.0,0.2,27.5,6.8,17.0,127.0,144.0,2.0,0.0,133.0,135.0,135.0,2.0,0,17.0,0.0,0.11764705190311459,0.0,2.0,1
128.0,0.0,0.005,0.0,0.0,0.0,0.0,74.0,0.2,27.5,6.9,22.0,122.0,144.0,1.0,0.0,133.0,130.0,132.0,1.0,0,22.0,-2.0,0.045454543388429844,0.0,2.0,1
133.0,0.0,0.007500000000000001,0.0,0.0,0.0,0.0,69.0,0.4,25.0,10.0,58.0,127.0,185.0,5.0,0.0,133.0,136.0,137.0,4.0,-1,58.0,-1.0,0.08620689506539836,0.0,2.0,1
133.0,0.0,0.007500000000000001,0.0,0.0,0.0,0.0,72.0,0.3,20.0,8.8,32.0,115.0,147.0,2.0,0.0,133.0,136.0,136.0,3.0,0,32.0,0.0,0.06249999804687507,0.0,2.0,1
117.0,0.001,0.007500000000000001,0.0,0.0,0.0,0.0,53.0,0.7,8.0,12.0,77.0,56.0,133.0,6.0,0.0,123.0,121.0,123.0,3.0,1,77.0,-2.0,0.0779220769101029,0.0,1.0,0
117.0,0.0,0.007500000000000001,0.0,0.0,0.0,0.0,51.0,0.8,9.0,13.3,77.0,56.0,133.0,5.0,0.0,123.0,122.0,124.0,2.0,1,77.0,-2.0,0.06493506409175241,0.0,1.0,0
123.0,0.003,0.003,0.0,0.0,0.0,0.0,52.0,0.8,3.0,14.3,77.0,63.0,140.0,7.0,0.0,127.0,128.0,130.0,5.0,1,77.0,-2.0,0.09090908972845338,0.0,1.0,0
123.0,0.004,0.007,0.0,0.0,0.0,0.0,56.0,0.7,0.0,7.4,71.0,81.0,152.0,4.0,0.0,127.0,129.0,131.0,4.0,1,71.0,-2.0,0.056338027375520745,0.0,1.0,0
123.0,0.003,0.004,0.0,0.0,0.0,0.0,50.0,0.9,4.0,14.8,82.0,58.0,140.0,7.0,0.0,129.0,128.0,130.0,5.0,1,82.0,-2.0,0.08536585261748961,0.0,1.0,0
146.0,0.0,0.0,0.005,0.001,0.0,0.0,55.0,0.7,27.5,8.2,72.0,93.0,165.0,4.0,0.0,150.0,147.0,150.0,6.0,1,72.0,-3.0,0.05555555478395063,0.0,1.0,0
146.0,0.0,0.0,0.005,0.002,0.0,0.0,52.0,0.8,27.5,8.6,72.0,93.0,165.0,3.0,0.0,152.0,147.0,151.0,9.0,1,72.0,-4.0,0.041666666087962975,0.0,1.0,0
146.0,0.0,0.0,0.006,0.002,0.0,0.0,49.0,0.9,27.5,8.7,80.0,86.0,166.0,3.0,0.0,152.0,147.0,151.0,11.0,1,80.0,-4.0,0.03749999953125001,0.0,1.0,0
146.0,0.0,0.0,0.004,0.0,0.0,0.0,64.0,0.4,27.5,7.2,19.0,137.0,156.0,2.0,0.0,150.0,147.0,150.0,1.0,0,19.0,-3.0,0.10526315235457093,0.0,2.0,1
146.0,0.0,0.0,0.003,0.0,0.0,0.0,66.0,0.4,27.5,7.0,19.0,138.0,157.0,1.0,0.0,150.0,147.0,150.0,1.0,0,19.0,-3.0,0.05263157617728546,0.0,2.0,1
146.0,0.0,0.0,0.003,0.0,0.0,0.0,65.0,0.4,27.5,7.0,19.0,137.0,156.0,1.0,0.0,150.0,149.0,151.0,1.0,1,19.0,-2.0,0.05263157617728546,0.0,2.0,1
146.0,0.0,0.0,0.005,0.0,0.0,0.0,65.0,0.4,27.5,6.6,22.0,134.0,156.0,3.0,0.0,152.0,150.0,152.0,1.0,1,22.0,-2.0,0.13636363016528952,0.0,2.0,1
146.0,0.0,0.0,0.005,0.0,0.0,0.0,69.0,0.3,27.5,4.6,11.0,145.0,156.0,0.0,0.0,152.0,150.0,152.0,0.0,0,11.0,-2.0,0.0,0.0,2.0,1
146.0,0.0,0.0,0.005,0.001,0.0,0.0,65.0,0.4,27.5,7.0,28.0,134.0,162.0,4.0,0.0,152.0,150.0,152.0,1.0,0,28.0,-2.0,0.14285713775510223,0.0,2.0,1
146.0,0.0,0.0,0.006,0.0,0.0,0.0,65.0,0.4,27.5,7.4,30.0,134.0,164.0,1.0,0.0,150.0,149.0,151.0,1.0,0,30.0,-2.0,0.033333332222222255,0.0,2.0,1
146.0,0.0,0.0,0.005,0.007500000000000001,0.0,0.0,27.0,1.9,15.0,6.4,81.0,86.0,167.0,5.0,0.0,151.0,140.0,145.0,31.0,1,81.0,-5.0,0.06172839429964946,0.0,1.0,0
146.0,0.001,0.0,0.005,0.005,0.0,0.0,28.0,1.7,9.0,12.3,80.0,86.0,166.0,3.0,0.0,151.0,142.0,146.0,22.0,1,80.0,-4.0,0.03749999953125001,0.0,1.0,0
146.0,0.0,0.0,0.001,0.0,0.0,0.0,50.0,0.6,27.5,9.1,43.0,120.0,163.0,3.0,0.0,160.0,155.0,157.0,5.0,1,43.0,-2.0,0.06976744023796651,0.0,1.0,0
146.0,0.0,0.0,0.001,0.0,0.0,0.0,53.0,0.5,27.5,8.2,27.0,136.0,163.0,2.0,0.0,160.0,156.0,158.0,2.0,1,27.0,-2.0,0.07407407133058995,0.0,1.0,0
146.0,0.0,0.0,0.001,0.0,0.0,0.0,53.0,0.5,27.5,8.2,27.0,136.0,163.0,2.0,0.0,160.0,156.0,158.0,2.0,1,27.0,-2.0,0.07407407133058995,0.0,2.0,1
146.0,0.001,0.0,0.003,0.002,0.0,0.0,42.0,1.0,27.5,7.5,88.0,84.0,172.0,2.0,0.0,157.0,151.0,156.0,17.0,1,88.0,-5.0,0.02272727246900827,0.0,1.0,0
146.0,0.0,0.0,0.002,0.0,0.0,0.0,61.0,0.4,27.5,6.8,45.0,118.0,163.0,5.0,0.0,157.0,154.0,157.0,2.0,1,45.0,-3.0,0.11111110864197538,0.0,2.0,1
146.0,0.0,0.0,0.002,0.001,0.0,0.0,53.0,0.7,27.5,8.1,70.0,93.0,163.0,4.0,0.0,157.0,152.0,156.0,8.0,1,70.0,-4.0,0.05714285632653063,0.0,2.0,1
146.0,0.003,0.0,0.003,0.003,0.0,0.0,37.0,1.3,27.5,7.2,79.0,93.0,172.0,2.0,0.0,162.0,152.0,156.0,23.0,1,79.0,-4.0,0.025316455375741072,0.0,1.0,0
146.0,0.003,0.0,0.004,0.002,0.0,0.0,38.0,1.2,27.5,6.9,78.0,94.0,172.0,2.0,0.0,162.0,154.0,158.0,19.0,1,78.0,-4.0,0.02564102531229455,0.0,1.0,0
146.0,0.004,0.0,0.004,0.004,0.0,0.0,31.0,1.5,22.0,6.5,88.0,84.0,172.0,1.0,0.0,162.0,150.0,156.0,36.0,1,88.0,-6.0,0.011363636234504135,0.0,1.0,0
146.0,0.003,0.0,0.003,0.003,0.0,0.0,28.0,1.6,0.0,6.4,93.0,80.0,173.0,4.0,0.0,148.0,148.0,151.0,28.0,1,93.0,-3.0,0.04301075222569084,0.0,1.0,0
146.0,0.0,0.0,0.004,0.004,0.0,0.0,28.0,1.4,15.0,6.7,83.0,80.0,163.0,4.0,0.0,148.0,145.0,151.0,24.0,1,83.0,-6.0,0.04819277050370156,0.0,1.0,0
146.0,0.002,0.0,0.004,0.004,0.0,0.0,28.0,1.4,16.0,6.7,85.0,80.0,165.0,5.0,0.0,148.0,146.0,151.0,25.0,1,85.0,-5.0,0.05882352871972319,0.0,1.0,0
152.0,0.0,0.0,0.002,0.0,0.0,0.0,60.0,0.4,27.5,8.0,36.0,128.0,164.0,2.0,0.0,160.0,157.0,160.0,2.0,1,36.0,-3.0,0.05555555401234573,0.0,2.0,1
152.0,0.0,0.0,0.002,0.0,0.0,0.0,59.0,0.5,27.5,9.1,36.0,128.0,164.0,2.0,0.0,160.0,157.0,160.0,2.0,1,36.0,-3.0,0.05555555401234573,0.0,1.0,0
152.0,0.0,0.0,0.003,0.0,0.0,0.0,61.0,0.4,27.5,6.1,34.0,129.0,163.0,3.0,0.0,160.0,157.0,160.0,1.0,1,34.0,-3.0,0.08823529152249143,0.0,2.0,1
152.0,0.0,0.0,0.002,0.0,0.0,0.0,60.0,0.4,27.5,7.1,34.0,129.0,163.0,3.0,0.0,160.0,157.0,160.0,1.0,1,34.0,-3.0,0.08823529152249143,0.0,2.0,1
152.0,0.0,0.0,0.004,0.0,0.0,0.0,62.0,0.4,27.5,3.9,10.0,152.0,162.0,1.0,0.0,160.0,158.0,160.0,0.0,1,10.0,-2.0,0.09999999000000101,0.0,2.0,1
152.0,0.0,0.0,0.005,0.0,0.0,0.0,60.0,0.4,27.5,4.0,13.0,150.0,163.0,1.0,0.0,160.0,158.0,160.0,0.0,1,13.0,-2.0,0.07692307100591762,0.0,2.0,1
152.0,0.0,0.0,0.003,0.0,0.0,0.0,61.0,0.4,27.5,5.8,30.0,134.0,164.0,4.0,0.0,160.0,158.0,160.0,1.0,1,30.0,-2.0,0.13333332888888902,0.0,3.0,2
152.0,0.0,0.0,0.002,0.0,0.0,0.0,61.0,0.4,27.5,6.7,41.0,123.0,164.0,4.0,0.0,160.0,158.0,160.0,1.0,1,41.0,-2.0,0.09756097323022017,0.0,3.0,2
152.0,0.0,0.0,0.005,0.0,0.0,0.0,62.0,0.4,27.5,5.6,25.0,136.0,161.0,0.0,0.0,159.0,156.0,158.0,1.0,1,25.0,-2.0,0.0,0.0,2.0,1
152.0,0.0,0.0,0.005,0.001,0.0,0.0,58.0,0.5,27.5,7.1,53.0,110.0,163.0,4.0,0.0,159.0,154.0,157.0,4.0,1,53.0,-3.0,0.07547169668921327,0.0,1.0,0
152.0,0.0,0.0,0.005,0.002,0.0,0.0,55.0,0.6,27.5,6.7,64.0,99.0,163.0,4.0,0.0,159.0,154.0,158.0,5.0,1,64.0,-4.0,0.062499999023437516,0.0,1.0,0
152.0,0.0,0.0,0.004,0.0,0.0,0.0,59.0,0.5,27.5,9.5,38.0,126.0,164.0,3.0,0.0,160.0,157.0,159.0,2.0,1,38.0,-2.0,0.07894736634349037,0.0,2.0,1
152.0,0.0,0.0,0.004,0.001,0.0,0.0,58.0,0.5,27.5,7.5,54.0,110.0,164.0,3.0,0.0,159.0,155.0,158.0,4.0,1,54.0,-3.0,0.05555555452674899,0.0,1.0,0
152.0,0.0,0.0,0.004,0.001,0.0,0.0,57.0,0.6,27.5,6.8,53.0,110.0,163.0,4.0,0.0,159.0,154.0,158.0,5.0,1,53.0,-4.0,0.07547169668921327,0.0,1.0,0
152.0,0.0,0.0,0.002,0.002,0.0,0.0,61.0,0.5,27.5,3.4,61.0,99.0,160.0,4.0,0.0,159.0,155.0,158.0,4.0,1,61.0,-3.0,0.06557376941682345,0.0,2.0,1
152.0,0.0,0.0,0.007,0.002,0.0,0.0,56.0,0.6,27.5,6.8,61.0,99.0,160.0,3.0,0.0,157.0,153.0,156.0,5.0,1,61.0,-3.0,0.049180327062617595,0.0,1.0,0
152.0,0.0,0.0,0.005,0.0,0.0,0.0,57.0,0.5,27.5,8.7,41.0,123.0,164.0,4.0,0.0,160.0,158.0,161.0,1.0,1,41.0,-3.0,0.09756097323022017,0.0,1.0,0
128.0,0.007,0.0,0.003,0.005,0.0,0.0,23.0,2.4,0.0,4.6,101.0,70.0,171.0,7.0,0.0,155.0,140.0,144.0,46.0,1,101.0,-4.0,0.06930693000686208,0.0,1.0,0
128.0,0.006,0.0,0.002,0.007500000000000001,0.0,0.0,16.0,3.2,0.0,3.7,114.0,57.0,171.0,6.0,0.0,136.0,130.0,136.0,26.0,1,114.0,-6.0,0.05263157848568791,0.0,1.0,0
128.0,0.004,0.0,0.002,0.007,0.0,0.0,20.0,2.6,0.0,13.2,92.0,79.0,171.0,2.0,0.0,151.0,137.0,142.0,39.0,1,92.0,-5.0,0.021739130198487715,0.0,1.0,0
128.0,0.008,0.0,0.003,0.005,0.0,0.0,26.0,2.2,0.0,5.7,95.0,79.0,174.0,2.0,0.0,157.0,142.0,146.0,43.0,1,95.0,-4.0,0.02105263135734072,0.0,1.0,0
138.0,0.0,0.0,0.005,0.0,0.0,0.0,45.0,0.7,27.5,6.5,39.0,113.0,152.0,3.0,0.0,141.0,139.0,141.0,1.0,1,39.0,-2.0,0.0769230749506904,0.0,1.0,0
138.0,0.0,0.0,0.005,0.0,0.0,0.0,45.0,0.7,27.5,6.7,39.0,113.0,152.0,3.0,0.0,141.0,139.0,141.0,1.0,1,39.0,-2.0,0.0769230749506904,0.0,2.0,1
138.0,0.0,0.0,0.004,0.0,0.0,0.0,46.0,0.7,27.5,7.8,39.0,113.0,152.0,4.0,0.0,141.0,138.0,141.0,2.0,1,39.0,-3.0,0.10256409993425386,0.0,1.0,0
138.0,0.0,0.0,0.003,0.0,0.0,0.0,42.0,0.8,27.5,7.8,39.0,113.0,152.0,3.0,0.0,141.0,139.0,142.0,1.0,1,39.0,-3.0,0.0769230749506904,0.0,1.0,0
138.0,0.0,0.0,0.004,0.0,0.0,0.0,42.0,0.7,27.5,7.2,39.0,113.0,152.0,2.0,0.0,141.0,139.0,142.0,1.0,1,39.0,-3.0,0.05128204996712693,0.0,1.0,0
138.0,0.0,0.0,0.003,0.0,0.0,0.0,44.0,0.6,27.5,5.1,19.0,130.0,149.0,1.0,0.0,141.0,140.0,142.0,0.0,0,19.0,-2.0,0.05263157617728546,0.0,2.0,1
138.0,0.0,0.0,0.003,0.0,0.0,0.0,43.0,0.6,27.5,5.4,19.0,130.0,149.0,1.0,0.0,141.0,140.0,142.0,0.0,0,19.0,-2.0,0.05263157617728546,0.0,1.0,0
138.0,0.001,0.0,0.003,0.0,0.0,0.0,39.0,0.8,12.0,10.5,49.0,105.0,154.0,5.0,0.0,141.0,141.0,142.0,1.0,1,49.0,-1.0,0.10204081424406503,0.0,1.0,0
138.0,0.001,0.0,0.004,0.0,0.0,0.0,39.0,0.8,9.0,10.9,49.0,105.0,154.0,5.0,0.0,142.0,141.0,143.0,1.0,1,49.0,-2.0,0.10204081424406503,0.0,1.0,0
138.0,0.001,0.0,0.003,0.0,0.0,0.0,40.0,0.8,7.0,10.8,49.0,105.0,154.0,5.0,0.0,142.0,141.0,143.0,1.0,1,49.0,-2.0,0.10204081424406503,0.0,1.0,0
138.0,0.002,0.0,0.004,0.0,0.0,0.0,41.0,0.8,8.0,10.3,51.0,105.0,156.0,4.0,0.0,142.0,142.0,143.0,2.0,1,51.0,-1.0,0.0784313710111496,0.0,1.0,0
138.0,0.001,0.0,0.004,0.0,0.0,0.0,43.0,0.7,9.0,8.3,25.0,131.0,156.0,0.0,0.0,142.0,142.0,144.0,1.0,0,25.0,-2.0,0.0,0.0,1.0,0
138.0,0.002,0.0,0.005,0.0,0.0,0.0,45.0,0.7,13.0,6.5,25.0,131.0,156.0,0.0,0.0,147.0,145.0,146.0,2.0,0,25.0,-1.0,0.0,0.0,1.0,0
138.0,0.0,0.0,0.004,0.0,0.0,0.0,39.0,0.8,10.0,9.1,23.0,131.0,154.0,2.0,0.0,142.0,141.0,143.0,1.0,0,23.0,-2.0,0.08695651795841226,0.0,1.0,0
138.0,0.0,0.0,0.001,0.0,0.0,0.0,41.0,0.7,27.5,7.8,25.0,129.0,154.0,2.0,0.0,140.0,140.0,141.0,1.0,0,25.0,-1.0,0.07999999680000013,0.0,1.0,0
138.0,0.0,0.0,0.002,0.0,0.0,0.0,44.0,0.7,27.5,5.0,16.0,129.0,145.0,1.0,0.0,141.0,140.0,142.0,0.0,1,16.0,-2.0,0.06249999609375024,0.0,1.0,0
142.0,0.0,0.0,0.004,0.0,0.0,0.0,45.0,0.7,21.0,8.9,25.0,132.0,157.0,1.0,0.0,145.0,144.0,146.0,1.0,0,25.0,-2.0,0.03999999840000006,0.0,1.0,0
142.0,0.0,0.0,0.004,0.0,0.0,0.0,43.0,0.8,3.0,9.6,25.0,132.0,157.0,1.0,0.0,145.0,144.0,146.0,1.0,0,25.0,-2.0,0.03999999840000006,0.0,1.0,0
142.0,0.0,0.0,0.004,0.0,0.0,0.0,44.0,0.8,1.0,11.1,32.0,126.0,158.0,1.0,0.0,145.0,146.0,147.0,2.0,0,32.0,-1.0,0.031249999023437534,0.0,1.0,0
142.0,0.0,0.0,0.005,0.0,0.0,0.0,41.0,0.8,0.0,12.6,32.0,126.0,158.0,0.0,0.0,151.0,146.0,148.0,5.0,1,32.0,-2.0,0.0,0.0,1.0,0
142.0,0.0,0.0,0.004,0.0,0.0,0.0,41.0,0.9,0.0,11.7,35.0,123.0,158.0,0.0,0.0,151.0,146.0,149.0,7.0,1,35.0,-3.0,0.0,0.0,1.0,0
142.0,0.001,0.0,0.004,0.0,0.0,0.0,39.0,0.9,0.0,12.0,32.0,127.0,159.0,1.0,0.0,151.0,147.0,149.0,4.0,1,32.0,-2.0,0.031249999023437534,0.0,1.0,0
142.0,0.003,0.0,0.004,0.0,0.0,0.0,46.0,0.7,27.0,5.9,26.0,133.0,159.0,1.0,0.0,150.0,148.0,150.0,1.0,0,26.0,-2.0,0.03846153698224858,0.0,1.0,0
142.0,0.003,0.0,0.004,0.0,0.0,0.0,36.0,1.0,13.0,12.0,95.0,71.0,166.0,5.0,0.0,145.0,145.0,146.0,2.0,1,95.0,-1.0,0.05263157839335181,0.0,1.0,0
142.0,0.001,0.0,0.005,0.0,0.0,0.0,44.0,0.7,27.5,7.1,28.0,130.0,158.0,3.0,0.0,147.0,146.0,148.0,0.0,0,28.0,-2.0,0.10714285331632667,0.0,1.0,0
142.0,0.002,0.0,0.003,0.0,0.0,0.0,45.0,0.7,16.0,8.4,24.0,135.0,159.0,0.0,0.0,150.0,149.0,150.0,1.0,0,24.0,-1.0,0.0,0.0,1.0,0
142.0,0.002,0.0,0.003,0.0,0.0,0.0,38.0,0.9,0.0,11.4,32.0,127.0,159.0,1.0,0.0,151.0,146.0,149.0,5.0,0,32.0,-3.0,0.031249999023437534,0.0,1.0,0
142.0,0.0,0.0,0.004,0.0,0.0,0.0,49.0,0.6,27.5,7.1,17.0,140.0,157.0,1.0,0.0,150.0,148.0,150.0,0.0,0,17.0,-2.0,0.05882352595155729,0.0,1.0,0
142.0,0.001,0.0,0.006,0.0,0.0,0.0,43.0,0.7,27.5,7.2,28.0,130.0,158.0,3.0,0.0,147.0,146.0,148.0,0.0,0,28.0,-2.0,0.10714285331632667,0.0,1.0,0
142.0,0.002,0.0,0.007,0.0,0.0,0.0,44.0,0.7,27.5,7.3,39.0,119.0,158.0,4.0,0.0,147.0,146.0,148.0,1.0,1,39.0,-2.0,0.10256409993425386,0.0,1.0,0
136.0,0.007,0.0,0.005,0.0,0.0,0.0,42.0,0.7,20.0,4.0,38.0,120.0,158.0,2.0,0.0,141.0,143.0,144.0,3.0,0,38.0,-1.0,0.05263157756232691,0.0,1.0,0
136.0,0.008,0.0,0.007,0.0,0.0,0.0,42.0,0.7,20.0,4.3,38.0,120.0,158.0,2.0,0.0,141.0,143.0,144.0,3.0,0,38.0,-1.0,0.05263157756232691,0.0,1.0,0
136.0,0.005,0.0,0.004,0.0,0.0,0.0,42.0,0.7,18.0,4.5,38.0,120.0,158.0,2.0,0.0,141.0,142.0,143.0,2.0,0,38.0,-1.0,0.05263157756232691,0.0,1.0,0
136.0,0.004,0.0,0.005,0.0,0.0,0.0,42.0,0.7,22.0,4.5,37.0,120.0,157.0,3.0,0.0,141.0,141.0,142.0,1.0,0,37.0,-1.0,0.08108107888970058,0.0,1.0,0
136.0,0.003,0.0,0.005,0.0,0.0,0.0,44.0,0.7,18.0,4.1,24.0,133.0,157.0,1.0,0.0,140.0,141.0,142.0,1.0,0,24.0,-1.0,0.041666664930555625,0.0,1.0,0
136.0,0.002,0.0,0.005,0.0,0.0,0.0,44.0,0.7,14.0,7.1,27.0,126.0,153.0,2.0,0.0,142.0,140.0,142.0,1.0,0,27.0,-2.0,0.07407407133058995,0.0,1.0,0
135.0,0.002,0.0,0.005,0.0,0.0,0.0,42.0,0.8,7.0,8.5,34.0,119.0,153.0,3.0,0.0,142.0,140.0,142.0,1.0,0,34.0,-2.0,0.08823529152249143,0.0,1.0,0
135.0,0.001,0.0,0.006,0.0,0.0,0.0,41.0,0.8,6.0,9.5,34.0,119.0,153.0,3.0,0.0,142.0,140.0,142.0,2.0,0,34.0,-2.0,0.08823529152249143,0.0,1.0,0
136.0,0.002,0.0,0.005,0.0,0.0,0.0,40.0,0.8,7.0,10.3,35.0,119.0,154.0,2.0,0.0,138.0,139.0,140.0,2.0,0,35.0,-1.0,0.057142855510204135,0.0,1.0,0
136.0,0.002,0.0,0.006,0.0,0.0,0.0,39.0,0.9,8.0,11.2,47.0,107.0,154.0,1.0,0.0,138.0,139.0,139.0,2.0,0,47.0,0.0,0.021276595291987336,0.0,1.0,0
136.0,0.001,0.0,0.005,0.0,0.0,0.0,37.0,0.9,0.0,12.1,36.0,118.0,154.0,2.0,0.0,138.0,139.0,141.0,2.0,0,36.0,-2.0,0.05555555401234573,0.0,1.0,0
136.0,0.001,0.0,0.004,0.0,0.0,0.0,37.0,0.9,0.0,11.7,47.0,107.0,154.0,2.0,0.0,138.0,139.0,140.0,2.0,1,47.0,-1.0,0.04255319058397467,0.0,1.0,0
136.0,0.0,0.0,0.007,0.0,0.0,0.0,39.0,0.9,0.0,12.6,41.0,110.0,151.0,3.0,0.0,139.0,139.0,140.0,1.0,1,41.0,-1.0,0.07317072992266513,0.0,1.0,0
136.0,0.001,0.0,0.005,0.0,0.0,0.0,36.0,0.9,2.0,10.4,29.0,124.0,153.0,2.0,0.0,139.0,139.0,140.0,1.0,0,29.0,-1.0,0.06896551486325811,0.0,1.0,0
136.0,0.001,0.0,0.005,0.0,0.0,0.0,37.0,0.9,12.0,8.8,33.0,124.0,157.0,3.0,0.0,139.0,139.0,140.0,1.0,0,33.0,-1.0,0.09090908815427007,0.0,1.0,0
136.0,0.001,0.0,0.004,0.0,0.0,0.0,39.0,0.8,27.5,6.6,33.0,124.0,157.0,4.0,0.0,141.0,139.0,141.0,1.0,0,33.0,-2.0,0.12121211753902675,0.0,1.0,0
136.0,0.0,0.0,0.002,0.0,0.0,0.0,44.0,0.7,27.5,5.3,12.0,135.0,147.0,1.0,0.0,141.0,140.0,142.0,0.0,0,12.0,-2.0,0.08333332638888948,0.0,1.0,0
136.0,0.002,0.0,0.006,0.0,0.0,0.0,45.0,0.6,27.5,4.3,19.0,135.0,154.0,2.0,0.0,141.0,141.0,142.0,0.0,-1,19.0,-1.0,0.10526315235457093,0.0,1.0,0
136.0,0.0,0.0,0.005,0.0,0.0,0.0,51.0,0.5,25.0,6.2,15.0,135.0,150.0,1.0,0.0,144.0,143.0,144.0,0.0,0,15.0,-1.0,0.06666666222222252,0.0,1.0,0
136.0,0.0,0.0,0.004,0.0,0.0,0.0,52.0,0.5,27.5,6.1,14.0,136.0,150.0,1.0,0.0,144.0,143.0,145.0,0.0,0,14.0,-2.0,0.07142856632653098,0.0,1.0,0
136.0,0.001,0.0,0.003,0.0,0.0,0.0,46.0,0.6,27.5,4.7,18.0,136.0,154.0,1.0,0.0,141.0,141.0,142.0,0.0,-1,18.0,-1.0,0.055555552469135974,0.0,1.0,0
136.0,0.001,0.0,0.005,0.0,0.0,0.0,47.0,0.6,27.5,5.3,18.0,136.0,154.0,1.0,0.0,141.0,141.0,142.0,0.0,-1,18.0,-1.0,0.055555552469135974,0.0,1.0,0
136.0,0.0,0.0,0.004,0.0,0.0,0.0,51.0,0.6,27.5,6.2,12.0,136.0,148.0,1.0,0.0,144.0,142.0,144.0,0.0,0,12.0,-2.0,0.08333332638888948,0.0,1.0,0
136.0,0.002,0.0,0.004,0.0,0.0,0.0,43.0,0.7,27.5,5.2,23.0,131.0,154.0,3.0,0.0,141.0,140.0,142.0,0.0,0,23.0,-2.0,0.1304347769376184,0.0,1.0,0
144.0,0.0,0.0,0.006,0.0,0.0,0.0,38.0,0.8,6.0,8.7,27.0,134.0,161.0,1.0,0.0,148.0,147.0,149.0,1.0,0,27.0,-2.0,0.037037035665294975,0.0,1.0,0
144.0,0.0,0.0,0.007,0.0,0.0,0.0,36.0,0.8,2.0,10.4,27.0,134.0,161.0,0.0,0.0,147.0,147.0,148.0,1.0,0,27.0,-1.0,0.0,0.0,1.0,0
144.0,0.0,0.0,0.006,0.0,0.0,0.0,37.0,0.9,3.0,11.5,27.0,134.0,161.0,0.0,0.0,148.0,148.0,149.0,1.0,0,27.0,-1.0,0.0,0.0,1.0,0
144.0,0.001,0.0,0.006,0.0,0.0,0.0,35.0,0.9,2.0,10.8,36.0,125.0,161.0,0.0,0.0,150.0,148.0,150.0,2.0,1,36.0,-2.0,0.0,0.0,1.0,0
144.0,0.0,0.0,0.006,0.0,0.0,0.0,32.0,1.0,0.0,13.2,38.0,122.0,160.0,1.0,0.0,150.0,147.0,149.0,2.0,1,38.0,-2.0,0.026315788781163457,0.0,1.0,0
144.0,0.001,0.0,0.005,0.0,0.0,0.0,30.0,1.1,0.0,13.5,43.0,122.0,165.0,0.0,0.0,148.0,147.0,149.0,3.0,0,43.0,-2.0,0.0,0.0,1.0,0
144.0,0.004,0.0,0.006,0.0,0.0,0.0,32.0,1.2,0.0,12.6,58.0,117.0,175.0,4.0,0.0,148.0,150.0,150.0,8.0,0,58.0,0.0,0.0689655160523187,0.0,1.0,0
144.0,0.003,0.0,0.005,0.0,0.0,0.0,29.0,1.4,0.0,18.1,58.0,117.0,175.0,3.0,0.0,150.0,149.0,150.0,9.0,0,58.0,-1.0,0.05172413703923902,0.0,1.0,0
144.0,0.002,0.0,0.007,0.002,0.0,0.0,26.0,1.6,0.0,20.1,76.0,99.0,175.0,3.0,0.0,150.0,148.0,150.0,12.0,0,76.0,-2.0,0.03947368369113574,0.0,1.0,0
144.0,0.0,0.0,0.007,0.003,0.0,0.0,22.0,1.8,0.0,20.1,76.0,96.0,172.0,3.0,0.0,148.0,144.0,147.0,11.0,1,76.0,-3.0,0.03947368369113574,0.0,1.0,0
146.0,0.0,0.0,0.008,0.001,0.0,0.0,28.0,1.5,11.0,20.1,82.0,92.0,174.0,6.0,0.0,150.0,147.0,150.0,8.0,1,82.0,-3.0,0.07317073081499109,0.0,1.0,0
146.0,0.0,0.0,0.007,0.002,0.0,0.0,30.0,1.3,4.0,17.6,75.0,93.0,168.0,5.0,0.0,147.0,145.0,148.0,6.0,1,75.0,-3.0,0.06666666577777779,0.0,1.0,0
146.0,0.0,0.0,0.007,0.005,0.0,0.0,30.0,1.1,0.0,4.7,59.0,99.0,158.0,3.0,0.0,147.0,143.0,147.0,5.0,1,59.0,-4.0,0.050847456765297346,0.0,1.0,0
146.0,0.004,0.0,0.005,0.003,0.0,0.0,29.0,1.2,1.0,7.0,62.0,107.0,169.0,2.0,0.0,150.0,147.0,149.0,7.0,0,62.0,-2.0,0.03225806399583768,0.0,1.0,0
146.0,0.005,0.0,0.005,0.003,0.0,0.0,29.0,1.3,2.0,7.5,70.0,99.0,169.0,2.0,0.0,150.0,148.0,150.0,7.0,1,70.0,-2.0,0.028571428163265314,0.0,1.0,0
146.0,0.008,0.0,0.007,0.0,0.0,0.0,28.0,1.3,1.0,6.9,65.0,120.0,185.0,7.0,0.0,153.0,154.0,155.0,6.0,0,65.0,-1.0,0.10769230603550299,0.0,1.0,0
146.0,0.006,0.0,0.008,0.0,0.0,0.0,27.0,1.3,0.0,9.4,62.0,126.0,188.0,4.0,0.0,157.0,156.0,157.0,5.0,0,62.0,-1.0,0.06451612799167536,0.0,1.0,0
146.0,0.002,0.0,0.0,0.007500000000000001,0.0,0.0,19.0,3.2,0.0,15.0,150.0,50.0,200.0,8.0,0.0,148.0,139.0,146.0,36.0,0,150.0,-7.0,0.05333333297777778,0.0,1.0,0
146.0,0.003,0.0,0.002,0.005,0.0,0.0,25.0,2.5,0.0,11.2,92.0,80.0,172.0,8.0,0.0,155.0,145.0,152.0,32.0,1,92.0,-7.0,0.08695652079395086,0.0,1.0,0
146.0,0.005,0.0,0.005,0.001,0.0,0.0,27.0,1.5,0.0,14.4,55.0,119.0,174.0,5.0,0.0,155.0,152.0,155.0,8.0,0,55.0,-3.0,0.09090908925619838,0.0,1.0,0
122.0,0.0,0.0,0.001,0.0,0.0,0.0,40.0,0.7,12.0,8.0,23.0,106.0,129.0,1.0,0.0,125.0,121.0,124.0,3.0,1,23.0,-3.0,0.04347825897920613,0.0,1.0,0
122.0,0.0,0.0,0.001,0.0,0.0,0.0,37.0,0.8,2.0,9.4,33.0,99.0,132.0,2.0,0.0,123.0,122.0,124.0,1.0,1,33.0,-2.0,0.060606058769513374,0.0,1.0,0
122.0,0.003,0.0,0.003,0.0,0.0,0.0,32.0,1.2,0.0,8.7,52.0,95.0,147.0,3.0,0.0,123.0,122.0,124.0,4.0,0,52.0,-2.0,0.05769230658284026,0.0,1.0,0
122.0,0.004,0.0,0.002,0.0,0.0,0.0,27.0,1.6,0.0,3.2,60.0,87.0,147.0,1.0,0.0,123.0,118.0,123.0,18.0,0,60.0,-5.0,0.016666666388888893,0.0,1.0,0
122.0,0.0,0.0,0.005,0.0,0.0,0.0,33.0,1.1,8.0,7.2,60.0,87.0,147.0,4.0,0.0,120.0,115.0,120.0,11.0,0,60.0,-5.0,0.06666666555555557,0.0,1.0,0
122.0,0.0,0.0,0.003,0.002,0.0,0.0,36.0,1.0,12.0,7.7,42.0,87.0,129.0,2.0,0.0,123.0,117.0,121.0,10.0,1,42.0,-4.0,0.0476190464852608,0.0,1.0,0
122.0,0.0,0.0,0.004,0.0,0.0,0.0,39.0,0.8,10.0,8.4,23.0,106.0,129.0,1.0,0.0,123.0,119.0,121.0,2.0,0,23.0,-2.0,0.04347825897920613,0.0,1.0,0
122.0,0.0,0.0,0.005,0.0,0.0,0.0,37.0,0.8,11.0,10.0,26.0,109.0,135.0,2.0,0.0,123.0,125.0,126.0,2.0,0,26.0,-1.0,0.07692307396449716,0.0,1.0,0
122.0,0.0,0.0,0.007,0.003,0.0,0.0,31.0,1.0,7.0,9.5,32.0,101.0,133.0,2.0,0.0,123.0,122.0,124.0,3.0,1,32.0,-2.0,0.06249999804687507,0.0,1.0,0
122.0,0.002,0.0,0.002,0.0,0.0,0.0,31.0,1.2,1.0,8.3,60.0,87.0,147.0,2.0,0.0,120.0,119.0,123.0,9.0,0,60.0,-4.0,0.03333333277777779,0.0,1.0,0
122.0,0.004,0.0,0.002,0.0,0.0,0.0,31.0,1.3,0.0,8.8,52.0,95.0,147.0,2.0,0.0,120.0,123.0,124.0,5.0,0,52.0,-1.0,0.03846153772189351,0.0,1.0,0
122.0,0.005,0.0,0.004,0.003,0.0,0.0,31.0,1.2,0.0,6.7,57.0,93.0,150.0,2.0,0.0,133.0,130.0,134.0,12.0,1,57.0,-4.0,0.035087718682671604,0.0,1.0,0
122.0,0.002,0.0,0.005,0.002,0.0,0.0,23.0,1.7,3.0,9.3,73.0,84.0,157.0,3.0,0.0,126.0,121.0,122.0,14.0,0,73.0,-1.0,0.04109588984800151,0.0,1.0,0
122.0,0.0,0.0,0.006,0.002,0.0,0.0,27.0,1.4,4.0,12.3,53.0,91.0,144.0,4.0,0.0,126.0,120.0,122.0,6.0,0,53.0,-2.0,0.07547169668921327,0.0,1.0,0
122.0,0.002,0.0,0.005,0.003,0.0,0.0,26.0,1.5,0.0,7.7,68.0,89.0,157.0,2.0,0.0,125.0,122.0,124.0,11.0,0,68.0,-2.0,0.02941176427335641,0.0,1.0,0
122.0,0.001,0.0,0.005,0.003,0.0,0.0,28.0,1.4,0.0,8.5,52.0,89.0,141.0,3.0,0.0,125.0,120.0,123.0,9.0,0,52.0,-3.0,0.05769230658284026,0.0,1.0,0
122.0,0.005,0.0,0.004,0.003,0.0,0.0,32.0,1.2,0.0,6.5,57.0,93.0,150.0,2.0,0.0,133.0,130.0,134.0,12.0,1,57.0,-4.0,0.035087718682671604,0.0,1.0,0
122.0,0.005,0.0,0.006,0.0,0.0,0.0,34.0,1.0,0.0,8.3,53.0,97.0,150.0,3.0,0.0,133.0,132.0,134.0,3.0,1,53.0,-2.0,0.056603772516909956,0.0,1.0,0
122.0,0.0,0.0,0.007,0.003,0.0,0.0,30.0,1.3,0.0,11.6,51.0,89.0,140.0,1.0,0.0,127.0,121.0,125.0,8.0,1,51.0,-4.0,0.0196078427527874,0.0,1.0,0
122.0,0.0,0.0,0.008,0.0,0.0,0.0,34.0,0.9,0.0,12.1,30.0,108.0,138.0,1.0,0.0,127.0,125.0,128.0,2.0,0,30.0,-3.0,0.033333332222222255,0.0,1.0,0
122.0,0.002,0.0,0.005,0.002,0.0,0.0,26.0,1.5,4.0,10.0,66.0,91.0,157.0,3.0,0.0,126.0,121.0,123.0,11.0,0,66.0,-2.0,0.04545454476584023,0.0,1.0,0
126.0,0.003,0.0,0.007,0.003,0.0,0.0,25.0,1.8,0.0,14.6,102.0,52.0,154.0,3.0,0.0,136.0,130.0,134.0,12.0,1,102.0,-4.0,0.02941176441753172,0.0,1.0,0
126.0,0.003,0.0,0.005,0.001,0.0,0.0,30.0,1.2,0.0,10.8,52.0,95.0,147.0,3.0,0.0,136.0,131.0,134.0,7.0,1,52.0,-3.0,0.05769230658284026,0.0,1.0,0
126.0,0.0,0.0,0.008,0.0,0.0,0.0,33.0,1.0,0.0,13.7,32.0,109.0,141.0,1.0,0.0,131.0,131.0,133.0,2.0,1,32.0,-2.0,0.031249999023437534,0.0,1.0,0
126.0,0.0,0.0,0.007,0.0,0.0,0.0,34.0,0.9,0.0,14.8,31.0,111.0,142.0,1.0,0.0,133.0,132.0,134.0,2.0,1,31.0,-2.0,0.032258063475546335,0.0,1.0,0
126.0,0.0,0.0,0.008,0.0,0.0,0.0,34.0,1.0,0.0,15.2,33.0,109.0,142.0,1.0,0.0,134.0,131.0,134.0,3.0,1,33.0,-3.0,0.030303029384756687,0.0,1.0,0
136.0,0.0,0.0,0.006,0.003,0.0,0.0,56.0,1.1,27.5,7.4,95.0,74.0,169.0,4.0,0.0,140.0,137.0,140.0,12.0,1,95.0,-3.0,0.04210526271468144,0.0,1.0,0
136.0,0.0,0.0,0.002,0.0,0.0,0.0,66.0,0.4,27.5,5.6,24.0,127.0,151.0,1.0,0.0,142.0,140.0,142.0,0.0,0,24.0,-2.0,0.041666664930555625,0.0,2.0,1
136.0,0.001,0.0,0.005,0.0,0.0,0.0,61.0,0.5,27.5,8.0,31.0,124.0,155.0,9.0,0.0,142.0,140.0,141.0,2.0,0,31.0,-1.0,0.29032257127991706,0.0,2.0,1
136.0,0.003,0.0,0.005,0.0,0.0,0.0,54.0,0.7,15.0,10.5,43.0,118.0,161.0,7.0,0.0,136.0,141.0,141.0,8.0,0,43.0,0.0,0.16279069388858852,0.0,1.0,0
136.0,0.002,0.0,0.002,0.0,0.0,0.0,54.0,0.5,8.0,9.5,49.0,118.0,167.0,1.0,0.0,151.0,149.0,151.0,7.0,1,49.0,-2.0,0.020408162848813003,0.0,1.0,0
136.0,0.001,0.0,0.002,0.005,0.0,0.0,24.0,2.3,0.0,0.0,116.0,51.0,167.0,6.0,0.0,126.0,115.0,122.0,57.0,0,116.0,-7.0,0.05172413748513675,0.0,3.0,2
138.0,0.004,0.0,0.0,0.003,0.0,0.0,46.0,1.0,16.0,3.9,116.0,51.0,167.0,6.0,0.0,151.0,144.0,151.0,30.0,1,116.0,-7.0,0.05172413748513675,0.0,1.0,0
142.0,0.0,0.0,0.005,0.004,0.0,0.0,32.0,1.3,4.0,14.6,82.0,76.0,158.0,4.0,0.0,147.0,141.0,144.0,12.0,1,82.0,-3.0,0.04878048720999406,0.0,1.0,0
142.0,0.003,0.0,0.007,0.003,0.0,0.0,30.0,1.4,0.0,17.2,83.0,76.0,159.0,4.0,0.0,144.0,142.0,145.0,10.0,1,83.0,-3.0,0.04819277050370156,0.0,1.0,0
142.0,0.006,0.0,0.001,0.0,0.0,0.0,45.0,0.8,1.0,11.1,47.0,113.0,160.0,4.0,0.0,150.0,148.0,151.0,4.0,1,47.0,-3.0,0.08510638116794934,0.0,1.0,0
142.0,0.005,0.0,0.001,0.0,0.0,0.0,39.0,0.8,0.0,10.2,53.0,106.0,159.0,7.0,0.0,150.0,149.0,151.0,2.0,1,53.0,-2.0,0.13207546920612323,0.0,1.0,0
142.0,0.003,0.0,0.004,0.0,0.0,0.0,34.0,1.1,0.0,19.6,67.0,94.0,161.0,5.0,0.0,151.0,146.0,149.0,8.0,1,67.0,-3.0,0.074626864557808,0.0,1.0,0
142.0,0.0,0.0,0.002,0.0,0.0,0.0,31.0,1.2,0.0,20.1,67.0,94.0,161.0,2.0,0.0,151.0,145.0,148.0,10.0,1,67.0,-3.0,0.0298507458231232,0.0,1.0,0
136.0,0.01,0.0,0.006,0.003,0.0,0.0,35.0,1.2,0.0,7.6,94.0,65.0,159.0,5.0,0.0,144.0,140.0,144.0,19.0,1,94.0,-4.0,0.053191488795835226,0.0,1.0,0
136.0,0.005,0.0,0.003,0.004,0.0,0.0,37.0,1.2,0.0,8.6,94.0,64.0,158.0,2.0,0.0,139.0,137.0,141.0,21.0,1,94.0,-4.0,0.02127659551833409,0.0,1.0,0
136.0,0.0,0.0,0.007,0.004,0.0,0.0,35.0,1.1,0.0,11.5,86.0,69.0,155.0,3.0,0.0,136.0,133.0,137.0,14.0,1,86.0,-4.0,0.0348837205246079,0.0,1.0,0
136.0,0.0,0.0,0.008,0.005,0.0,0.0,32.0,1.3,0.0,17.5,102.0,61.0,163.0,7.0,0.0,136.0,133.0,137.0,17.0,1,102.0,-4.0,0.06862745030757401,0.0,1.0,0
136.0,0.0,0.0,0.008,0.007,0.0,0.0,32.0,1.3,0.0,12.9,92.0,71.0,163.0,4.0,0.0,133.0,133.0,137.0,19.0,1,92.0,-4.0,0.04347826039697543,0.0,1.0,0
136.0,0.0,0.0,0.008,0.007500000000000001,0.0,0.0,33.0,1.3,0.0,8.0,81.0,73.0,154.0,4.0,0.0,133.0,132.0,135.0,17.0,1,81.0,-3.0,0.04938271543971957,0.0,1.0,0
136.0,0.0,0.0,0.008,0.005,0.0,0.0,33.0,1.2,0.0,14.4,91.0,61.0,152.0,5.0,0.0,136.0,132.0,137.0,17.0,1,91.0,-5.0,0.05494505434126314,0.0,1.0,0
133.0,0.0,0.0,0.008,0.007500000000000001,0.0,0.0,20.0,2.6,0.0,20.1,98.0,63.0,161.0,7.0,0.0,136.0,126.0,135.0,54.0,1,98.0,-9.0,0.07142857069970847,0.0,1.0,0
133.0,0.0,0.0,0.006,0.007500000000000001,0.0,0.0,20.0,2.7,0.0,18.5,98.0,63.0,161.0,7.0,0.0,136.0,124.0,134.0,57.0,1,98.0,-10.0,0.07142857069970847,0.0,1.0,0
133.0,0.0,0.0,0.007,0.003,0.0,0.0,35.0,1.3,4.0,20.1,90.0,67.0,157.0,7.0,0.0,139.0,135.0,139.0,16.0,1,90.0,-4.0,0.07777777691358026,0.0,1.0,0
133.0,0.001,0.0,0.002,0.007500000000000001,0.0,0.0,33.0,1.4,3.0,12.8,87.0,65.0,152.0,6.0,0.0,136.0,130.0,137.0,26.0,1,87.0,-7.0,0.06896551644867223,0.0,1.0,0
133.0,0.0,0.0,0.001,0.007500000000000001,0.0,0.0,37.0,1.3,4.0,14.6,81.0,71.0,152.0,4.0,0.0,136.0,130.0,136.0,24.0,1,81.0,-6.0,0.04938271543971957,0.0,1.0,0
133.0,0.005,0.0,0.005,0.004,0.0,0.0,27.0,1.8,0.0,17.8,92.0,61.0,153.0,5.0,0.0,142.0,134.0,140.0,29.0,1,92.0,-6.0,0.05434782549621929,0.0,1.0,0
133.0,0.003,0.0,0.004,0.004,0.0,0.0,28.0,1.6,0.0,15.2,96.0,57.0,153.0,5.0,0.0,141.0,135.0,140.0,26.0,1,96.0,-5.0,0.05208333279079862,0.0,1.0,0
133.0,0.005,0.0,0.004,0.001,0.0,0.0,29.0,1.7,0.0,20.1,89.0,64.0,153.0,9.0,0.0,142.0,135.0,141.0,22.0,1,89.0,-6.0,0.10112359436939782,0.0,1.0,0
133.0,0.005,0.0,0.003,0.002,0.0,0.0,27.0,1.7,0.0,20.1,89.0,64.0,153.0,9.0,0.0,142.0,135.0,140.0,21.0,1,89.0,-5.0,0.10112359436939782,0.0,1.0,0
133.0,0.0,0.0,0.007,0.001,0.0,0.0,37.0,1.1,0.0,20.1,90.0,67.0,157.0,9.0,0.0,140.0,136.0,140.0,12.0,1,90.0,-4.0,0.0999999988888889,0.0,1.0,0
133.0,0.0,0.0,0.008,0.0,0.0,0.0,41.0,1.0,5.0,20.1,73.0,84.0,157.0,8.0,0.0,140.0,136.0,140.0,8.0,1,73.0,-4.0,0.1095890395946707,0.0,1.0,0
133.0,0.0,0.0,0.001,0.001,0.0,0.0,44.0,0.8,13.0,17.8,65.0,82.0,147.0,2.0,0.0,140.0,136.0,139.0,8.0,1,65.0,-3.0,0.030769230295857996,0.0,1.0,0
131.0,0.0,0.0,0.006,0.007500000000000001,0.0,0.0,29.0,2.1,4.0,3.6,108.0,59.0,167.0,7.0,0.0,135.0,120.0,132.0,57.0,1,108.0,-12.0,0.06481481421467765,0.0,1.0,0
131.0,0.0,0.0,0.008,0.007500000000000001,0.0,0.0,25.0,2.4,3.0,3.9,108.0,59.0,167.0,7.0,0.0,136.0,120.0,134.0,57.0,1,108.0,-14.0,0.06481481421467765,0.0,1.0,0
131.0,0.0,0.0,0.005,0.007500000000000001,0.0,0.0,32.0,1.8,6.0,2.3,97.0,59.0,156.0,3.0,0.0,135.0,120.0,133.0,57.0,1,97.0,-13.0,0.030927834732702737,0.0,1.0,0
131.0,0.0,0.0,0.004,0.007500000000000001,0.0,0.0,39.0,1.0,6.0,2.5,68.0,73.0,141.0,5.0,0.0,135.0,124.0,134.0,39.0,1,68.0,-10.0,0.07352941068339103,0.0,1.0,0
131.0,0.0,0.0,0.005,0.007,0.0,0.0,32.0,2.2,12.0,6.1,108.0,59.0,167.0,6.0,0.0,143.0,125.0,137.0,57.0,1,108.0,-12.0,0.05555555504115227,0.0,1.0,0
131.0,0.002,0.0,0.005,0.005,0.0,0.0,42.0,1.0,11.0,4.6,102.0,51.0,153.0,6.0,0.0,143.0,134.0,141.0,34.0,1,102.0,-7.0,0.05882352883506344,0.0,1.0,0
131.0,0.0,0.0,0.007,0.005,0.0,0.0,40.0,1.1,13.0,4.9,100.0,51.0,151.0,7.0,0.0,143.0,132.0,139.0,43.0,1,100.0,-7.0,0.0699999993,0.0,1.0,0
131.0,0.004,0.0,0.005,0.007,0.0,0.0,33.0,1.9,0.0,2.4,127.0,51.0,178.0,7.0,0.0,142.0,126.0,139.0,57.0,1,127.0,-13.0,0.05511810980221961,0.0,1.0,0
131.0,0.006,0.0,0.003,0.005,0.0,0.0,35.0,1.7,0.0,0.0,126.0,52.0,178.0,6.0,0.0,143.0,128.0,142.0,57.0,1,126.0,-14.0,0.04761904724111867,0.0,1.0,0
131.0,0.006,0.0,0.005,0.006,0.0,0.0,38.0,1.3,0.0,2.9,95.0,58.0,153.0,5.0,0.0,143.0,131.0,142.0,57.0,1,95.0,-11.0,0.05263157839335181,0.0,1.0,0
131.0,0.007,0.0,0.007,0.005,0.0,0.0,42.0,0.9,0.0,3.2,79.0,74.0,153.0,2.0,0.0,142.0,136.0,142.0,24.0,1,79.0,-6.0,0.025316455375741072,0.0,1.0,0
131.0,0.0,0.0,0.004,0.0,0.0,0.0,29.0,1.0,0.0,13.0,31.0,117.0,148.0,0.0,0.0,129.0,133.0,134.0,5.0,0,31.0,-1.0,0.0,0.0,1.0,0
131.0,0.0,0.0,0.005,0.0,0.0,0.0,29.0,1.0,0.0,12.9,31.0,115.0,146.0,0.0,0.0,129.0,131.0,132.0,3.0,0,31.0,-1.0,0.0,0.0,1.0,0
131.0,0.001,0.0,0.003,0.0,0.0,0.0,29.0,1.0,0.0,12.4,27.0,122.0,149.0,0.0,0.0,136.0,136.0,138.0,2.0,0,27.0,-2.0,0.0,0.0,1.0,0
131.0,0.008,0.0,0.006,0.0,0.0,0.0,25.0,1.3,0.0,6.8,42.0,117.0,159.0,1.0,0.0,136.0,138.0,139.0,5.0,0,42.0,-1.0,0.0238095232426304,0.0,1.0,0
131.0,0.008,0.0,0.008,0.0,0.0,0.0,24.0,1.3,0.0,7.3,42.0,117.0,159.0,2.0,0.0,136.0,138.0,139.0,5.0,0,42.0,-1.0,0.0476190464852608,0.0,1.0,0
131.0,0.012,0.0,0.006,0.0,0.0,0.0,28.0,1.4,0.0,4.3,52.0,118.0,170.0,8.0,0.0,143.0,145.0,145.0,8.0,0,52.0,0.0,0.15384615088757403,0.0,1.0,0
131.0,0.011,0.0,0.005,0.0,0.0,0.0,29.0,1.3,0.0,4.5,89.0,82.0,171.0,8.0,0.0,143.0,145.0,145.0,9.0,1,89.0,0.0,0.08988763943946473,0.0,1.0,0
131.0,0.011,0.0,0.005,0.0,0.0,0.0,23.0,1.5,0.0,6.6,52.0,124.0,176.0,3.0,0.0,148.0,148.0,149.0,7.0,0,52.0,-1.0,0.05769230658284026,0.0,1.0,0
131.0,0.009,0.0,0.003,0.0,0.0,0.0,25.0,1.4,0.0,6.5,91.0,87.0,178.0,6.0,0.0,136.0,144.0,144.0,17.0,0,91.0,0.0,0.06593406520951577,0.0,1.0,0
131.0,0.01,0.0,0.002,0.0,0.0,0.0,25.0,1.3,0.0,6.8,82.0,87.0,169.0,5.0,0.0,136.0,141.0,141.0,9.0,0,82.0,0.0,0.060975609012492576,0.0,1.0,0
131.0,0.011,0.0,0.004,0.0,0.0,0.0,27.0,1.4,0.0,8.7,52.0,118.0,170.0,7.0,0.0,148.0,146.0,147.0,7.0,0,52.0,-1.0,0.13461538202662726,0.0,1.0,0
131.0,0.013,0.0,0.005,0.0,0.0,0.0,28.0,1.3,0.0,4.0,89.0,82.0,171.0,7.0,0.0,143.0,146.0,146.0,8.0,1,89.0,0.0,0.07865168450953164,0.0,1.0,0
129.0,0.004,0.0,0.001,0.0,0.0,0.0,27.0,1.2,1.0,7.9,60.0,98.0,158.0,3.0,0.0,133.0,133.0,134.0,4.0,0,60.0,-1.0,0.049999999166666684,0.0,1.0,0
129.0,0.003,0.0,0.0,0.0,0.0,0.0,28.0,1.1,1.0,7.1,30.0,122.0,152.0,1.0,0.0,133.0,133.0,134.0,2.0,0,30.0,-1.0,0.033333332222222255,0.0,1.0,0
129.0,0.006,0.0,0.004,0.001,0.0,0.0,25.0,1.5,0.0,11.3,59.0,103.0,162.0,4.0,0.0,129.0,132.0,131.0,14.0,0,59.0,1.0,0.06779660902039646,0.0,1.0,0
129.0,0.007,0.0,0.006,0.0,0.0,0.0,23.0,1.5,0.0,12.6,44.0,115.0,159.0,1.0,0.0,133.0,139.0,141.0,11.0,0,44.0,-2.0,0.022727272210743815,0.0,1.0,0
129.0,0.009,0.0,0.004,0.0,0.0,0.0,24.0,1.5,0.0,13.4,45.0,114.0,159.0,1.0,0.0,133.0,138.0,138.0,9.0,0,45.0,0.0,0.022222221728395074,0.0,1.0,0
129.0,0.014,0.0,0.008,0.0,0.0,0.0,23.0,1.5,0.0,0.5,53.0,109.0,162.0,5.0,0.0,144.0,143.0,145.0,8.0,0,53.0,-2.0,0.0943396208615166,0.0,1.0,0
129.0,0.015,0.0,0.006,0.0,0.0,0.0,22.0,1.6,0.0,0.5,58.0,108.0,166.0,4.0,0.0,141.0,143.0,144.0,9.0,0,58.0,-1.0,0.0689655160523187,0.0,1.0,0
129.0,0.008,0.0,0.008,0.0,0.0,0.0,22.0,1.5,0.0,10.6,53.0,109.0,162.0,4.0,0.0,147.0,143.0,146.0,7.0,1,53.0,-3.0,0.07547169668921327,0.0,1.0,0
129.0,0.011,0.0,0.008,0.0,0.0,0.0,21.0,1.5,0.0,4.5,54.0,108.0,162.0,4.0,0.0,144.0,142.0,144.0,8.0,1,54.0,-2.0,0.07407407270233199,0.0,1.0,0
129.0,0.012,0.0,0.008,0.0,0.0,0.0,22.0,1.6,0.0,0.0,58.0,108.0,166.0,4.0,0.0,141.0,142.0,144.0,11.0,0,58.0,-2.0,0.0689655160523187,0.0,1.0,0
129.0,0.012,0.0,0.009,0.0,0.0,0.0,23.0,1.6,0.0,0.0,54.0,112.0,166.0,4.0,0.0,138.0,143.0,144.0,13.0,0,54.0,-1.0,0.07407407270233199,0.0,1.0,0
122.0,0.003,0.0,0.001,0.004,0.0,0.0,15.0,2.7,0.0,19.6,129.0,51.0,180.0,6.0,0.0,122.0,122.0,123.0,43.0,0,129.0,-1.0,0.04651162754642149,0.0,1.0,0
122.0,0.004,0.0,0.001,0.006,0.0,0.0,13.0,3.0,0.0,20.1,129.0,51.0,180.0,6.0,0.0,122.0,122.0,123.0,54.0,0,129.0,-1.0,0.04651162754642149,0.0,1.0,0
122.0,0.002,0.0,0.0,0.007,0.0,0.0,13.0,3.2,0.0,20.1,129.0,51.0,180.0,5.0,0.0,119.0,119.0,121.0,57.0,0,129.0,-2.0,0.03875968962201791,0.0,1.0,0
122.0,0.004,0.0,0.002,0.002,0.0,0.0,17.0,2.1,0.0,15.4,71.0,95.0,166.0,2.0,0.0,122.0,124.0,123.0,18.0,0,71.0,1.0,0.028169013687760373,0.0,1.0,0
122.0,0.002,0.0,0.0,0.007,0.0,0.0,12.0,3.2,0.0,20.1,129.0,51.0,180.0,7.0,0.0,122.0,119.0,122.0,57.0,0,129.0,-3.0,0.05426356547082507,0.0,1.0,0
139.0,0.004,0.0,0.005,0.0,0.0,0.0,33.0,1.1,0.0,12.8,40.0,131.0,171.0,1.0,0.0,144.0,144.0,145.0,3.0,-1,40.0,-1.0,0.024999999375000016,0.0,1.0,0
139.0,0.004,0.0,0.005,0.0,0.0,0.0,34.0,1.1,0.0,14.1,36.0,129.0,165.0,2.0,0.0,144.0,143.0,144.0,2.0,0,36.0,-1.0,0.05555555401234573,0.0,1.0,0
139.0,0.007,0.0,0.003,0.0,0.0,0.0,41.0,0.8,0.0,8.2,42.0,131.0,173.0,2.0,0.0,144.0,144.0,145.0,3.0,-1,42.0,-1.0,0.0476190464852608,0.0,1.0,0
139.0,0.008,0.0,0.004,0.0,0.0,0.0,34.0,1.0,0.0,8.1,42.0,131.0,173.0,4.0,0.0,144.0,145.0,146.0,3.0,-1,42.0,-1.0,0.0952380929705216,0.0,1.0,0
139.0,0.006,0.0,0.005,0.0,0.0,0.0,39.0,0.8,0.0,7.6,34.0,136.0,170.0,1.0,0.0,144.0,146.0,146.0,3.0,-1,34.0,0.0,0.02941176384083048,0.0,1.0,0
139.0,0.007,0.0,0.005,0.0,0.0,0.0,38.0,0.9,0.0,7.1,34.0,136.0,170.0,1.0,0.0,144.0,146.0,146.0,4.0,-1,34.0,0.0,0.02941176384083048,0.0,1.0,0
139.0,0.005,0.0,0.005,0.002,0.0,0.0,37.0,1.3,0.0,7.8,106.0,68.0,174.0,7.0,0.0,141.0,143.0,145.0,13.0,1,106.0,-2.0,0.0660377352260591,0.0,1.0,0
139.0,0.003,0.0,0.003,0.0,0.0,0.0,38.0,1.0,0.0,11.7,47.0,114.0,161.0,2.0,0.0,142.0,141.0,142.0,3.0,0,47.0,-1.0,0.04255319058397467,0.0,1.0,0
139.0,0.002,0.0,0.005,0.0,0.0,0.0,35.0,1.0,0.0,11.6,28.0,131.0,159.0,0.0,0.0,144.0,143.0,145.0,1.0,0,28.0,-2.0,0.0,0.0,1.0,0
135.0,0.003,0.0,0.007,0.0,0.0,0.0,29.0,1.3,0.0,10.4,37.0,123.0,160.0,3.0,0.0,138.0,139.0,140.0,3.0,0,37.0,-1.0,0.08108107888970058,0.0,1.0,0
135.0,0.003,0.0,0.007,0.0,0.0,0.0,28.0,1.4,0.0,9.7,40.0,120.0,160.0,2.0,0.0,138.0,139.0,140.0,2.0,0,40.0,-1.0,0.04999999875000003,0.0,1.0,0
135.0,0.008,0.0,0.008,0.001,0.0,0.0,27.0,1.4,0.0,8.5,106.0,64.0,170.0,4.0,0.0,138.0,140.0,141.0,8.0,1,106.0,-1.0,0.0377358487006052,0.0,1.0,0
135.0,0.002,0.0,0.006,0.0,0.0,0.0,26.0,1.3,0.0,10.1,37.0,123.0,160.0,1.0,0.0,137.0,138.0,139.0,2.0,0,37.0,-1.0,0.027027026296566857,0.0,1.0,0
135.0,0.008,0.0,0.007,0.004,0.0,0.0,26.0,1.6,0.0,6.0,106.0,64.0,170.0,4.0,0.0,141.0,138.0,141.0,16.0,1,106.0,-3.0,0.0377358487006052,0.0,1.0,0
135.0,0.007,0.0,0.008,0.005,0.0,0.0,23.0,1.8,0.0,8.8,112.0,60.0,172.0,6.0,0.0,139.0,137.0,140.0,20.0,1,112.0,-3.0,0.05357142809311225,0.0,1.0,0
135.0,0.006,0.0,0.006,0.005,0.0,0.0,27.0,1.5,0.0,5.8,96.0,69.0,165.0,5.0,0.0,143.0,139.0,142.0,17.0,1,96.0,-3.0,0.05208333279079862,0.0,1.0,0
135.0,0.002,0.0,0.006,0.006,0.0,0.0,23.0,1.7,0.0,8.4,88.0,69.0,157.0,6.0,0.0,139.0,134.0,139.0,17.0,1,88.0,-5.0,0.06818181740702481,0.0,1.0,0
135.0,0.009,0.0,0.005,0.003,0.0,0.0,24.0,2.5,0.0,3.9,98.0,80.0,178.0,4.0,0.0,143.0,143.0,146.0,15.0,0,98.0,-3.0,0.040816326114119124,0.0,1.0,0
135.0,0.011,0.0,0.005,0.002,0.0,0.0,25.0,2.5,0.0,4.6,89.0,89.0,178.0,5.0,0.0,143.0,145.0,147.0,10.0,0,89.0,-2.0,0.056179774649665455,0.0,1.0,0
135.0,0.003,0.0,0.003,0.003,0.0,0.0,24.0,1.5,0.0,13.1,55.0,102.0,157.0,4.0,0.0,136.0,134.0,136.0,9.0,0,55.0,-2.0,0.0727272714049587,0.0,1.0,0
135.0,0.003,0.0,0.003,0.005,0.0,0.0,23.0,1.6,0.0,9.1,67.0,90.0,157.0,3.0,0.0,133.0,133.0,135.0,10.0,1,67.0,-2.0,0.044776118734684796,0.0,1.0,0
136.0,0.014,0.0,0.005,0.0,0.0,0.0,23.0,2.4,0.0,5.9,52.0,117.0,169.0,2.0,0.0,143.0,145.0,146.0,7.0,0,52.0,-1.0,0.03846153772189351,0.0,1.0,0
136.0,0.013,0.0,0.005,0.0,0.0,0.0,22.0,2.3,0.0,7.2,64.0,114.0,178.0,3.0,0.0,145.0,144.0,145.0,6.0,0,64.0,-1.0,0.04687499926757814,0.0,1.0,0
135.0,0.004,0.0,0.003,0.004,0.0,0.0,25.0,1.5,0.0,8.9,68.0,90.0,158.0,3.0,0.0,136.0,134.0,136.0,10.0,0,68.0,-2.0,0.044117646410034614,0.0,1.0,0
135.0,0.007,0.0,0.005,0.002,0.0,0.0,26.0,1.5,0.0,3.4,68.0,90.0,158.0,4.0,0.0,139.0,137.0,139.0,10.0,1,68.0,-2.0,0.05882352854671282,0.0,1.0,0
125.0,0.0,0.0,0.004,0.002,0.0,0.0,32.0,1.0,15.0,6.0,33.0,97.0,130.0,1.0,0.0,123.0,121.0,124.0,2.0,1,33.0,-3.0,0.030303029384756687,0.0,1.0,0
125.0,0.001,0.0,0.004,0.001,0.0,0.0,35.0,0.9,20.0,6.9,43.0,101.0,144.0,4.0,0.0,126.0,125.0,127.0,2.0,0,43.0,-2.0,0.09302325365062201,0.0,1.0,0
125.0,0.0,0.0,0.004,0.0,0.0,0.0,37.0,0.8,20.0,7.1,22.0,116.0,138.0,2.0,0.0,126.0,125.0,127.0,1.0,0,22.0,-2.0,0.09090908677685969,0.0,1.0,0
125.0,0.001,0.0,0.004,0.0,0.0,0.0,38.0,0.8,25.0,6.2,28.0,116.0,144.0,1.0,0.0,131.0,129.0,131.0,1.0,0,28.0,-2.0,0.035714284438775556,0.0,1.0,0
125.0,0.0,0.0,0.005,0.0,0.0,0.0,38.0,0.8,18.0,6.7,25.0,118.0,143.0,1.0,0.0,131.0,129.0,131.0,0.0,0,25.0,-2.0,0.03999999840000006,0.0,1.0,0
125.0,0.001,0.0,0.003,0.0,0.0,0.0,37.0,0.8,12.0,8.7,42.0,103.0,145.0,2.0,0.0,131.0,129.0,132.0,1.0,1,42.0,-3.0,0.0476190464852608,0.0,1.0,0
125.0,0.0,0.0,0.004,0.0,0.0,0.0,38.0,0.8,11.0,9.0,35.0,103.0,138.0,2.0,0.0,131.0,129.0,131.0,1.0,1,35.0,-2.0,0.057142855510204135,0.0,1.0,0
125.0,0.0,0.0,0.004,0.0,0.0,0.0,37.0,0.8,15.0,8.0,34.0,103.0,137.0,1.0,0.0,131.0,129.0,131.0,1.0,1,34.0,-2.0,0.02941176384083048,0.0,1.0,0
125.0,0.001,0.0,0.003,0.0,0.0,0.0,38.0,0.8,12.0,8.8,42.0,103.0,145.0,2.0,0.0,131.0,129.0,132.0,1.0,1,42.0,-3.0,0.0476190464852608,0.0,1.0,0
125.0,0.0,0.0,0.004,0.0,0.0,0.0,38.0,0.8,11.0,9.5,35.0,103.0,138.0,2.0,0.0,131.0,129.0,131.0,1.0,1,35.0,-2.0,0.057142855510204135,0.0,1.0,0
125.0,0.004,0.0,0.006,0.0,0.0,0.0,36.0,0.9,4.0,6.5,45.0,115.0,160.0,2.0,0.0,131.0,131.0,131.0,3.0,0,45.0,0.0,0.04444444345679015,0.0,1.0,0
125.0,0.003,0.0,0.004,0.0,0.0,0.0,37.0,0.8,5.0,6.7,30.0,115.0,145.0,2.0,0.0,131.0,130.0,132.0,1.0,0,30.0,-2.0,0.06666666444444451,0.0,1.0,0
125.0,0.004,0.0,0.007,0.0,0.0,0.0,33.0,0.9,2.0,6.6,48.0,116.0,164.0,2.0,0.0,127.0,131.0,131.0,6.0,-1,48.0,0.0,0.041666665798611134,0.0,1.0,0
125.0,0.004,0.0,0.004,0.0,0.0,0.0,32.0,1.0,0.0,6.3,50.0,114.0,164.0,2.0,0.0,127.0,131.0,130.0,9.0,-1,50.0,1.0,0.03999999920000002,0.0,1.0,0
125.0,0.005,0.0,0.004,0.0,0.0,0.0,28.0,1.2,0.0,7.9,87.0,79.0,166.0,4.0,0.0,131.0,132.0,132.0,8.0,0,87.0,0.0,0.04597701096578148,0.0,1.0,0
125.0,0.007,0.0,0.005,0.0,0.0,0.0,26.0,1.3,0.0,8.0,87.0,79.0,166.0,4.0,0.0,131.0,133.0,132.0,11.0,0,87.0,1.0,0.04597701096578148,0.0,1.0,0
127.0,0.006,0.0,0.006,0.0,0.0,0.0,33.0,1.0,0.0,6.7,54.0,114.0,168.0,3.0,0.0,131.0,135.0,133.0,12.0,-1,54.0,2.0,0.05555555452674899,0.0,1.0,0
127.0,0.007,0.0,0.007,0.0,0.0,0.0,34.0,1.0,0.0,6.1,54.0,114.0,168.0,1.0,0.0,131.0,136.0,134.0,15.0,-1,54.0,2.0,0.018518518175582997,0.0,1.0,0
127.0,0.01,0.0,0.007,0.001,0.0,0.0,30.0,1.4,0.0,6.7,119.0,63.0,182.0,9.0,0.0,134.0,138.0,137.0,18.0,0,119.0,1.0,0.07563025146529201,0.0,1.0,0
127.0,0.005,0.0,0.009,0.0,0.0,0.0,32.0,1.1,0.0,7.0,57.0,114.0,171.0,2.0,0.0,127.0,137.0,135.0,23.0,-1,57.0,2.0,0.035087718682671604,0.0,1.0,0
127.0,0.008,0.0,0.007,0.003,0.0,0.0,22.0,2.1,0.0,20.1,119.0,63.0,182.0,6.0,0.0,131.0,133.0,135.0,32.0,0,119.0,-2.0,0.050420167643528004,0.0,1.0,0
127.0,0.007,0.0,0.007,0.003,0.0,0.0,21.0,2.2,0.0,20.1,101.0,81.0,182.0,5.0,0.0,131.0,131.0,133.0,26.0,0,101.0,-2.0,0.04950495000490149,0.0,1.0,0
127.0,0.0,0.0,0.008,0.007500000000000001,0.0,0.0,18.0,2.5,0.0,19.1,83.0,76.0,159.0,5.0,0.0,120.0,118.0,121.0,20.0,0,83.0,-3.0,0.06024096312962695,0.0,1.0,0
127.0,0.0,0.0,0.007,0.006,0.0,0.0,20.0,2.2,0.0,19.3,78.0,81.0,159.0,4.0,0.0,131.0,122.0,124.0,23.0,0,78.0,-2.0,0.0512820506245891,0.0,1.0,0
127.0,0.0,0.0,0.009,0.007500000000000001,0.0,0.0,17.0,2.8,0.0,3.7,81.0,76.0,157.0,3.0,0.0,114.0,112.0,115.0,16.0,0,81.0,-3.0,0.03703703657978967,0.0,1.0,0
127.0,0.0,0.0,0.007,0.007500000000000001,0.0,0.0,17.0,2.8,0.0,3.7,81.0,76.0,157.0,5.0,0.0,114.0,113.0,116.0,16.0,0,81.0,-3.0,0.06172839429964946,0.0,1.0,0
127.0,0.004,0.0,0.008,0.0,0.0,0.0,32.0,1.0,0.0,7.5,57.0,114.0,171.0,1.0,0.0,131.0,135.0,134.0,14.0,-1,57.0,1.0,0.017543859341335802,0.0,1.0,0
127.0,0.003,0.0,0.008,0.0,0.0,0.0,33.0,1.0,0.0,7.6,32.0,114.0,146.0,0.0,0.0,129.0,130.0,132.0,3.0,0,32.0,-2.0,0.0,0.0,1.0,0
127.0,0.0,0.0,0.005,0.005,0.0,0.0,19.0,2.3,0.0,20.1,78.0,81.0,159.0,2.0,0.0,131.0,123.0,125.0,23.0,0,78.0,-2.0,0.02564102531229455,0.0,1.0,0
127.0,0.0,0.0,0.005,0.005,0.0,0.0,19.0,2.3,0.0,20.1,78.0,81.0,159.0,4.0,0.0,131.0,125.0,128.0,19.0,0,78.0,-3.0,0.0512820506245891,0.0,1.0,0
133.0,0.01,0.0,0.007,0.0,0.0,0.0,32.0,1.4,0.0,6.3,83.0,96.0,179.0,5.0,0.0,163.0,149.0,149.0,37.0,0,83.0,0.0,0.06024096312962695,0.0,1.0,0
133.0,0.014,0.0,0.006,0.0,0.0,0.0,31.0,1.4,0.0,1.3,83.0,96.0,179.0,7.0,0.0,163.0,151.0,154.0,31.0,1,83.0,-3.0,0.08433734838147773,0.0,1.0,0
133.0,0.014,0.0,0.004,0.001,0.0,0.0,28.0,1.6,0.0,0.0,89.0,91.0,180.0,7.0,0.0,163.0,152.0,158.0,34.0,1,89.0,-6.0,0.07865168450953164,0.0,1.0,0
133.0,0.01,0.0,0.006,0.0,0.0,0.0,33.0,1.2,0.0,4.4,82.0,97.0,179.0,7.0,0.0,163.0,156.0,161.0,19.0,1,82.0,-5.0,0.08536585261748961,0.0,1.0,0
133.0,0.007,0.0,0.006,0.006,0.0,0.0,17.0,2.4,0.0,2.1,98.0,82.0,180.0,4.0,0.0,126.0,137.0,138.0,57.0,0,98.0,-1.0,0.040816326114119124,0.0,1.0,0
133.0,0.008,0.0,0.004,0.006,0.0,0.0,16.0,2.6,0.0,0.0,98.0,82.0,180.0,5.0,0.0,131.0,138.0,136.0,54.0,0,98.0,2.0,0.0510204076426489,0.0,1.0,0
133.0,0.001,0.0,0.007,0.004,0.0,0.0,27.0,1.7,13.0,11.4,95.0,82.0,177.0,4.0,0.0,147.0,133.0,138.0,43.0,0,95.0,-5.0,0.04210526271468144,0.0,1.0,0
133.0,0.0,0.0,0.007,0.003,0.0,0.0,31.0,1.4,16.0,13.0,82.0,82.0,164.0,5.0,0.0,147.0,135.0,140.0,31.0,1,82.0,-5.0,0.060975609012492576,0.0,1.0,0
136.0,0.006,0.0,0.006,0.003,0.0,0.0,36.0,1.2,12.0,5.8,79.0,88.0,167.0,2.0,0.0,147.0,140.0,145.0,16.0,1,79.0,-5.0,0.025316455375741072,0.0,1.0,0
136.0,0.007,0.0,0.007,0.002,0.0,0.0,31.0,1.4,0.0,8.0,79.0,88.0,167.0,2.0,0.0,144.0,140.0,144.0,14.0,1,79.0,-4.0,0.025316455375741072,0.0,1.0,0
137.0,0.002,0.0,0.007,0.006,0.0,0.0,27.0,1.6,0.0,10.1,81.0,86.0,167.0,2.0,0.0,144.0,136.0,141.0,23.0,1,81.0,-5.0,0.024691357719859783,0.0,1.0,0
137.0,0.002,0.0,0.0,0.007500000000000001,0.0,0.0,20.0,2.0,0.0,0.0,74.0,86.0,160.0,1.0,0.0,126.0,128.0,130.0,23.0,0,74.0,-2.0,0.01351351333089847,0.0,1.0,0
134.0,0.002,0.0,0.01,0.005,0.0,0.0,26.0,1.8,10.0,15.1,82.0,82.0,164.0,5.0,0.0,147.0,133.0,137.0,40.0,1,82.0,-4.0,0.060975609012492576,0.0,1.0,0
134.0,0.0,0.0,0.005,0.003,0.0,0.0,31.0,1.4,17.0,14.6,82.0,82.0,164.0,4.0,0.0,147.0,135.0,139.0,30.0,1,82.0,-4.0,0.04878048720999406,0.0,1.0,0
134.0,0.003,0.0,0.007,0.005,0.0,0.0,25.0,1.9,11.0,9.8,96.0,82.0,178.0,5.0,0.0,147.0,135.0,138.0,43.0,0,96.0,-3.0,0.05208333279079862,0.0,1.0,0
134.0,0.003,0.0,0.006,0.007500000000000001,0.0,0.0,14.0,3.0,0.0,0.0,98.0,82.0,180.0,3.0,0.0,126.0,129.0,129.0,46.0,0,98.0,0.0,0.03061224458558934,0.0,1.0,0
141.0,0.002,0.0,0.006,0.003,0.0,0.0,36.0,1.3,9.0,9.8,79.0,92.0,171.0,6.0,0.0,145.0,143.0,146.0,10.0,1,79.0,-3.0,0.07594936612722322,0.0,1.0,0
141.0,0.001,0.0,0.007,0.004,0.0,0.0,28.0,1.7,2.0,11.7,86.0,85.0,171.0,9.0,0.0,144.0,141.0,144.0,15.0,1,86.0,-3.0,0.1046511615738237,0.0,1.0,0
141.0,0.002,0.0,0.007,0.005,0.0,0.0,25.0,1.8,1.0,12.6,86.0,85.0,171.0,9.0,0.0,145.0,141.0,145.0,17.0,1,86.0,-4.0,0.1046511615738237,0.0,1.0,0
122.0,0.002,0.0,0.003,0.0,0.0,0.0,21.0,1.8,0.0,16.3,44.0,108.0,152.0,1.0,0.0,125.0,127.0,127.0,5.0,0,44.0,0.0,0.022727272210743815,0.0,1.0,0
122.0,0.001,0.0,0.004,0.0,0.0,0.0,21.0,1.7,0.0,16.1,48.0,104.0,152.0,2.0,0.0,125.0,126.0,126.0,4.0,0,48.0,0.0,0.041666665798611134,0.0,1.0,0
122.0,0.0,0.0,0.004,0.0,0.0,0.0,23.0,1.6,1.0,16.9,41.0,111.0,152.0,2.0,0.0,125.0,127.0,127.0,4.0,0,41.0,0.0,0.048780486615110086,0.0,1.0,0
122.0,0.006,0.0,0.003,0.0,0.0,0.0,20.0,2.0,0.0,9.9,43.0,108.0,151.0,0.0,0.0,131.0,129.0,130.0,4.0,0,43.0,-1.0,0.0,0.0,1.0,0
122.0,0.004,0.0,0.003,0.0,0.0,0.0,20.0,2.0,0.0,10.2,42.0,104.0,146.0,0.0,0.0,131.0,128.0,130.0,4.0,0,42.0,-2.0,0.0,0.0,1.0,0
122.0,0.001,0.0,0.002,0.0,0.0,0.0,27.0,1.3,0.0,9.3,27.0,113.0,140.0,1.0,0.0,125.0,125.0,126.0,1.0,0,27.0,-1.0,0.037037035665294975,0.0,1.0,0
122.0,0.0,0.0,0.0,0.0,0.0,0.0,29.0,1.3,0.0,10.2,27.0,110.0,137.0,0.0,0.0,127.0,126.0,127.0,1.0,0,27.0,-1.0,0.0,0.0,1.0,0
122.0,0.002,0.0,0.008,0.0,0.0,0.0,26.0,1.4,1.0,8.2,36.0,114.0,150.0,2.0,0.0,122.0,126.0,126.0,6.0,-1,36.0,0.0,0.05555555401234573,0.0,1.0,0
122.0,0.0,0.0,0.004,0.0,0.0,0.0,23.0,1.5,1.0,9.2,28.0,113.0,141.0,1.0,0.0,122.0,124.0,124.0,2.0,0,28.0,0.0,0.035714284438775556,0.0,1.0,0
122.0,0.015000000000000001,0.0,0.001,0.0,0.0,0.0,22.0,2.2,0.0,1.9,52.0,100.0,152.0,1.0,0.0,131.0,133.0,134.0,5.0,0,52.0,-1.0,0.019230768860946754,0.0,1.0,0
122.0,0.015000000000000001,0.0,0.002,0.0,0.0,0.0,22.0,2.5,0.0,2.2,52.0,100.0,152.0,1.0,0.0,136.0,132.0,134.0,6.0,0,52.0,-2.0,0.019230768860946754,0.0,1.0,0
123.0,0.012,0.0,0.002,0.0,0.0,0.0,22.0,2.2,0.0,6.7,52.0,100.0,152.0,2.0,0.0,131.0,132.0,133.0,4.0,0,52.0,-1.0,0.03846153772189351,0.0,1.0,0
123.0,0.015000000000000001,0.0,0.002,0.0,0.0,0.0,24.0,2.2,0.0,1.7,52.0,100.0,152.0,1.0,0.0,136.0,133.0,135.0,5.0,0,52.0,-2.0,0.019230768860946754,0.0,1.0,0
122.0,0.001,0.0,0.003,0.0,0.0,0.0,21.0,1.8,2.0,14.9,54.0,100.0,154.0,3.0,0.0,126.0,125.0,127.0,4.0,0,54.0,-2.0,0.05555555452674899,0.0,1.0,0
122.0,0.0,0.0,0.003,0.0,0.0,0.0,22.0,1.8,2.0,15.7,36.0,104.0,140.0,2.0,0.0,126.0,125.0,127.0,2.0,0,36.0,-2.0,0.05555555401234573,0.0,1.0,0
122.0,0.003,0.0,0.004,0.0,0.0,0.0,22.0,1.8,0.0,14.7,50.0,103.0,153.0,4.0,0.0,126.0,127.0,128.0,4.0,0,50.0,-1.0,0.07999999840000004,0.0,1.0,0
122.0,0.0,0.0,0.004,0.0,0.0,0.0,22.0,1.8,0.0,15.7,34.0,106.0,140.0,2.0,0.0,126.0,125.0,127.0,2.0,0,34.0,-2.0,0.05882352768166096,0.0,1.0,0
122.0,0.004,0.0,0.003,0.0,0.0,0.0,21.0,1.7,0.0,14.9,55.0,104.0,159.0,1.0,0.0,126.0,127.0,128.0,6.0,0,55.0,-1.0,0.018181817851239675,0.0,1.0,0
122.0,0.002,0.0,0.0,0.0,0.0,0.0,23.0,1.6,0.0,16.2,33.0,109.0,142.0,2.0,0.0,126.0,127.0,128.0,3.0,0,33.0,-1.0,0.060606058769513374,0.0,1.0,0
122.0,0.007,0.0,0.003,0.0,0.0,0.0,19.0,2.3,0.0,12.1,53.0,104.0,157.0,2.0,0.0,125.0,127.0,128.0,8.0,0,53.0,-1.0,0.03773584834460664,0.0,1.0,0
122.0,0.0,0.0,0.003,0.0,0.0,0.0,21.0,2.2,0.0,17.4,39.0,104.0,143.0,4.0,0.0,129.0,126.0,128.0,4.0,0,39.0,-2.0,0.10256409993425386,0.0,1.0,0
122.0,0.003,0.0,0.002,0.001,0.0,0.0,19.0,2.0,0.0,17.7,46.0,102.0,148.0,3.0,0.0,125.0,124.0,126.0,6.0,0,46.0,-2.0,0.06521738988657848,0.0,1.0,0
122.0,0.0,0.0,0.003,0.0,0.0,0.0,21.0,2.2,0.0,17.1,34.0,104.0,138.0,3.0,0.0,129.0,126.0,128.0,3.0,1,34.0,-2.0,0.08823529152249143,0.0,1.0,0
122.0,0.002,0.0,0.0,0.002,0.0,0.0,17.0,2.0,0.0,18.8,46.0,102.0,148.0,2.0,0.0,119.0,123.0,123.0,8.0,0,46.0,0.0,0.04347825992438566,0.0,1.0,0
122.0,0.002,0.0,0.0,0.0,0.0,0.0,18.0,1.9,0.0,19.4,40.0,108.0,148.0,3.0,0.0,119.0,125.0,125.0,9.0,0,40.0,0.0,0.07499999812500005,0.0,1.0,0
122.0,0.003,0.0,0.004,0.0,0.0,0.0,21.0,2.0,0.0,12.6,49.0,107.0,156.0,3.0,0.0,126.0,125.0,126.0,5.0,0,49.0,-1.0,0.06122448854643901,0.0,1.0,0
122.0,0.005,0.0,0.0,0.0,0.0,0.0,20.0,2.1,0.0,9.8,55.0,101.0,156.0,4.0,0.0,127.0,126.0,127.0,7.0,0,55.0,-1.0,0.0727272714049587,0.0,1.0,0
122.0,0.0,0.0,0.0,0.001,0.0,0.0,20.0,1.8,0.0,13.8,39.0,103.0,142.0,1.0,0.0,120.0,119.0,121.0,3.0,0,39.0,-2.0,0.025641024983563465,0.0,1.0,0
122.0,0.0,0.0,0.0,0.0,0.0,0.0,19.0,1.9,0.0,15.1,39.0,103.0,142.0,1.0,0.0,120.0,120.0,122.0,3.0,0,39.0,-2.0,0.025641024983563465,0.0,1.0,0
122.0,0.0,0.0,0.001,0.001,0.0,0.0,25.0,1.4,3.0,9.3,31.0,105.0,136.0,1.0,0.0,126.0,122.0,124.0,5.0,0,31.0,-2.0,0.032258063475546335,0.0,1.0,0
122.0,0.0,0.0,0.001,0.0,0.0,0.0,26.0,1.3,4.0,9.8,30.0,106.0,136.0,1.0,0.0,126.0,122.0,125.0,3.0,0,30.0,-3.0,0.033333332222222255,0.0,1.0,0
122.0,0.001,0.0,0.006,0.001,0.0,0.0,21.0,1.7,0.0,14.3,37.0,105.0,142.0,1.0,0.0,125.0,123.0,125.0,3.0,0,37.0,-2.0,0.027027026296566857,0.0,1.0,0
122.0,0.001,0.0,0.006,0.0,0.0,0.0,22.0,1.7,0.0,13.9,37.0,105.0,142.0,0.0,0.0,125.0,124.0,126.0,3.0,0,37.0,-2.0,0.0,0.0,1.0,0
122.0,0.0,0.0,0.001,0.001,0.0,0.0,23.0,1.5,3.0,9.5,33.0,103.0,136.0,0.0,0.0,125.0,120.0,122.0,5.0,0,33.0,-2.0,0.0,0.0,1.0,0
122.0,0.0,0.0,0.001,0.0,0.0,0.0,25.0,1.3,4.0,9.5,30.0,106.0,136.0,1.0,0.0,125.0,122.0,124.0,3.0,0,30.0,-2.0,0.033333332222222255,0.0,1.0,0
122.0,0.001,0.0,0.005,0.001,0.0,0.0,21.0,1.7,0.0,14.0,37.0,105.0,142.0,1.0,0.0,125.0,123.0,125.0,3.0,0,37.0,-2.0,0.027027026296566857,0.0,1.0,0
122.0,0.002,0.0,0.002,0.0,0.0,0.0,20.0,1.8,0.0,15.0,37.0,105.0,142.0,0.0,0.0,125.0,123.0,125.0,4.0,0,37.0,-2.0,0.0,0.0,1.0,0
122.0,0.004,0.0,0.005,0.0,0.0,0.0,25.0,1.4,0.0,8.0,44.0,104.0,148.0,4.0,0.0,126.0,125.0,127.0,3.0,0,44.0,-2.0,0.09090908884297526,0.0,1.0,0
122.0,0.004,0.0,0.002,0.0,0.0,0.0,25.0,1.5,0.0,8.3,44.0,104.0,148.0,5.0,0.0,126.0,125.0,126.0,4.0,0,44.0,-1.0,0.11363636105371908,0.0,1.0,0
122.0,0.002,0.0,0.003,0.0,0.0,0.0,27.0,1.3,0.0,8.1,39.0,104.0,143.0,3.0,0.0,126.0,124.0,126.0,2.0,0,39.0,-2.0,0.0769230749506904,0.0,1.0,0
122.0,0.0,0.0,0.0,0.0,0.0,0.0,29.0,1.2,0.0,8.5,26.0,107.0,133.0,1.0,0.0,126.0,124.0,126.0,1.0,1,26.0,-2.0,0.03846153698224858,0.0,1.0,0
122.0,0.006,0.0,0.004,0.001,0.0,0.0,22.0,1.8,0.0,11.5,52.0,96.0,148.0,1.0,0.0,131.0,128.0,130.0,7.0,0,52.0,-2.0,0.019230768860946754,0.0,1.0,0
122.0,0.006,0.0,0.005,0.0,0.0,0.0,22.0,1.7,0.0,13.5,45.0,103.0,148.0,1.0,0.0,131.0,129.0,131.0,4.0,0,45.0,-2.0,0.022222221728395074,0.0,1.0,0
122.0,0.005,0.0,0.004,0.005,0.0,0.0,20.0,2.6,0.0,17.7,98.0,60.0,158.0,6.0,0.0,131.0,121.0,126.0,31.0,0,98.0,-5.0,0.06122448917117868,0.0,1.0,0
122.0,0.003,0.0,0.008,0.007500000000000001,0.0,0.0,18.0,3.0,0.0,16.2,98.0,60.0,158.0,7.0,0.0,127.0,120.0,124.0,28.0,0,98.0,-4.0,0.07142857069970847,0.0,1.0,0
122.0,0.002,0.0,0.009,0.007500000000000001,0.0,0.0,16.0,3.2,0.0,20.1,98.0,60.0,158.0,5.0,0.0,107.0,115.0,115.0,34.0,0,98.0,0.0,0.0510204076426489,0.0,1.0,0
122.0,0.0,0.0,0.011,0.007500000000000001,0.0,0.0,13.0,3.2,0.0,20.1,98.0,60.0,158.0,6.0,0.0,127.0,113.0,115.0,41.0,0,98.0,-2.0,0.06122448917117868,0.0,1.0,0
122.0,0.002,0.0,0.007,0.007,0.0,0.0,16.0,3.2,0.0,19.8,96.0,62.0,158.0,6.0,0.0,125.0,120.0,124.0,25.0,0,96.0,-4.0,0.06249999934895834,0.0,1.0,0
122.0,0.003,0.0,0.011,0.007500000000000001,0.0,0.0,17.0,3.2,0.0,18.4,96.0,62.0,158.0,9.0,0.0,125.0,122.0,126.0,26.0,0,96.0,-4.0,0.09374999902343752,0.0,1.0,0
122.0,0.0,0.0,0.006,0.002,0.0,0.0,27.0,1.1,0.0,10.7,35.0,101.0,136.0,1.0,0.0,125.0,122.0,124.0,3.0,0,35.0,-2.0,0.028571427755102068,0.0,1.0,0
122.0,0.0,0.0,0.006,0.004,0.0,0.0,30.0,1.1,0.0,7.6,39.0,93.0,132.0,2.0,0.0,126.0,122.0,125.0,4.0,1,39.0,-3.0,0.05128204996712693,0.0,1.0,0
122.0,0.0,0.0,0.004,0.001,0.0,0.0,27.0,1.2,0.0,10.1,43.0,93.0,136.0,2.0,0.0,125.0,122.0,124.0,3.0,1,43.0,-2.0,0.04651162682531101,0.0,1.0,0
122.0,0.0,0.0,0.004,0.0,0.0,0.0,25.0,1.2,0.0,11.0,31.0,105.0,136.0,0.0,0.0,125.0,122.0,124.0,2.0,0,31.0,-2.0,0.0,0.0,1.0,0
122.0,0.0,0.0,0.005,0.003,0.0,0.0,27.0,1.2,0.0,10.3,40.0,92.0,132.0,3.0,0.0,120.0,120.0,123.0,4.0,1,40.0,-3.0,0.07499999812500005,0.0,1.0,0
122.0,0.0,0.0,0.005,0.005,0.0,0.0,26.0,1.3,0.0,9.8,47.0,85.0,132.0,3.0,0.0,126.0,119.0,123.0,10.0,1,47.0,-4.0,0.06382978587596201,0.0,1.0,0
122.0,0.004,0.0,0.005,0.004,0.0,0.0,22.0,1.7,0.0,7.4,69.0,74.0,143.0,3.0,0.0,133.0,122.0,127.0,26.0,1,69.0,-5.0,0.0434782602394455,0.0,1.0,0
122.0,0.004,0.0,0.006,0.006,0.0,0.0,21.0,1.7,0.0,6.7,69.0,74.0,143.0,4.0,0.0,133.0,121.0,126.0,32.0,1,69.0,-5.0,0.05797101365259401,0.0,1.0,0
122.0,0.0,0.0,0.005,0.003,0.0,0.0,24.0,1.5,0.0,10.6,73.0,77.0,150.0,1.0,0.0,124.0,119.0,123.0,12.0,0,73.0,-4.0,0.013698629949333838,0.0,1.0,0
122.0,0.0,0.0,0.007,0.007,0.0,0.0,21.0,1.9,0.0,5.6,73.0,77.0,150.0,3.0,0.0,127.0,115.0,117.0,30.0,0,73.0,-2.0,0.04109588984800151,0.0,1.0,0
122.0,0.0,0.0,0.007,0.007500000000000001,0.0,0.0,21.0,1.7,0.0,8.0,55.0,81.0,136.0,2.0,0.0,126.0,115.0,118.0,22.0,1,55.0,-3.0,0.03636363570247935,0.0,1.0,0
122.0,0.0,0.0,0.006,0.007500000000000001,0.0,0.0,18.0,1.9,0.0,8.8,44.0,91.0,135.0,4.0,0.0,126.0,117.0,121.0,19.0,1,44.0,-4.0,0.09090908884297526,0.0,1.0,0
122.0,0.0,0.0,0.0,0.006,0.0,0.0,21.0,1.9,0.0,9.5,57.0,82.0,139.0,4.0,0.0,133.0,119.0,124.0,38.0,1,57.0,-5.0,0.07017543736534321,0.0,1.0,0
122.0,0.007,0.0,0.0,0.002,0.0,0.0,26.0,1.4,0.0,5.6,61.0,85.0,146.0,5.0,0.0,140.0,129.0,134.0,28.0,1,61.0,-5.0,0.08196721177102932,0.0,1.0,0
122.0,0.008,0.0,0.0,0.002,0.0,0.0,24.0,1.6,0.0,8.4,78.0,79.0,157.0,3.0,0.0,136.0,127.0,131.0,21.0,1,78.0,-4.0,0.038461537968441824,0.0,1.0,0
122.0,0.009,0.0,0.0,0.0,0.0,0.0,25.0,1.5,0.0,10.9,72.0,85.0,157.0,6.0,0.0,136.0,129.0,133.0,14.0,1,72.0,-4.0,0.08333333217592595,0.0,1.0,0
122.0,0.003,0.0,0.0,0.007500000000000001,0.0,0.0,18.0,2.4,0.0,4.9,74.0,69.0,143.0,1.0,0.0,131.0,117.0,120.0,40.0,1,74.0,-3.0,0.01351351333089847,0.0,1.0,0
122.0,0.001,0.0,0.003,0.007500000000000001,0.0,0.0,16.0,2.7,0.0,5.5,96.0,56.0,152.0,1.0,0.0,112.0,113.0,116.0,21.0,0,96.0,-3.0,0.010416666558159723,0.0,1.0,0
122.0,0.0,0.0,0.003,0.007500000000000001,0.0,0.0,13.0,3.0,0.0,0.4,96.0,56.0,152.0,3.0,0.0,109.0,110.0,112.0,20.0,0,96.0,-2.0,0.03124999967447917,0.0,1.0,0
122.0,0.0,0.0,0.002,0.007500000000000001,0.0,0.0,13.0,3.0,0.0,0.7,83.0,69.0,152.0,3.0,0.0,110.0,110.0,113.0,16.0,0,83.0,-3.0,0.03614457787777617,0.0,1.0,0
122.0,0.007,0.0,0.0,0.003,0.0,0.0,23.0,1.7,0.0,9.7,78.0,79.0,157.0,6.0,0.0,131.0,125.0,130.0,18.0,0,78.0,-5.0,0.07692307593688365,0.0,1.0,0
122.0,0.01,0.0,0.0,0.002,0.0,0.0,25.0,1.6,0.0,9.1,72.0,85.0,157.0,6.0,0.0,136.0,129.0,133.0,15.0,1,72.0,-4.0,0.08333333217592595,0.0,1.0,0
127.0,0.009,0.0,0.007,0.002,0.0,0.0,22.0,1.7,0.0,0.0,129.0,52.0,181.0,8.0,0.0,140.0,136.0,142.0,57.0,1,129.0,-6.0,0.062015503395228655,0.0,1.0,0
127.0,0.01,0.0,0.008,0.002,0.0,0.0,22.0,1.6,0.0,0.0,90.0,91.0,181.0,4.0,0.0,140.0,144.0,146.0,25.0,0,90.0,-2.0,0.04444444395061729,0.0,1.0,0
127.0,0.011,0.0,0.01,0.001,0.0,0.0,24.0,1.5,0.0,1.7,67.0,109.0,176.0,3.0,0.0,155.0,148.0,152.0,19.0,0,67.0,-4.0,0.044776118734684796,0.0,1.0,0
127.0,0.01,0.0,0.009,0.001,0.0,0.0,24.0,1.5,0.0,0.0,72.0,109.0,181.0,4.0,0.0,153.0,150.0,154.0,16.0,0,72.0,-4.0,0.05555555478395063,0.0,1.0,0
131.0,0.006,0.0,0.009,0.0,0.0,0.0,27.0,1.4,0.0,19.2,70.0,110.0,180.0,2.0,0.0,155.0,155.0,156.0,14.0,0,70.0,-1.0,0.028571428163265314,0.0,1.0,0
131.0,0.011,0.0,0.011,0.0,0.0,0.0,23.0,1.7,0.0,6.9,84.0,110.0,194.0,6.0,0.0,160.0,158.0,161.0,23.0,0,84.0,-3.0,0.0714285705782313,0.0,1.0,0
131.0,0.011,0.0,0.014499999999999999,0.0,0.0,0.0,26.0,1.5,0.0,3.0,61.0,109.0,170.0,2.0,0.0,155.0,151.0,154.0,11.0,1,61.0,-3.0,0.03278688470841173,0.0,1.0,0
126.0,0.009,0.0,0.005,0.0,0.0,0.0,24.0,1.5,0.0,9.4,33.0,122.0,155.0,1.0,0.0,136.0,137.0,138.0,3.0,0,33.0,-1.0,0.030303029384756687,0.0,1.0,0
126.0,0.009,0.0,0.008,0.0,0.0,0.0,23.0,1.5,0.0,10.3,33.0,122.0,155.0,2.0,0.0,136.0,137.0,139.0,3.0,0,33.0,-2.0,0.060606058769513374,0.0,1.0,0
126.0,0.0,0.0,0.004,0.0,0.0,0.0,35.0,1.0,5.0,7.8,21.0,121.0,142.0,1.0,0.0,136.0,133.0,135.0,2.0,0,21.0,-2.0,0.04761904535147403,0.0,1.0,0
126.0,0.0,0.0,0.003,0.0,0.0,0.0,36.0,0.9,4.0,7.3,21.0,121.0,142.0,1.0,0.0,136.0,133.0,135.0,1.0,1,21.0,-2.0,0.04761904535147403,0.0,1.0,0
126.0,0.002,0.0,0.009,0.0,0.0,0.0,26.0,1.3,0.0,9.0,51.0,114.0,165.0,1.0,0.0,129.0,132.0,131.0,10.0,-1,51.0,1.0,0.0196078427527874,0.0,1.0,0
126.0,0.0,0.0,0.01,0.0,0.0,0.0,21.0,1.5,0.0,10.4,23.0,114.0,137.0,1.0,0.0,129.0,128.0,130.0,1.0,0,23.0,-2.0,0.04347825897920613,0.0,1.0,0
126.0,0.0,0.0,0.004,0.0,0.0,0.0,34.0,1.0,4.0,8.3,24.0,118.0,142.0,2.0,0.0,136.0,132.0,134.0,2.0,0,24.0,-2.0,0.08333332986111125,0.0,1.0,0
126.0,0.004,0.0,0.003,0.0,0.0,0.0,28.0,1.2,0.0,10.3,43.0,118.0,161.0,3.0,0.0,131.0,134.0,133.0,9.0,-1,43.0,1.0,0.06976744023796651,0.0,1.0,0
126.0,0.0,0.0,0.005,0.0,0.0,0.0,23.0,1.4,0.0,12.2,42.0,101.0,143.0,3.0,0.0,126.0,128.0,129.0,2.0,0,42.0,-1.0,0.0714285697278912,0.0,1.0,0
126.0,0.003,0.0,0.004,0.0,0.0,0.0,25.0,1.3,0.0,11.9,56.0,101.0,157.0,2.0,0.0,126.0,131.0,130.0,9.0,0,56.0,1.0,0.03571428507653063,0.0,1.0,0
126.0,0.004,0.0,0.006,0.0,0.0,0.0,29.0,1.3,0.0,9.2,65.0,103.0,168.0,2.0,0.0,127.0,134.0,133.0,18.0,0,65.0,1.0,0.030769230295857996,0.0,1.0,0
126.0,0.0,0.0,0.005,0.0,0.0,0.0,28.0,1.3,0.0,10.8,34.0,107.0,141.0,1.0,0.0,127.0,128.0,128.0,3.0,0,34.0,0.0,0.02941176384083048,0.0,1.0,0
126.0,0.006,0.0,0.005,0.0,0.0,0.0,27.0,1.3,0.0,5.6,58.0,103.0,161.0,2.0,0.0,133.0,135.0,135.0,10.0,0,58.0,0.0,0.03448275802615935,0.0,1.0,0
126.0,0.006,0.0,0.006,0.0,0.0,0.0,25.0,1.4,0.0,6.3,48.0,107.0,155.0,2.0,0.0,133.0,135.0,135.0,9.0,0,48.0,0.0,0.041666665798611134,0.0,1.0,0
126.0,0.006,0.0,0.01,0.0,0.0,0.0,27.0,1.3,0.0,6.3,43.0,113.0,156.0,3.0,0.0,129.0,134.0,134.0,10.0,0,43.0,0.0,0.06976744023796651,0.0,1.0,0
126.0,0.007,0.0,0.007,0.0,0.0,0.0,30.0,1.2,0.0,4.3,49.0,107.0,156.0,3.0,0.0,127.0,134.0,134.0,11.0,0,49.0,0.0,0.06122448854643901,0.0,1.0,0
126.0,0.007,0.0,0.007,0.0,0.0,0.0,30.0,1.2,0.0,4.2,49.0,107.0,156.0,3.0,0.0,127.0,134.0,134.0,11.0,0,49.0,0.0,0.06122448854643901,0.0,1.0,0
126.0,0.005,0.0,0.01,0.0,0.0,0.0,29.0,1.2,0.0,4.8,36.0,108.0,144.0,3.0,0.0,127.0,131.0,131.0,4.0,0,36.0,0.0,0.08333333101851859,0.0,1.0,0
120.0,0.0,0.0,0.009,0.0,0.0,0.0,49.0,0.9,4.0,15.2,39.0,95.0,134.0,5.0,0.0,122.0,120.0,122.0,3.0,1,39.0,-2.0,0.12820512491781733,0.0,1.0,0
120.0,0.0,0.0,0.012,0.0,0.0,0.0,51.0,0.7,4.0,11.4,26.0,103.0,129.0,1.0,0.0,122.0,119.0,121.0,2.0,1,26.0,-2.0,0.03846153698224858,0.0,1.0,0
120.0,0.0,0.0,0.012,0.0,0.0,0.0,53.0,0.7,2.0,10.4,20.0,107.0,127.0,2.0,0.0,122.0,119.0,121.0,2.0,1,20.0,-2.0,0.09999999500000024,0.0,1.0,0
120.0,0.001,0.0,0.008,0.001,0.0,0.0,47.0,1.0,2.0,9.8,67.0,73.0,140.0,9.0,0.0,116.0,121.0,121.0,9.0,1,67.0,0.0,0.1343283562040544,0.0,1.0,0
120.0,0.0,0.0,0.007,0.0,0.0,0.0,49.0,0.8,2.0,10.5,32.0,104.0,136.0,4.0,0.0,116.0,120.0,121.0,4.0,0,32.0,-1.0,0.12499999609375013,0.0,1.0,0
120.0,0.0,0.0,0.007,0.0,0.0,0.0,50.0,0.8,2.0,10.2,29.0,104.0,133.0,2.0,0.0,116.0,119.0,120.0,3.0,0,29.0,-1.0,0.06896551486325811,0.0,1.0,0
133.0,0.002,0.0,0.006,0.0,0.0,0.0,50.0,0.9,1.0,10.8,46.0,115.0,161.0,2.0,0.0,135.0,136.0,137.0,3.0,0,46.0,-1.0,0.04347825992438566,0.0,1.0,0
133.0,0.002,0.0,0.006,0.0,0.0,0.0,49.0,1.0,1.0,11.4,60.0,101.0,161.0,4.0,0.0,135.0,136.0,137.0,4.0,0,60.0,-1.0,0.06666666555555557,0.0,1.0,0
133.0,0.003,0.0,0.007,0.0,0.0,0.0,52.0,0.7,1.0,9.2,67.0,94.0,161.0,4.0,0.0,136.0,137.0,138.0,2.0,0,67.0,-1.0,0.0597014916462464,0.0,1.0,0
133.0,0.002,0.0,0.007,0.0,0.0,0.0,52.0,0.7,2.0,8.6,38.0,113.0,151.0,1.0,0.0,136.0,136.0,137.0,1.0,0,38.0,-1.0,0.026315788781163457,0.0,1.0,0
133.0,0.004,0.0,0.005,0.0,0.0,0.0,41.0,1.1,9.0,13.0,82.0,86.0,168.0,4.0,0.0,139.0,143.0,144.0,9.0,1,82.0,-1.0,0.04878048720999406,0.0,1.0,0
133.0,0.003,0.0,0.005,0.0,0.0,0.0,38.0,1.1,0.0,12.5,58.0,113.0,171.0,5.0,0.0,150.0,147.0,149.0,5.0,0,58.0,-2.0,0.08620689506539836,0.0,1.0,0
138.0,0.012,0.0,0.005,0.0,0.0,0.0,37.0,1.2,0.0,4.1,48.0,120.0,168.0,0.0,0.0,146.0,147.0,148.0,4.0,0,48.0,-1.0,0.0,0.0,1.0,0
138.0,0.008,0.0,0.005,0.0,0.0,0.0,37.0,1.2,0.0,5.2,52.0,116.0,168.0,2.0,0.0,146.0,146.0,147.0,4.0,0,52.0,-1.0,0.03846153772189351,0.0,1.0,0
133.0,0.001,0.0,0.006,0.0,0.0,0.0,50.0,0.8,5.0,11.3,57.0,94.0,151.0,3.0,0.0,136.0,136.0,137.0,1.0,1,57.0,-1.0,0.052631578024007405,0.0,1.0,0
133.0,0.0,0.0,0.006,0.0,0.0,0.0,53.0,0.7,2.0,9.8,34.0,113.0,147.0,4.0,0.0,136.0,136.0,138.0,1.0,1,34.0,-2.0,0.11764705536332191,0.0,1.0,0
143.0,0.005,0.0,0.005,0.0,0.0,0.0,44.0,1.1,5.0,12.2,45.0,128.0,173.0,4.0,0.0,147.0,148.0,149.0,4.0,0,45.0,-1.0,0.0888888869135803,0.0,1.0,0
143.0,0.005,0.0,0.005,0.0,0.0,0.0,37.0,1.0,0.0,9.5,44.0,130.0,174.0,4.0,0.0,147.0,148.0,149.0,5.0,0,44.0,-1.0,0.09090908884297526,0.0,1.0,0
143.0,0.004,0.0,0.005,0.0,0.0,0.0,44.0,0.9,6.0,9.4,43.0,130.0,173.0,7.0,0.0,147.0,148.0,148.0,4.0,0,43.0,0.0,0.16279069388858852,0.0,1.0,0
143.0,0.006,0.0,0.006,0.0,0.0,0.0,43.0,0.9,12.0,5.9,34.0,132.0,166.0,2.0,0.0,147.0,148.0,149.0,2.0,0,34.0,-1.0,0.05882352768166096,0.0,1.0,0
143.0,0.003,0.0,0.008,0.0,0.0,0.0,47.0,0.7,0.0,10.9,33.0,137.0,170.0,2.0,0.0,155.0,154.0,156.0,3.0,0,33.0,-2.0,0.060606058769513374,0.0,1.0,0
143.0,0.004,0.0,0.008,0.0,0.0,0.0,48.0,0.7,0.0,10.6,38.0,136.0,174.0,2.0,0.0,155.0,155.0,157.0,2.0,0,38.0,-2.0,0.05263157756232691,0.0,1.0,0
143.0,0.0,0.0,0.006,0.0,0.0,0.0,63.0,0.5,27.5,6.5,33.0,128.0,161.0,4.0,0.0,147.0,146.0,148.0,0.0,0,33.0,-2.0,0.12121211753902675,0.0,2.0,1
136.0,0.005,0.0,0.006,0.0,0.0,0.0,46.0,0.8,1.0,7.4,39.0,119.0,158.0,1.0,0.0,144.0,143.0,145.0,1.0,0,39.0,-2.0,0.025641024983563465,0.0,1.0,0
136.0,0.006,0.0,0.008,0.0,0.0,0.0,45.0,0.8,2.0,6.4,29.0,129.0,158.0,2.0,0.0,144.0,143.0,145.0,1.0,0,29.0,-2.0,0.06896551486325811,0.0,1.0,0
136.0,0.003,0.0,0.006,0.0,0.0,0.0,48.0,0.7,2.0,9.4,42.0,121.0,163.0,1.0,0.0,144.0,144.0,145.0,2.0,0,42.0,-1.0,0.0238095232426304,0.0,1.0,0
136.0,0.0,0.0,0.003,0.0,0.0,0.0,47.0,0.9,2.0,10.6,39.0,119.0,158.0,2.0,0.0,144.0,143.0,145.0,1.0,0,39.0,-2.0,0.05128204996712693,0.0,1.0,0
137.0,0.001,0.0,0.005,0.0,0.0,0.0,59.0,0.5,25.0,7.1,31.0,132.0,163.0,2.0,0.0,142.0,141.0,142.0,2.0,-1,31.0,-1.0,0.06451612695109267,0.0,1.0,0
137.0,0.0,0.0,0.004,0.0,0.0,0.0,61.0,0.4,27.5,5.9,15.0,132.0,147.0,1.0,0.0,142.0,140.0,142.0,0.0,0,15.0,-2.0,0.06666666222222252,0.0,2.0,1
137.0,0.001,0.0,0.005,0.0,0.0,0.0,61.0,0.4,27.5,5.1,22.0,133.0,155.0,2.0,0.0,142.0,140.0,142.0,0.0,0,22.0,-2.0,0.09090908677685969,0.0,2.0,1
137.0,0.001,0.0,0.006,0.0,0.0,0.0,63.0,0.4,27.5,4.8,22.0,133.0,155.0,2.0,0.0,142.0,141.0,142.0,0.0,0,22.0,-1.0,0.09090908677685969,0.0,2.0,1
137.0,0.001,0.0,0.005,0.0,0.0,0.0,62.0,0.4,27.5,5.4,22.0,133.0,155.0,2.0,0.0,142.0,140.0,142.0,0.0,0,22.0,-2.0,0.09090908677685969,0.0,2.0,1
137.0,0.001,0.0,0.007,0.0,0.0,0.0,60.0,0.4,27.5,5.8,22.0,133.0,155.0,2.0,0.0,142.0,140.0,142.0,1.0,0,22.0,-2.0,0.09090908677685969,0.0,2.0,1
135.0,0.0,0.0,0.007,0.001,0.0,0.0,58.0,0.5,27.5,6.1,31.0,117.0,148.0,4.0,0.0,140.0,139.0,141.0,1.0,1,31.0,-2.0,0.12903225390218534,0.0,1.0,0
135.0,0.0,0.0,0.007,0.0,0.0,0.0,59.0,0.5,27.5,6.1,16.0,132.0,148.0,1.0,0.0,140.0,140.0,142.0,0.0,0,16.0,-2.0,0.06249999609375024,0.0,1.0,0
135.0,0.0,0.0,0.007,0.001,0.0,0.0,54.0,0.5,12.0,9.0,32.0,117.0,149.0,2.0,0.0,140.0,137.0,140.0,2.0,1,32.0,-3.0,0.06249999804687507,0.0,1.0,0
135.0,0.0,0.0,0.005,0.003,0.0,0.0,51.0,0.6,2.0,8.9,30.0,116.0,146.0,1.0,0.0,138.0,134.0,137.0,3.0,1,30.0,-3.0,0.033333332222222255,0.0,1.0,0
135.0,0.0,0.0,0.007,0.001,0.0,0.0,52.0,0.6,7.0,9.8,32.0,117.0,149.0,1.0,0.0,140.0,137.0,139.0,2.0,0,32.0,-2.0,0.031249999023437534,0.0,1.0,0
135.0,0.0,0.0,0.007,0.0,0.0,0.0,50.0,0.6,0.0,12.2,34.0,118.0,152.0,0.0,0.0,137.0,136.0,138.0,1.0,0,34.0,-2.0,0.0,0.0,1.0,0
135.0,0.006,0.0,0.007,0.0,0.0,0.0,48.0,0.7,1.0,8.1,42.0,120.0,162.0,5.0,0.0,139.0,141.0,142.0,4.0,0,42.0,-1.0,0.119047616213152,0.0,1.0,0
135.0,0.01,0.0,0.006,0.0,0.0,0.0,50.0,0.7,2.0,1.8,46.0,122.0,168.0,3.0,0.0,139.0,142.0,143.0,4.0,0,46.0,-1.0,0.06521738988657848,0.0,1.0,0
135.0,0.007,0.0,0.007,0.0,0.0,0.0,47.0,0.8,2.0,10.0,39.0,120.0,159.0,1.0,0.0,139.0,139.0,141.0,3.0,0,39.0,-2.0,0.025641024983563465,0.0,1.0,0
135.0,0.002,0.0,0.007,0.0,0.0,0.0,47.0,0.8,2.0,13.3,36.0,120.0,156.0,1.0,0.0,139.0,138.0,139.0,2.0,0,36.0,-1.0,0.027777777006172864,0.0,1.0,0
125.0,0.001,0.0,0.004,0.0,0.0,0.0,43.0,0.7,27.5,7.8,21.0,120.0,141.0,0.0,0.0,131.0,130.0,132.0,1.0,0,21.0,-2.0,0.0,0.0,1.0,0
125.0,0.0,0.0,0.005,0.0,0.0,0.0,45.0,0.7,27.5,7.7,19.0,122.0,141.0,0.0,0.0,131.0,130.0,131.0,1.0,0,19.0,-1.0,0.0,0.0,1.0,0
125.0,0.002,0.0,0.005,0.0,0.0,0.0,40.0,0.7,9.0,8.1,29.0,122.0,151.0,1.0,0.0,131.0,132.0,132.0,2.0,-1,29.0,0.0,0.034482757431629055,0.0,1.0,0
125.0,0.0,0.0,0.004,0.0,0.0,0.0,44.0,0.7,15.0,8.7,21.0,120.0,141.0,0.0,0.0,131.0,130.0,131.0,1.0,0,21.0,-1.0,0.0,0.0,1.0,0
126.0,0.001,0.0,0.005,0.0,0.0,0.0,34.0,0.9,3.0,10.2,41.0,110.0,151.0,2.0,0.0,126.0,128.0,129.0,4.0,0,41.0,-1.0,0.048780486615110086,0.0,1.0,0
126.0,0.0,0.0,0.004,0.0,0.0,0.0,32.0,0.9,4.0,11.2,31.0,110.0,141.0,1.0,0.0,126.0,125.0,127.0,2.0,0,31.0,-2.0,0.032258063475546335,0.0,1.0,0
125.0,0.001,0.0,0.005,0.0,0.0,0.0,31.0,1.1,1.0,12.5,38.0,109.0,147.0,4.0,0.0,125.0,125.0,127.0,3.0,0,38.0,-2.0,0.10526315512465383,0.0,1.0,0
125.0,0.0,0.0,0.008,0.0,0.0,0.0,32.0,1.1,3.0,13.0,51.0,96.0,147.0,4.0,0.0,126.0,125.0,127.0,2.0,0,51.0,-2.0,0.0784313710111496,0.0,1.0,0
125.0,0.002,0.0,0.004,0.001,0.0,0.0,30.0,1.1,3.0,11.0,45.0,102.0,147.0,1.0,0.0,126.0,127.0,128.0,3.0,0,45.0,-1.0,0.022222221728395074,0.0,1.0,0
125.0,0.003,0.0,0.004,0.0,0.0,0.0,32.0,1.0,5.0,10.7,47.0,100.0,147.0,1.0,0.0,126.0,127.0,128.0,3.0,0,47.0,-1.0,0.021276595291987336,0.0,1.0,0
125.0,0.003,0.0,0.004,0.001,0.0,0.0,32.0,1.0,7.0,8.4,54.0,93.0,147.0,2.0,0.0,126.0,126.0,128.0,3.0,0,54.0,-2.0,0.037037036351165994,0.0,1.0,0
125.0,0.002,0.0,0.004,0.002,0.0,0.0,36.0,1.0,10.0,9.6,54.0,93.0,147.0,1.0,0.0,126.0,127.0,128.0,3.0,0,54.0,-1.0,0.018518518175582997,0.0,1.0,0
115.0,0.002,0.0,0.006,0.002,0.0,0.0,19.0,1.7,0.0,14.2,59.0,89.0,148.0,1.0,0.0,120.0,118.0,121.0,5.0,0,59.0,-3.0,0.016949152255099114,0.0,1.0,0
115.0,0.004,0.0,0.007,0.001,0.0,0.0,20.0,1.7,0.0,9.9,78.0,79.0,157.0,4.0,0.0,120.0,121.0,123.0,7.0,0,78.0,-2.0,0.0512820506245891,0.0,1.0,0
115.0,0.007,0.0,0.008,0.0,0.0,0.0,20.0,1.7,0.0,3.5,78.0,79.0,157.0,6.0,0.0,123.0,124.0,125.0,7.0,0,78.0,-1.0,0.07692307593688365,0.0,1.0,0
115.0,0.005,0.0,0.006,0.001,0.0,0.0,23.0,1.5,0.0,10.8,57.0,94.0,151.0,2.0,0.0,120.0,121.0,122.0,6.0,0,57.0,-1.0,0.035087718682671604,0.0,1.0,0
115.0,0.0,0.0,0.005,0.002,0.0,0.0,20.0,1.7,0.0,14.0,59.0,89.0,148.0,1.0,0.0,120.0,118.0,121.0,4.0,0,59.0,-3.0,0.016949152255099114,0.0,1.0,0
115.0,0.006,0.0,0.007,0.0,0.0,0.0,24.0,1.4,0.0,13.0,51.0,102.0,153.0,0.0,0.0,112.0,120.0,121.0,16.0,0,51.0,-1.0,0.0,0.0,1.0,0
115.0,0.005,0.0,0.005,0.0,0.0,0.0,22.0,1.5,0.0,13.2,51.0,102.0,153.0,2.0,0.0,112.0,118.0,117.0,11.0,-1,51.0,1.0,0.0392156855055748,0.0,1.0,0
112.0,0.005,0.0,0.004,0.0,0.0,0.0,24.0,1.3,5.0,10.5,40.0,103.0,143.0,1.0,0.0,114.0,114.0,115.0,4.0,-1,40.0,-1.0,0.024999999375000016,0.0,1.0,0
112.0,0.0,0.0,0.004,0.0,0.0,0.0,23.0,1.3,10.0,12.5,40.0,104.0,144.0,0.0,0.0,112.0,113.0,113.0,2.0,-1,40.0,0.0,0.0,0.0,1.0,0
112.0,0.01,0.0,0.005,0.0,0.0,0.0,24.0,1.3,5.0,6.0,39.0,105.0,144.0,0.0,0.0,114.0,116.0,116.0,5.0,-1,39.0,0.0,0.0,0.0,1.0,0
112.0,0.015000000000000001,0.0,0.007,0.0,0.0,0.0,25.0,1.4,0.0,0.6,35.0,109.0,144.0,0.0,0.0,116.0,120.0,119.0,6.0,-1,35.0,1.0,0.0,0.0,1.0,0
112.0,0.009,0.0,0.006,0.0,0.0,0.0,24.0,1.3,6.0,6.4,37.0,105.0,142.0,1.0,0.0,114.0,116.0,115.0,4.0,-1,37.0,1.0,0.027027026296566857,0.0,1.0,0
112.0,0.008,0.0,0.006,0.0,0.0,0.0,25.0,1.3,0.0,7.3,37.0,105.0,142.0,1.0,0.0,114.0,115.0,115.0,4.0,-1,37.0,0.0,0.027027026296566857,0.0,1.0,0
112.0,0.003,0.0,0.004,0.0,0.0,0.0,24.0,1.3,8.0,10.4,40.0,104.0,144.0,0.0,0.0,114.0,114.0,114.0,3.0,-1,40.0,0.0,0.0,0.0,1.0,0
112.0,0.0,0.0,0.004,0.0,0.0,0.0,23.0,1.3,11.0,13.0,40.0,104.0,144.0,1.0,0.0,112.0,113.0,114.0,2.0,-1,40.0,-1.0,0.024999999375000016,0.0,1.0,0
120.0,0.008,0.0,0.003,0.0,0.0,0.0,20.0,1.7,0.0,5.8,42.0,109.0,151.0,2.0,0.0,122.0,126.0,125.0,8.0,0,42.0,1.0,0.0476190464852608,0.0,1.0,0
118.0,0.001,0.0,0.003,0.001,0.0,0.0,26.0,1.4,0.0,11.0,56.0,94.0,150.0,3.0,0.0,120.0,118.0,119.0,6.0,0,56.0,-1.0,0.05357142761479594,0.0,1.0,0
118.0,0.003,0.0,0.0,0.003,0.0,0.0,24.0,1.7,0.0,7.1,62.0,88.0,150.0,4.0,0.0,114.0,116.0,116.0,12.0,0,62.0,0.0,0.06451612799167536,0.0,1.0,0
118.0,0.001,0.0,0.007,0.001,0.0,0.0,25.0,1.3,0.0,10.9,61.0,89.0,150.0,5.0,0.0,120.0,119.0,120.0,6.0,0,61.0,-1.0,0.08196721177102932,0.0,1.0,0
118.0,0.0,0.0,0.007,0.0,0.0,0.0,26.0,1.2,0.0,11.1,44.0,100.0,144.0,3.0,0.0,120.0,119.0,120.0,2.0,0,44.0,-1.0,0.06818181663223144,0.0,1.0,0
118.0,0.002,0.0,0.005,0.002,0.0,0.0,25.0,1.4,22.0,7.9,88.0,72.0,160.0,2.0,0.0,126.0,120.0,123.0,11.0,0,88.0,-3.0,0.02272727246900827,0.0,1.0,0
118.0,0.002,0.0,0.004,0.002,0.0,0.0,25.0,1.5,27.5,6.5,90.0,70.0,160.0,2.0,0.0,126.0,120.0,124.0,13.0,0,90.0,-4.0,0.022222221975308647,0.0,1.0,0
118.0,0.0,0.0,0.008,0.002,0.0,0.0,21.0,1.5,0.0,10.3,55.0,89.0,144.0,1.0,0.0,123.0,118.0,121.0,6.0,0,55.0,-3.0,0.018181817851239675,0.0,1.0,0
118.0,0.0,0.0,0.002,0.002,0.0,0.0,24.0,1.5,0.0,9.7,55.0,89.0,144.0,1.0,0.0,125.0,118.0,121.0,10.0,0,55.0,-3.0,0.018181817851239675,0.0,1.0,0
119.0,0.003,0.0,0.004,0.001,0.0,0.0,26.0,1.4,23.0,6.3,88.0,72.0,160.0,1.0,0.0,126.0,123.0,126.0,7.0,0,88.0,-3.0,0.011363636234504135,0.0,1.0,0
119.0,0.004,0.0,0.007,0.001,0.0,0.0,23.0,1.5,5.0,7.9,75.0,70.0,145.0,1.0,0.0,126.0,122.0,125.0,9.0,1,75.0,-3.0,0.013333333155555559,0.0,1.0,0
119.0,0.004,0.0,0.007,0.0,0.0,0.0,24.0,1.4,2.0,11.1,42.0,103.0,145.0,1.0,0.0,125.0,124.0,126.0,4.0,0,42.0,-2.0,0.0238095232426304,0.0,1.0,0
119.0,0.0,0.0,0.002,0.0,0.0,0.0,25.0,1.3,9.0,9.3,40.0,103.0,143.0,3.0,0.0,126.0,122.0,124.0,4.0,0,40.0,-2.0,0.07499999812500005,0.0,1.0,0
119.0,0.003,0.0,0.006,0.0,0.0,0.0,25.0,1.3,0.0,13.8,39.0,106.0,145.0,0.0,0.0,120.0,123.0,123.0,5.0,0,39.0,0.0,0.0,0.0,1.0,0
119.0,0.0,0.0,0.003,0.0,0.0,0.0,23.0,1.5,0.0,16.1,39.0,106.0,145.0,3.0,0.0,125.0,124.0,126.0,3.0,0,39.0,-2.0,0.0769230749506904,0.0,1.0,0
119.0,0.001,0.0,0.006,0.0,0.0,0.0,26.0,1.2,0.0,13.8,39.0,106.0,145.0,1.0,0.0,120.0,122.0,122.0,3.0,0,39.0,0.0,0.025641024983563465,0.0,1.0,0
119.0,0.0,0.0,0.006,0.0,0.0,0.0,24.0,1.4,0.0,15.5,39.0,106.0,145.0,3.0,0.0,125.0,124.0,126.0,3.0,0,39.0,-2.0,0.0769230749506904,0.0,1.0,0
119.0,0.0,0.0,0.007,0.0,0.0,0.0,27.0,1.2,0.0,13.0,37.0,109.0,146.0,1.0,0.0,120.0,120.0,121.0,1.0,-1,37.0,-1.0,0.027027026296566857,0.0,1.0,0
119.0,0.0,0.0,0.009,0.0,0.0,0.0,27.0,1.2,0.0,13.4,36.0,110.0,146.0,1.0,0.0,120.0,120.0,121.0,1.0,-1,36.0,-1.0,0.027777777006172864,0.0,1.0,0
115.0,0.005,0.0,0.006,0.001,0.0,0.0,20.0,1.6,0.0,10.7,86.0,71.0,157.0,5.0,0.0,116.0,119.0,118.0,11.0,0,86.0,1.0,0.05813953420767984,0.0,1.0,0
115.0,0.007,0.0,0.006,0.0,0.0,0.0,20.0,1.6,0.0,9.4,82.0,75.0,157.0,3.0,0.0,120.0,121.0,121.0,8.0,0,82.0,0.0,0.036585365407495546,0.0,1.0,0
115.0,0.006,0.0,0.006,0.001,0.0,0.0,20.0,1.7,0.0,10.8,88.0,69.0,157.0,5.0,0.0,114.0,118.0,118.0,13.0,0,88.0,0.0,0.05681818117252067,0.0,1.0,0
115.0,0.005,0.0,0.005,0.002,0.0,0.0,20.0,1.7,0.0,10.6,84.0,69.0,153.0,5.0,0.0,114.0,117.0,116.0,13.0,0,84.0,1.0,0.05952380881519275,0.0,1.0,0
115.0,0.008,0.0,0.007,0.0,0.0,0.0,20.0,1.7,0.0,9.6,56.0,101.0,157.0,2.0,0.0,114.0,118.0,118.0,10.0,-1,56.0,0.0,0.03571428507653063,0.0,1.0,0
115.0,0.0,0.0,0.005,0.0,0.0,0.0,21.0,1.6,0.0,13.1,41.0,100.0,141.0,1.0,0.0,114.0,113.0,114.0,2.0,-1,41.0,-1.0,0.024390243307555043,0.0,1.0,0
115.0,0.007,0.0,0.006,0.0,0.0,0.0,17.0,2.0,0.0,13.9,73.0,84.0,157.0,0.0,0.0,120.0,117.0,119.0,13.0,0,73.0,-2.0,0.0,0.0,1.0,0
115.0,0.013,0.0,0.002,0.0,0.0,0.0,19.0,1.8,0.0,6.7,56.0,101.0,157.0,1.0,0.0,120.0,121.0,121.0,9.0,0,56.0,0.0,0.017857142538265314,0.0,1.0,0
112.0,0.005,0.0,0.007,0.002,0.0,0.0,17.0,2.0,1.0,9.0,66.0,78.0,144.0,0.0,0.0,112.0,112.0,113.0,9.0,0,66.0,-1.0,0.0,0.0,1.0,0
112.0,0.002,0.0,0.006,0.003,0.0,0.0,17.0,2.0,0.0,11.6,66.0,78.0,144.0,3.0,0.0,112.0,109.0,111.0,9.0,0,66.0,-2.0,0.04545454476584023,0.0,1.0,0
112.0,0.003,0.0,0.007,0.002,0.0,0.0,21.0,1.7,2.0,9.9,60.0,84.0,144.0,1.0,0.0,114.0,113.0,115.0,7.0,0,60.0,-2.0,0.016666666388888893,0.0,1.0,0
112.0,0.0,0.0,0.007,0.005,0.0,0.0,16.0,2.2,3.0,10.4,62.0,78.0,140.0,3.0,0.0,112.0,108.0,110.0,10.0,0,62.0,-2.0,0.04838709599375652,0.0,1.0,0
112.0,0.002,0.0,0.007,0.001,0.0,0.0,23.0,1.5,1.0,9.2,55.0,89.0,144.0,5.0,0.0,114.0,114.0,116.0,4.0,0,55.0,-2.0,0.09090908925619838,0.0,1.0,0
112.0,0.0,0.0,0.005,0.0,0.0,0.0,26.0,1.3,0.0,10.1,37.0,90.0,127.0,2.0,0.0,114.0,114.0,116.0,2.0,1,37.0,-2.0,0.054054052593133714,0.0,1.0,0
112.0,0.003,0.0,0.004,0.0,0.0,0.0,26.0,1.2,1.0,8.4,54.0,90.0,144.0,4.0,0.0,120.0,116.0,117.0,4.0,0,54.0,-1.0,0.07407407270233199,0.0,1.0,0
112.0,0.0,0.0,0.006,0.0,0.0,0.0,25.0,1.3,0.0,9.3,34.0,104.0,138.0,4.0,0.0,119.0,116.0,118.0,2.0,0,34.0,-2.0,0.11764705536332191,0.0,1.0,0
115.0,0.005,0.0,0.009,0.002,0.0,0.0,17.0,2.0,0.0,6.8,89.0,80.0,169.0,3.0,0.0,121.0,115.0,119.0,25.0,0,89.0,-4.0,0.03370786478979927,0.0,1.0,0
115.0,0.002,0.0,0.009,0.004,0.0,0.0,15.0,2.3,0.0,5.6,92.0,77.0,169.0,4.0,0.0,114.0,109.0,110.0,33.0,-1,92.0,-1.0,0.04347826039697543,0.0,1.0,0
115.0,0.003,0.0,0.009,0.001,0.0,0.0,21.0,1.7,0.0,10.7,83.0,85.0,168.0,2.0,0.0,129.0,122.0,125.0,19.0,0,83.0,-3.0,0.02409638525185078,0.0,1.0,0
115.0,0.0,0.0,0.008,0.005,0.0,0.0,15.0,2.2,0.0,6.8,55.0,84.0,139.0,4.0,0.0,119.0,111.0,115.0,19.0,0,55.0,-4.0,0.0727272714049587,0.0,1.0,0
115.0,0.004,0.0,0.01,0.001,0.0,0.0,22.0,1.7,0.0,10.2,102.0,76.0,178.0,3.0,0.0,129.0,124.0,128.0,17.0,0,102.0,-4.0,0.02941176441753172,0.0,1.0,0
115.0,0.006,0.0,0.008,0.0,0.0,0.0,19.0,1.7,0.0,7.9,55.0,89.0,144.0,2.0,0.0,126.0,121.0,123.0,9.0,0,55.0,-2.0,0.03636363570247935,0.0,1.0,0
115.0,0.003,0.0,0.008,0.002,0.0,0.0,24.0,1.6,0.0,10.1,108.0,71.0,179.0,3.0,0.0,133.0,122.0,129.0,45.0,0,108.0,-7.0,0.027777777520576134,0.0,1.0,0
115.0,0.001,0.0,0.009,0.001,0.0,0.0,25.0,1.7,0.0,10.3,108.0,71.0,179.0,3.0,0.0,129.0,122.0,130.0,42.0,0,108.0,-8.0,0.027777777520576134,0.0,1.0,0
115.0,0.004,0.0,0.008,0.002,0.0,0.0,23.0,1.9,0.0,8.5,123.0,71.0,194.0,4.0,0.0,131.0,129.0,132.0,57.0,0,123.0,-3.0,0.032520324938859146,0.0,1.0,0
115.0,0.006,0.0,0.007,0.003,0.0,0.0,21.0,2.3,0.0,1.7,125.0,71.0,196.0,3.0,0.0,145.0,127.0,130.0,57.0,0,125.0,-3.0,0.023999999808,0.0,1.0,0
114.0,0.007,0.0,0.01,0.002,0.0,0.0,19.0,2.8,0.0,12.2,127.0,71.0,198.0,5.0,0.0,145.0,133.0,136.0,57.0,0,127.0,-3.0,0.039370078430156864,0.0,1.0,0
114.0,0.011,0.0,0.011,0.0,0.0,0.0,18.0,3.0,0.0,14.9,122.0,76.0,198.0,4.0,0.0,145.0,146.0,147.0,57.0,0,122.0,-1.0,0.032786884977156684,0.0,1.0,0
136.0,0.002,0.0,0.005,0.006,0.0,0.0,24.0,1.6,0.0,3.9,115.0,60.0,175.0,8.0,0.0,136.0,128.0,135.0,35.0,0,115.0,-7.0,0.06956521678638942,0.0,1.0,0
136.0,0.0,0.0,0.005,0.007,0.0,0.0,25.0,1.6,0.0,4.0,98.0,60.0,158.0,6.0,0.0,136.0,126.0,134.0,34.0,1,98.0,-8.0,0.06122448917117868,0.0,1.0,0
136.0,0.006,0.0,0.005,0.001,0.0,0.0,39.0,0.8,0.0,4.5,63.0,115.0,178.0,5.0,0.0,148.0,152.0,152.0,12.0,0,63.0,0.0,0.07936507810531622,0.0,1.0,0
137.0,0.005,0.0,0.005,0.002,0.0,0.0,36.0,0.9,0.0,5.0,63.0,115.0,178.0,4.0,0.0,148.0,148.0,149.0,9.0,0,63.0,-1.0,0.06349206248425297,0.0,1.0,0
138.0,0.0,0.0,0.007,0.002,0.0,0.0,34.0,1.0,6.0,10.5,56.0,99.0,155.0,5.0,0.0,148.0,142.0,146.0,9.0,1,56.0,-4.0,0.08928571269132657,0.0,1.0,0
138.0,0.0,0.0,0.007,0.002,0.0,0.0,34.0,1.0,7.0,9.6,62.0,93.0,155.0,5.0,0.0,148.0,142.0,146.0,10.0,1,62.0,-4.0,0.08064515998959419,0.0,1.0,0
138.0,0.002,0.0,0.007,0.005,0.0,0.0,32.0,1.1,16.0,6.6,78.0,97.0,175.0,5.0,0.0,145.0,139.0,144.0,16.0,0,78.0,-5.0,0.06410256328073637,0.0,1.0,0
138.0,0.0,0.0,0.006,0.005,0.0,0.0,33.0,1.0,18.0,6.7,67.0,97.0,164.0,2.0,0.0,145.0,139.0,144.0,12.0,1,67.0,-5.0,0.0298507458231232,0.0,1.0,0
138.0,0.003,0.0,0.008,0.006,0.0,0.0,28.0,1.3,9.0,3.5,90.0,85.0,175.0,6.0,0.0,144.0,134.0,138.0,31.0,0,90.0,-4.0,0.06666666592592593,0.0,1.0,0
138.0,0.007,0.0,0.007,0.007,0.0,0.0,28.0,1.4,16.0,1.6,90.0,85.0,175.0,8.0,0.0,143.0,136.0,141.0,32.0,0,90.0,-5.0,0.08888888790123459,0.0,1.0,0
126.0,0.007,0.007500000000000001,0.005,0.007,0.0,0.0,21.0,2.3,0.0,4.2,107.0,67.0,174.0,6.0,0.0,143.0,125.0,133.0,57.0,0,107.0,-8.0,0.056074765831076956,0.0,1.0,0
125.0,0.014,0.007500000000000001,0.005,0.005,0.0,0.0,22.0,2.2,0.0,0.0,107.0,67.0,174.0,7.0,0.0,134.0,134.0,138.0,21.0,0,107.0,-4.0,0.06542056013625645,0.0,1.0,0
125.0,0.015,0.007500000000000001,0.005,0.003,0.0,0.0,22.0,2.1,0.0,0.0,107.0,67.0,174.0,4.0,0.0,134.0,136.0,138.0,16.0,0,107.0,-2.0,0.03738317722071797,0.0,1.0,0
125.0,0.007,0.007,0.005,0.007,0.0,0.0,21.0,2.3,0.0,4.3,107.0,67.0,174.0,7.0,0.0,143.0,125.0,134.0,57.0,0,107.0,-9.0,0.06542056013625645,0.0,1.0,0
125.0,0.008,0.007,0.007,0.005,0.0,0.0,23.0,2.1,0.0,5.5,125.0,53.0,178.0,8.0,0.0,143.0,128.0,137.0,57.0,1,125.0,-9.0,0.063999999488,0.0,1.0,0
125.0,0.004,0.007500000000000001,0.005,0.006,0.0,0.0,23.0,2.2,0.0,7.4,125.0,53.0,178.0,8.0,0.0,143.0,122.0,131.0,57.0,0,125.0,-9.0,0.063999999488,0.0,1.0,0
125.0,0.003,0.007500000000000001,0.004,0.006,0.0,0.0,22.0,2.2,0.0,8.5,125.0,53.0,178.0,9.0,0.0,143.0,123.0,131.0,57.0,0,125.0,-8.0,0.07199999942400001,0.0,1.0,0
125.0,0.0,0.007500000000000001,0.005,0.007,0.0,0.0,22.0,2.3,0.0,8.5,125.0,53.0,178.0,8.0,0.0,143.0,122.0,130.0,57.0,0,125.0,-8.0,0.063999999488,0.0,1.0,0
125.0,0.002,0.007500000000000001,0.006,0.007500000000000001,0.0,0.0,18.0,2.7,0.0,6.3,125.0,53.0,178.0,10.0,0.0,131.0,115.0,121.0,57.0,0,125.0,-6.0,0.07999999936,0.0,1.0,0
128.0,0.008,0.007,0.004,0.004,0.0,0.0,20.0,2.2,0.0,1.9,107.0,67.0,174.0,4.0,0.0,134.0,126.0,133.0,47.0,0,107.0,-7.0,0.03738317722071797,0.0,1.0,0
128.0,0.007,0.007500000000000001,0.005,0.005,0.0,0.0,19.0,2.4,0.0,1.9,107.0,67.0,174.0,7.0,0.0,134.0,123.0,129.0,57.0,0,107.0,-6.0,0.06542056013625645,0.0,1.0,0
128.0,0.006,0.007500000000000001,0.004,0.005,0.0,0.0,22.0,2.2,0.0,6.3,109.0,65.0,174.0,7.0,0.0,143.0,126.0,134.0,57.0,0,109.0,-8.0,0.06422018289706255,0.0,1.0,0
128.0,0.0,0.007500000000000001,0.005,0.007,0.0,0.0,22.0,2.3,0.0,8.4,125.0,53.0,178.0,9.0,0.0,143.0,121.0,130.0,57.0,0,125.0,-9.0,0.07199999942400001,0.0,1.0,0
128.0,0.003,0.007500000000000001,0.007,0.005,0.0,0.0,24.0,2.0,0.0,9.0,91.0,65.0,156.0,6.0,0.0,133.0,125.0,131.0,42.0,1,91.0,-6.0,0.06593406520951577,0.0,1.0,0
128.0,0.001,0.007500000000000001,0.005,0.004,0.0,0.0,22.0,2.2,0.0,9.4,125.0,53.0,178.0,7.0,0.0,143.0,123.0,130.0,57.0,0,125.0,-7.0,0.055999999552,0.0,1.0,0
128.0,0.004,0.007500000000000001,0.005,0.005,0.0,0.0,25.0,2.0,0.0,7.3,91.0,65.0,156.0,8.0,0.0,133.0,125.0,131.0,41.0,1,91.0,-6.0,0.08791208694602103,0.0,1.0,0
128.0,0.0,0.007500000000000001,0.008,0.006,0.0,0.0,17.0,2.7,0.0,8.7,125.0,53.0,178.0,9.0,0.0,133.0,114.0,122.0,57.0,0,125.0,-8.0,0.07199999942400001,0.0,1.0,0
128.0,0.005,0.007500000000000001,0.004,0.005,0.0,0.0,30.0,1.7,0.0,7.0,118.0,59.0,177.0,7.0,0.0,133.0,128.0,133.0,30.0,0,118.0,-5.0,0.05932203339557599,0.0,1.0,0
128.0,0.006,0.006,0.005,0.004,0.0,0.0,32.0,1.5,0.0,5.4,90.0,68.0,158.0,6.0,0.0,133.0,133.0,135.0,16.0,1,90.0,-2.0,0.06666666592592593,0.0,1.0,0
128.0,0.007,0.007500000000000001,0.004,0.006,0.0,0.0,31.0,1.7,0.0,3.7,109.0,68.0,177.0,11.0,0.0,137.0,128.0,135.0,40.0,0,109.0,-7.0,0.10091743026681257,0.0,1.0,0
128.0,0.008,0.007500000000000001,0.004,0.005,0.0,0.0,31.0,1.7,0.0,2.9,141.0,57.0,198.0,11.0,0.0,137.0,130.0,137.0,41.0,0,141.0,-7.0,0.07801418384387104,0.0,1.0,0
128.0,0.008,0.007500000000000001,0.003,0.005,0.0,0.0,30.0,1.9,0.0,3.8,141.0,57.0,198.0,12.0,0.0,137.0,127.0,136.0,49.0,0,141.0,-9.0,0.08510638237513204,0.0,1.0,0
128.0,0.008,0.007500000000000001,0.003,0.005,0.0,0.0,27.0,1.9,0.0,1.1,141.0,57.0,198.0,12.0,0.0,135.0,125.0,135.0,57.0,0,141.0,-10.0,0.08510638237513204,0.0,1.0,0
128.0,0.007,0.007,0.004,0.006,0.0,0.0,21.0,2.3,0.0,5.2,107.0,67.0,174.0,7.0,0.0,143.0,126.0,135.0,57.0,0,107.0,-9.0,0.06542056013625645,0.0,1.0,0
128.0,0.003,0.006,0.003,0.006,0.0,0.0,14.0,2.7,0.0,0.0,89.0,67.0,156.0,4.0,0.0,115.0,115.0,116.0,44.0,0,89.0,-1.0,0.04494381971973237,0.0,1.0,0
128.0,0.006,0.007500000000000001,0.005,0.005,0.0,0.0,22.0,2.2,0.0,6.6,109.0,65.0,174.0,6.0,0.0,143.0,127.0,135.0,57.0,0,109.0,-8.0,0.05504587105462504,0.0,1.0,0
128.0,0.0,0.007500000000000001,0.004,0.006,0.0,0.0,22.0,2.4,0.0,9.2,125.0,53.0,178.0,11.0,0.0,143.0,121.0,131.0,57.0,0,125.0,-10.0,0.08799999929600001,0.0,1.0,0
128.0,0.005,0.007500000000000001,0.005,0.005,0.0,0.0,26.0,2.0,0.0,8.2,91.0,65.0,156.0,8.0,0.0,133.0,126.0,132.0,41.0,1,91.0,-6.0,0.08791208694602103,0.0,1.0,0
128.0,0.0,0.007500000000000001,0.01,0.007500000000000001,0.0,0.0,16.0,2.9,0.0,7.8,125.0,53.0,178.0,9.0,0.0,133.0,114.0,121.0,57.0,0,125.0,-7.0,0.07199999942400001,0.0,1.0,0
128.0,0.004,0.007500000000000001,0.005,0.004,0.0,0.0,29.0,1.6,0.0,6.4,91.0,65.0,156.0,8.0,0.0,133.0,129.0,133.0,27.0,1,91.0,-4.0,0.08791208694602103,0.0,1.0,0
128.0,0.005,0.007500000000000001,0.004,0.005,0.0,0.0,29.0,1.6,0.0,7.1,90.0,68.0,158.0,6.0,0.0,133.0,131.0,133.0,19.0,1,90.0,-2.0,0.06666666592592593,0.0,1.0,0
128.0,0.007,0.007500000000000001,0.003,0.005,0.0,0.0,32.0,1.6,0.0,3.5,109.0,68.0,177.0,11.0,0.0,137.0,129.0,135.0,35.0,0,109.0,-6.0,0.10091743026681257,0.0,1.0,0
128.0,0.008,0.007500000000000001,0.004,0.005,0.0,0.0,33.0,1.5,0.0,3.9,141.0,57.0,198.0,8.0,0.0,137.0,132.0,136.0,21.0,0,141.0,-4.0,0.056737588250088025,0.0,1.0,0
128.0,0.006,0.007500000000000001,0.004,0.004,0.0,0.0,29.0,1.7,0.0,5.8,115.0,62.0,177.0,11.0,0.0,137.0,128.0,133.0,37.0,0,115.0,-5.0,0.09565217308128546,0.0,1.0,0
128.0,0.011,0.007500000000000001,0.005,0.003,0.0,0.0,36.0,1.6,0.0,4.9,124.0,59.0,183.0,5.0,0.0,137.0,135.0,139.0,18.0,0,124.0,-4.0,0.04032258031997919,0.0,1.0,0
128.0,0.003,0.007500000000000001,0.003,0.003,0.0,0.0,30.0,2.0,0.0,6.0,111.0,54.0,165.0,12.0,0.0,129.0,112.0,129.0,57.0,1,111.0,-17.0,0.1081081071341612,0.0,2.0,1
128.0,0.0,0.007500000000000001,0.003,0.003,0.0,0.0,29.0,2.2,0.0,7.2,145.0,54.0,199.0,12.0,0.0,129.0,107.0,124.0,57.0,0,145.0,-17.0,0.08275862011890607,0.0,3.0,2
128.0,0.0,0.007500000000000001,0.003,0.002,0.0,0.0,30.0,2.1,0.0,8.6,128.0,54.0,182.0,12.0,0.0,129.0,104.0,120.0,57.0,0,128.0,-16.0,0.09374999926757813,0.0,3.0,2
128.0,0.0,0.007500000000000001,0.003,0.003,0.0,0.0,34.0,2.4,0.0,3.6,145.0,54.0,199.0,11.0,0.0,100.5,98.0,100.5,57.0,-1,145.0,-2.5,0.07586206844233057,0.0,3.0,2
128.0,0.0,0.007500000000000001,0.004,0.004,0.0,0.0,36.0,2.6,0.0,0.0,120.0,54.0,174.0,8.0,0.0,100.5,95.0,100.5,57.0,-1,120.0,-5.5,0.06666666611111112,0.0,3.0,2
131.0,0.001,0.0,0.005,0.003,0.0,0.0,27.0,1.4,0.0,12.2,84.0,71.0,155.0,2.0,0.0,136.0,132.0,137.0,15.0,1,84.0,-5.0,0.0238095235260771,0.0,1.0,0
131.0,0.0,0.0,0.006,0.004,0.0,0.0,19.0,1.9,0.0,12.3,81.0,70.0,151.0,3.0,0.0,127.0,126.0,130.0,21.0,1,81.0,-4.0,0.03703703657978967,0.0,1.0,0
132.0,0.001,0.0,0.005,0.002,0.0,0.0,28.0,1.3,0.0,13.3,79.0,76.0,155.0,3.0,0.0,140.0,135.0,138.0,11.0,1,79.0,-3.0,0.03797468306361161,0.0,1.0,0
132.0,0.0,0.0,0.005,0.0,0.0,0.0,33.0,1.0,0.0,13.3,35.0,120.0,155.0,1.0,0.0,138.0,138.0,139.0,2.0,0,35.0,-1.0,0.028571427755102068,0.0,1.0,0
132.0,0.005,0.0,0.002,0.003,0.0,0.0,25.0,1.5,0.0,11.0,92.0,76.0,168.0,4.0,0.0,141.0,138.0,140.0,16.0,1,92.0,-2.0,0.04347826039697543,0.0,1.0,0
132.0,0.001,0.0,0.004,0.004,0.0,0.0,24.0,1.5,0.0,12.0,77.0,76.0,153.0,5.0,0.0,140.0,133.0,137.0,17.0,1,77.0,-4.0,0.06493506409175241,0.0,1.0,0
132.0,0.01,0.0,0.003,0.005,0.0,0.0,20.0,2.1,0.0,2.9,99.0,76.0,175.0,5.0,0.0,141.0,138.0,142.0,29.0,1,99.0,-4.0,0.050505049994898486,0.0,1.0,0
132.0,0.009,0.0,0.003,0.006,0.0,0.0,19.0,2.3,0.0,4.0,100.0,76.0,176.0,6.0,0.0,145.0,138.0,143.0,36.0,1,100.0,-5.0,0.05999999940000001,0.0,1.0,0
132.0,0.01,0.0,0.003,0.004,0.0,0.0,21.0,2.0,0.0,6.3,95.0,80.0,175.0,6.0,0.0,143.0,139.0,142.0,23.0,0,95.0,-3.0,0.06315789407202217,0.0,1.0,0
132.0,0.01,0.0,0.0,0.0,0.0,0.0,26.0,1.4,0.0,4.0,58.0,110.0,168.0,2.0,0.0,145.0,146.0,147.0,11.0,0,58.0,-1.0,0.03448275802615935,0.0,1.0,0
132.0,0.008,0.0,0.002,0.004,0.0,0.0,22.0,1.9,0.0,7.8,95.0,80.0,175.0,7.0,0.0,143.0,140.0,143.0,22.0,0,95.0,-3.0,0.07368420975069254,0.0,1.0,0
132.0,0.008,0.0,0.002,0.005,0.0,0.0,20.0,2.1,0.0,8.0,102.0,74.0,176.0,9.0,0.0,141.0,136.0,140.0,24.0,0,102.0,-4.0,0.08823529325259517,0.0,1.0,0
132.0,0.005,0.0,0.002,0.003,0.0,0.0,26.0,1.5,0.0,7.5,94.0,68.0,162.0,9.0,0.0,143.0,137.0,142.0,26.0,1,94.0,-5.0,0.09574467983250341,0.0,1.0,0
132.0,0.002,0.0,0.002,0.003,0.0,0.0,29.0,1.5,0.0,8.6,102.0,67.0,169.0,11.0,0.0,143.0,136.0,141.0,33.0,1,102.0,-5.0,0.10784313619761632,0.0,1.0,0
132.0,0.002,0.0,0.003,0.003,0.0,0.0,28.0,1.4,0.0,8.4,94.0,68.0,162.0,11.0,0.0,143.0,137.0,142.0,26.0,1,94.0,-5.0,0.1170212753508375,0.0,1.0,0
132.0,0.0,0.0,0.004,0.0,0.0,0.0,23.0,1.5,0.0,13.1,42.0,106.0,148.0,5.0,0.0,138.0,136.0,138.0,3.0,1,42.0,-2.0,0.119047616213152,0.0,1.0,0
133.0,0.003,0.0,0.004,0.004,0.0,0.0,30.0,1.5,0.0,5.3,102.0,67.0,169.0,9.0,0.0,147.0,137.0,144.0,40.0,1,102.0,-7.0,0.08823529325259517,0.0,1.0,0
134.0,0.001,0.0,0.003,0.004,0.0,0.0,29.0,1.6,0.0,5.2,102.0,67.0,169.0,10.0,0.0,147.0,136.0,143.0,45.0,1,102.0,-7.0,0.09803921472510574,0.0,1.0,0
134.0,0.0,0.0,0.004,0.006,0.0,0.0,28.0,1.9,0.0,5.5,102.0,67.0,169.0,11.0,0.0,148.0,133.0,140.0,57.0,1,102.0,-7.0,0.10784313619761632,0.0,1.0,0
134.0,0.0,0.0,0.002,0.005,0.0,0.0,30.0,1.6,0.0,4.8,102.0,67.0,169.0,10.0,0.0,148.0,135.0,142.0,50.0,1,102.0,-7.0,0.09803921472510574,0.0,1.0,0
144.0,0.0,0.0,0.008,0.001,0.0,0.0,60.0,0.4,8.0,7.2,33.0,123.0,156.0,0.0,0.0,147.0,145.0,148.0,2.0,1,33.0,-3.0,0.0,0.0,2.0,1
144.0,0.0,0.0,0.008,0.0,0.0,0.0,61.0,0.4,10.0,7.6,20.0,136.0,156.0,2.0,0.0,148.0,146.0,148.0,1.0,0,20.0,-2.0,0.09999999500000024,0.0,2.0,1
121.0,0.008,0.0,0.005,0.0,0.0,0.0,32.0,1.0,0.0,2.6,47.0,110.0,157.0,1.0,0.0,131.0,131.0,131.0,8.0,0,47.0,0.0,0.021276595291987336,0.0,1.0,0
121.0,0.008,0.0,0.006,0.001,0.0,0.0,27.0,1.2,0.0,3.3,67.0,90.0,157.0,4.0,0.0,129.0,129.0,129.0,12.0,0,67.0,0.0,0.0597014916462464,0.0,1.0,0
121.0,0.004,0.0,0.009,0.002,0.0,0.0,24.0,1.5,0.0,4.9,67.0,90.0,157.0,2.0,0.0,120.0,125.0,123.0,16.0,0,67.0,2.0,0.0298507458231232,0.0,1.0,0
121.0,0.007,0.0,0.01,0.004,0.0,0.0,21.0,1.9,0.0,2.9,83.0,74.0,157.0,2.0,0.0,125.0,123.0,126.0,19.0,0,83.0,-3.0,0.02409638525185078,0.0,1.0,0
121.0,0.006,0.0,0.008,0.004,0.0,0.0,24.0,1.7,0.0,4.1,72.0,74.0,146.0,4.0,0.0,129.0,121.0,126.0,25.0,1,72.0,-5.0,0.05555555478395063,0.0,1.0,0
121.0,0.003,0.0,0.007,0.006,0.0,0.0,25.0,1.6,0.0,3.8,73.0,71.0,144.0,2.0,0.0,120.0,114.0,119.0,29.0,1,73.0,-5.0,0.027397259898667675,0.0,1.0,0
121.0,0.003,0.0,0.006,0.006,0.0,0.0,25.0,1.5,0.0,4.4,73.0,71.0,144.0,4.0,0.0,122.0,112.0,117.0,34.0,0,73.0,-5.0,0.05479451979733535,0.0,1.0,0
121.0,0.003,0.0,0.007,0.005,0.0,0.0,26.0,1.4,0.0,1.1,73.0,71.0,144.0,6.0,0.0,123.0,112.0,117.0,36.0,0,73.0,-5.0,0.08219177969600303,0.0,1.0,0
121.0,0.0,0.0,0.003,0.005,0.0,0.0,24.0,1.5,0.0,0.0,68.0,71.0,139.0,2.0,0.0,123.0,106.0,108.0,53.0,0,68.0,-2.0,0.02941176427335641,0.0,2.0,1
121.0,0.0,0.0,0.003,0.005,0.0,0.0,24.0,1.5,0.0,0.0,68.0,71.0,139.0,2.0,0.0,123.0,106.0,108.0,53.0,0,68.0,-2.0,0.02941176427335641,0.0,1.0,0
121.0,0.001,0.0,0.008,0.006,0.0,0.0,27.0,1.4,0.0,4.4,69.0,70.0,139.0,4.0,0.0,114.0,110.0,114.0,24.0,0,69.0,-4.0,0.05797101365259401,0.0,1.0,0
121.0,0.0,0.0,0.008,0.007500000000000001,0.0,0.0,28.0,1.4,0.0,5.7,67.0,70.0,137.0,2.0,0.0,114.0,112.0,116.0,21.0,1,67.0,-4.0,0.0298507458231232,0.0,1.0,0
121.0,0.004,0.0,0.009,0.004,0.0,0.0,34.0,1.1,0.0,6.3,83.0,70.0,153.0,5.0,0.0,127.0,123.0,126.0,29.0,1,83.0,-3.0,0.06024096312962695,0.0,1.0,0
121.0,0.0,0.0,0.007,0.007,0.0,0.0,28.0,1.3,0.0,5.6,67.0,70.0,137.0,3.0,0.0,114.0,113.0,117.0,20.0,1,67.0,-4.0,0.044776118734684796,0.0,1.0,0
121.0,0.004,0.0,0.009,0.003,0.0,0.0,37.0,1.0,0.0,6.6,71.0,82.0,153.0,6.0,0.0,136.0,126.0,129.0,35.0,1,71.0,-3.0,0.08450704106328112,0.0,1.0,0
121.0,0.006,0.0,0.009,0.0,0.0,0.0,39.0,0.9,0.0,8.6,58.0,95.0,153.0,4.0,0.0,150.0,131.0,132.0,47.0,0,58.0,-1.0,0.0689655160523187,0.0,1.0,0
121.0,0.005,0.0,0.008,0.002,0.0,0.0,37.0,0.9,0.0,7.5,71.0,82.0,153.0,5.0,0.0,150.0,128.0,130.0,57.0,1,71.0,-2.0,0.07042253421940092,0.0,1.0,0
121.0,0.007,0.0,0.01,0.0,0.0,0.0,41.0,0.8,0.0,6.6,48.0,105.0,153.0,3.0,0.0,150.0,135.0,137.0,32.0,1,48.0,-2.0,0.0624999986979167,0.0,1.0,0
142.0,0.0,0.0,0.007,0.0,0.0,0.0,60.0,0.4,8.0,7.7,20.0,136.0,156.0,0.0,0.0,147.0,146.0,148.0,1.0,0,20.0,-2.0,0.0,0.0,2.0,1
142.0,0.0,0.0,0.007,0.0,0.0,0.0,58.0,0.4,9.0,7.9,20.0,136.0,156.0,0.0,0.0,148.0,147.0,149.0,1.0,0,20.0,-2.0,0.0,0.0,1.0,0
142.0,0.0,0.0,0.007,0.0,0.0,0.0,60.0,0.4,17.0,6.8,21.0,142.0,163.0,0.0,0.0,153.0,152.0,153.0,1.0,0,21.0,-1.0,0.0,0.0,2.0,1
142.0,0.0,0.0,0.008,0.0,0.0,0.0,58.0,0.4,22.0,6.3,13.0,145.0,158.0,0.0,0.0,153.0,151.0,153.0,0.0,0,13.0,-2.0,0.0,0.0,1.0,0
142.0,0.0,0.0,0.006,0.0,0.0,0.0,59.0,0.4,27.5,6.3,22.0,141.0,163.0,1.0,0.0,155.0,153.0,155.0,1.0,0,22.0,-2.0,0.045454543388429844,0.0,2.0,1
142.0,0.0,0.0,0.006,0.0,0.0,0.0,58.0,0.4,27.5,6.1,22.0,141.0,163.0,2.0,0.0,155.0,153.0,155.0,1.0,0,22.0,-2.0,0.09090908677685969,0.0,2.0,1
142.0,0.001,0.0,0.007,0.004,0.0,0.0,49.0,0.9,27.5,5.8,114.0,68.0,182.0,2.0,0.0,153.0,146.0,154.0,37.0,1,114.0,-8.0,0.017543859495229304,0.0,1.0,0
142.0,0.001,0.0,0.008,0.007,0.0,0.0,41.0,1.2,22.0,5.3,115.0,67.0,182.0,1.0,0.0,157.0,140.0,149.0,57.0,1,115.0,-9.0,0.008695652098298678,0.0,1.0,0
142.0,0.002,0.0,0.008,0.007,0.0,0.0,41.0,1.4,27.0,4.6,115.0,67.0,182.0,4.0,0.0,157.0,140.0,150.0,57.0,1,115.0,-10.0,0.03478260839319471,0.0,1.0,0
142.0,0.0,0.0,0.009,0.007,0.0,0.0,44.0,1.5,27.5,5.7,115.0,67.0,182.0,2.0,0.0,157.0,141.0,153.0,57.0,1,115.0,-12.0,0.017391304196597356,0.0,1.0,0
142.0,0.004,0.0,0.006,0.007500000000000001,0.0,0.0,32.0,1.8,0.0,0.0,115.0,67.0,182.0,2.0,0.0,157.0,133.0,142.0,57.0,1,115.0,-9.0,0.017391304196597356,0.0,1.0,0
142.0,0.003,0.0,0.005,0.007500000000000001,0.0,0.0,25.0,2.1,0.0,0.0,115.0,67.0,182.0,2.0,0.0,143.0,128.0,133.0,57.0,0,115.0,-5.0,0.017391304196597356,0.0,1.0,0
145.0,0.0,0.0,0.001,0.0,0.0,0.0,50.0,0.7,17.0,7.3,42.0,125.0,167.0,8.0,0.0,153.0,154.0,155.0,2.0,1,42.0,-1.0,0.1904761859410432,0.0,2.0,1
145.0,0.002,0.0,0.002,0.0,0.0,0.0,50.0,0.7,12.0,6.5,65.0,103.0,168.0,8.0,0.0,153.0,155.0,156.0,3.0,1,65.0,-1.0,0.12307692118343198,0.0,2.0,1
145.0,0.0,0.0,0.003,0.0,0.0,0.0,51.0,0.6,13.0,8.3,24.0,141.0,165.0,1.0,0.0,153.0,152.0,153.0,1.0,0,24.0,-1.0,0.041666664930555625,0.0,2.0,1
145.0,0.0,0.0,0.003,0.0,0.0,0.0,51.0,0.7,7.0,8.4,24.0,141.0,165.0,1.0,0.0,153.0,152.0,153.0,1.0,0,24.0,-1.0,0.041666664930555625,0.0,2.0,1
145.0,0.005,0.0,0.002,0.0,0.0,0.0,46.0,0.8,0.0,8.6,67.0,104.0,171.0,4.0,0.0,155.0,153.0,154.0,4.0,1,67.0,-1.0,0.0597014916462464,0.0,1.0,0
145.0,0.005,0.0,0.003,0.0,0.0,0.0,46.0,0.8,0.0,8.4,31.0,140.0,171.0,2.0,0.0,153.0,152.0,152.0,3.0,0,31.0,0.0,0.06451612695109267,0.0,1.0,0
145.0,0.005,0.0,0.004,0.0,0.0,0.0,51.0,0.7,5.0,7.7,67.0,104.0,171.0,5.0,0.0,149.0,153.0,154.0,5.0,1,67.0,-1.0,0.074626864557808,0.0,1.0,0
145.0,0.004,0.0,0.007,0.0,0.0,0.0,55.0,0.6,8.0,5.9,27.0,138.0,165.0,5.0,0.0,149.0,150.0,151.0,2.0,0,27.0,-1.0,0.18518517832647488,0.0,1.0,0
145.0,0.004,0.0,0.006,0.0,0.0,0.0,55.0,0.6,8.0,6.6,73.0,93.0,166.0,5.0,0.0,149.0,150.0,151.0,1.0,1,73.0,-1.0,0.06849314974666919,0.0,1.0,0
145.0,0.0,0.0,0.008,0.0,0.0,0.0,57.0,0.6,10.0,8.2,66.0,93.0,159.0,4.0,0.0,149.0,149.0,150.0,1.0,1,66.0,-1.0,0.06060605968778698,0.0,1.0,0
142.0,0.002,0.0,0.005,0.0,0.0,0.0,51.0,0.8,9.0,9.5,50.0,112.0,162.0,8.0,0.0,153.0,149.0,151.0,4.0,1,50.0,-2.0,0.15999999680000007,0.0,2.0,1
142.0,0.0,0.0,0.003,0.0,0.0,0.0,52.0,0.8,10.0,11.0,71.0,89.0,160.0,6.0,0.0,153.0,149.0,153.0,5.0,1,71.0,-4.0,0.08450704106328112,0.0,2.0,1
142.0,0.009,0.0,0.007,0.0,0.0,0.0,43.0,0.9,0.0,6.1,46.0,127.0,173.0,3.0,0.0,149.0,149.0,150.0,4.0,0,46.0,-1.0,0.06521738988657848,0.0,1.0,0
142.0,0.013,0.0,0.008,0.0,0.0,0.0,41.0,1.0,0.0,0.7,44.0,134.0,178.0,4.0,0.0,149.0,152.0,152.0,5.0,0,44.0,0.0,0.09090908884297526,0.0,1.0,0
142.0,0.008,0.0,0.007,0.0,0.0,0.0,44.0,0.9,0.0,7.0,46.0,127.0,173.0,2.0,0.0,149.0,149.0,150.0,4.0,0,46.0,-1.0,0.04347825992438566,0.0,1.0,0
142.0,0.002,0.0,0.008,0.0,0.0,0.0,48.0,0.7,0.0,8.8,39.0,123.0,162.0,3.0,0.0,149.0,147.0,149.0,2.0,0,39.0,-2.0,0.0769230749506904,0.0,1.0,0
142.0,0.009,0.0,0.009,0.0,0.0,0.0,41.0,1.0,0.0,7.2,41.0,132.0,173.0,3.0,0.0,150.0,150.0,151.0,3.0,0,41.0,-1.0,0.07317072992266513,0.0,1.0,0
142.0,0.008,0.0,0.006,0.0,0.0,0.0,42.0,1.0,0.0,8.5,61.0,106.0,167.0,2.0,0.0,150.0,149.0,151.0,3.0,1,61.0,-2.0,0.03278688470841173,0.0,1.0,0
142.0,0.006,0.0,0.007,0.0,0.0,0.0,42.0,1.0,0.0,11.4,97.0,74.0,171.0,6.0,0.0,148.0,148.0,149.0,5.0,1,97.0,-1.0,0.06185566946540547,0.0,1.0,0
142.0,0.002,0.0,0.007,0.0,0.0,0.0,42.0,1.0,0.0,12.2,61.0,130.0,191.0,4.0,0.0,148.0,147.0,149.0,2.0,-1,61.0,-2.0,0.06557376941682345,0.0,1.0,0
142.0,0.006,0.0,0.006,0.0,0.0,0.0,41.0,1.0,0.0,10.2,57.0,111.0,168.0,5.0,0.0,147.0,147.0,149.0,4.0,0,57.0,-2.0,0.08771929670667901,0.0,1.0,0
142.0,0.01,0.0,0.007,0.0,0.0,0.0,40.0,1.0,0.0,2.1,57.0,111.0,168.0,6.0,0.0,147.0,148.0,149.0,6.0,0,57.0,-1.0,0.10526315604801481,0.0,1.0,0
144.0,0.005,0.0,0.005,0.001,0.0,0.0,41.0,0.9,6.0,4.9,63.0,116.0,179.0,6.0,0.0,155.0,153.0,154.0,5.0,0,63.0,-1.0,0.09523809372637947,0.0,1.0,0
144.0,0.004,0.0,0.001,0.001,0.0,0.0,40.0,0.9,5.0,8.3,97.0,82.0,179.0,7.0,0.0,152.0,153.0,154.0,7.0,1,97.0,-1.0,0.07216494770963972,0.0,1.0,0
144.0,0.004,0.0,0.005,0.001,0.0,0.0,38.0,1.0,3.0,7.0,63.0,116.0,179.0,3.0,0.0,155.0,153.0,155.0,6.0,0,63.0,-2.0,0.04761904686318973,0.0,1.0,0
144.0,0.006,0.0,0.004,0.0,0.0,0.0,39.0,1.0,5.0,2.8,43.0,136.0,179.0,1.0,0.0,157.0,157.0,157.0,4.0,0,43.0,0.0,0.023255813412655504,0.0,1.0,0
144.0,0.001,0.0,0.005,0.0,0.0,0.0,43.0,0.8,1.0,10.2,45.0,129.0,174.0,0.0,0.0,155.0,154.0,156.0,2.0,0,45.0,-2.0,0.0,0.0,1.0,0
144.0,0.0,0.0,0.005,0.0,0.0,0.0,43.0,0.7,1.0,10.2,40.0,129.0,169.0,1.0,0.0,157.0,154.0,156.0,3.0,0,40.0,-2.0,0.024999999375000016,0.0,2.0,1
144.0,0.002,0.0,0.005,0.0,0.0,0.0,42.0,0.7,0.0,10.0,37.0,136.0,173.0,1.0,0.0,155.0,154.0,156.0,2.0,0,37.0,-2.0,0.027027026296566857,0.0,1.0,0
144.0,0.0,0.0,0.006,0.0,0.0,0.0,45.0,0.7,0.0,9.8,30.0,139.0,169.0,2.0,0.0,157.0,155.0,157.0,2.0,0,30.0,-2.0,0.06666666444444451,0.0,2.0,1
144.0,0.009,0.0,0.006,0.0,0.0,0.0,34.0,1.0,0.0,8.7,48.0,126.0,174.0,1.0,0.0,153.0,153.0,154.0,5.0,0,48.0,-1.0,0.020833332899305567,0.0,1.0,0
144.0,0.01,0.0,0.006,0.0,0.0,0.0,33.0,1.1,0.0,5.3,54.0,120.0,174.0,1.0,0.0,155.0,154.0,155.0,5.0,0,54.0,-1.0,0.018518518175582997,0.0,1.0,0
144.0,0.01,0.0,0.006,0.0,0.0,0.0,38.0,0.9,0.0,6.0,48.0,126.0,174.0,1.0,0.0,155.0,154.0,155.0,4.0,0,48.0,-1.0,0.020833332899305567,0.0,1.0,0
144.0,0.011,0.0,0.006,0.0,0.0,0.0,43.0,0.8,0.0,4.6,40.0,134.0,174.0,2.0,0.0,155.0,154.0,156.0,3.0,0,40.0,-2.0,0.04999999875000003,0.0,1.0,0
146.0,0.006,0.0,0.004,0.0,0.0,0.0,38.0,0.9,0.0,8.4,49.0,126.0,175.0,2.0,0.0,157.0,152.0,154.0,6.0,0,49.0,-2.0,0.040816325697626006,0.0,1.0,0
146.0,0.008,0.0,0.006,0.0,0.0,0.0,39.0,0.9,0.0,4.4,49.0,126.0,175.0,4.0,0.0,157.0,154.0,156.0,5.0,0,49.0,-2.0,0.08163265139525201,0.0,1.0,0
146.0,0.006,0.0,0.005,0.0,0.0,0.0,37.0,0.9,0.0,7.9,49.0,126.0,175.0,2.0,0.0,155.0,152.0,154.0,4.0,0,49.0,-2.0,0.040816325697626006,0.0,1.0,0
146.0,0.006,0.0,0.003,0.0,0.0,0.0,38.0,1.0,0.0,8.8,49.0,126.0,175.0,3.0,0.0,150.0,152.0,153.0,5.0,0,49.0,-1.0,0.06122448854643901,0.0,1.0,0
146.0,0.007,0.0,0.004,0.0,0.0,0.0,37.0,0.9,0.0,6.9,52.0,126.0,178.0,0.0,0.0,155.0,153.0,155.0,4.0,0,52.0,-2.0,0.0,0.0,1.0,0
146.0,0.01,0.0,0.004,0.0,0.0,0.0,35.0,1.0,0.0,3.4,52.0,126.0,178.0,2.0,0.0,155.0,154.0,155.0,4.0,0,52.0,-1.0,0.03846153772189351,0.0,1.0,0
147.0,0.006,0.0,0.004,0.0,0.0,0.0,44.0,0.7,27.5,3.6,35.0,143.0,178.0,0.0,0.0,157.0,158.0,159.0,1.0,0,35.0,-1.0,0.0,0.0,1.0,0
147.0,0.008,0.0,0.003,0.0,0.0,0.0,41.0,0.8,15.0,1.8,35.0,140.0,175.0,0.0,0.0,157.0,157.0,158.0,1.0,0,35.0,-1.0,0.0,0.0,1.0,0
147.0,0.002,0.0,0.006,0.0,0.0,0.0,46.0,0.6,27.5,4.8,24.0,143.0,167.0,1.0,0.0,160.0,157.0,159.0,1.0,0,24.0,-2.0,0.041666664930555625,0.0,1.0,0
147.0,0.0,0.0,0.005,0.0,0.0,0.0,48.0,0.6,27.5,5.2,18.0,149.0,167.0,2.0,0.0,160.0,158.0,159.0,0.0,0,18.0,-1.0,0.11111110493827195,0.0,2.0,1
147.0,0.003,0.0,0.004,0.0,0.0,0.0,46.0,0.7,27.5,5.2,29.0,144.0,173.0,2.0,0.0,157.0,157.0,159.0,1.0,0,29.0,-2.0,0.06896551486325811,0.0,1.0,0
147.0,0.001,0.0,0.002,0.0,0.0,0.0,46.0,0.7,27.5,5.3,23.0,144.0,167.0,1.0,0.0,157.0,157.0,159.0,0.0,0,23.0,-2.0,0.04347825897920613,0.0,1.0,0
147.0,0.006,0.0,0.006,0.0,0.0,0.0,42.0,0.9,27.5,4.9,42.0,132.0,174.0,1.0,0.0,157.0,157.0,159.0,1.0,0,42.0,-2.0,0.0238095232426304,0.0,1.0,0
147.0,0.013,0.0,0.01,0.0,0.0,0.0,36.0,1.2,0.0,4.8,42.0,132.0,174.0,2.0,0.0,157.0,157.0,158.0,2.0,0,42.0,-1.0,0.0476190464852608,0.0,1.0,0
148.0,0.003,0.0,0.004,0.0,0.0,0.0,44.0,0.7,6.0,8.2,28.0,142.0,170.0,1.0,0.0,155.0,155.0,156.0,1.0,0,28.0,-1.0,0.035714284438775556,0.0,1.0,0
148.0,0.0,0.0,0.005,0.0,0.0,0.0,49.0,0.6,1.0,9.6,21.0,143.0,164.0,0.0,0.0,155.0,154.0,156.0,0.0,0,21.0,-2.0,0.0,0.0,1.0,0
148.0,0.004,0.0,0.005,0.0,0.0,0.0,44.0,0.8,8.0,9.4,31.0,142.0,173.0,4.0,0.0,157.0,156.0,158.0,1.0,0,31.0,-2.0,0.12903225390218534,0.0,1.0,0
148.0,0.002,0.0,0.008,0.0,0.0,0.0,44.0,0.9,15.0,9.6,60.0,135.0,195.0,5.0,0.0,157.0,158.0,158.0,1.0,0,60.0,0.0,0.08333333194444448,0.0,2.0,1
148.0,0.004,0.0,0.005,0.0,0.0,0.0,40.0,0.9,8.0,11.8,47.0,126.0,173.0,5.0,0.0,157.0,156.0,158.0,3.0,0,47.0,-2.0,0.10638297645993668,0.0,1.0,0
148.0,0.0,0.0,0.007,0.0,0.0,0.0,41.0,1.0,5.0,13.4,60.0,135.0,195.0,4.0,0.0,157.0,155.0,158.0,2.0,0,60.0,-3.0,0.06666666555555557,0.0,2.0,1
148.0,0.003,0.0,0.004,0.0,0.0,0.0,42.0,0.8,20.0,9.3,45.0,126.0,171.0,2.0,0.0,157.0,155.0,158.0,3.0,1,45.0,-3.0,0.04444444345679015,0.0,1.0,0
148.0,0.005,0.0,0.002,0.0,0.0,0.0,40.0,0.9,0.0,10.6,35.0,136.0,171.0,1.0,0.0,153.0,155.0,156.0,4.0,0,35.0,-1.0,0.028571427755102068,0.0,1.0,0
148.0,0.001,0.0,0.004,0.0,0.0,0.0,46.0,0.7,27.5,7.1,45.0,126.0,171.0,3.0,0.0,160.0,158.0,160.0,2.0,1,45.0,-2.0,0.06666666518518523,0.0,1.0,0
148.0,0.0,0.0,0.007,0.0,0.0,0.0,37.0,1.1,3.0,13.0,42.0,126.0,168.0,2.0,0.0,157.0,153.0,156.0,5.0,1,42.0,-3.0,0.0476190464852608,0.0,1.0,0
148.0,0.0,0.0,0.005,0.0,0.0,0.0,50.0,0.5,27.5,4.9,12.0,151.0,163.0,1.0,0.0,160.0,159.0,160.0,0.0,1,12.0,-1.0,0.08333332638888948,0.0,1.0,0
148.0,0.0,0.0,0.005,0.0,0.0,0.0,50.0,0.5,27.5,4.7,10.0,153.0,163.0,1.0,0.0,160.0,159.0,161.0,0.0,1,10.0,-2.0,0.09999999000000101,0.0,2.0,1
148.0,0.0,0.0,0.006,0.0,0.0,0.0,51.0,0.5,27.5,4.8,11.0,152.0,163.0,1.0,0.0,160.0,159.0,161.0,0.0,1,11.0,-2.0,0.09090908264462885,0.0,1.0,0
148.0,0.0,0.0,0.006,0.0,0.0,0.0,51.0,0.5,27.5,4.5,8.0,155.0,163.0,1.0,0.0,160.0,159.0,161.0,0.0,0,8.0,-2.0,0.12499998437500197,0.0,2.0,1
148.0,0.0,0.0,0.007,0.0,0.0,0.0,51.0,0.6,27.5,4.4,13.0,152.0,165.0,2.0,0.0,160.0,159.0,161.0,0.0,0,13.0,-2.0,0.15384614201183525,0.0,1.0,0
148.0,0.0,0.0,0.007,0.0,0.0,0.0,51.0,0.6,27.5,4.3,13.0,152.0,165.0,1.0,0.0,160.0,159.0,160.0,0.0,0,13.0,-1.0,0.07692307100591762,0.0,1.0,0
148.0,0.005,0.0,0.005,0.0,0.0,0.0,27.0,1.5,8.0,13.0,50.0,129.0,179.0,3.0,0.0,157.0,154.0,157.0,6.0,0,50.0,-3.0,0.05999999880000003,0.0,1.0,0
148.0,0.006,0.0,0.009,0.0,0.0,0.0,21.0,1.8,0.0,15.5,56.0,129.0,185.0,2.0,0.0,157.0,155.0,156.0,7.0,0,56.0,-1.0,0.03571428507653063,0.0,1.0,0
148.0,0.004,0.0,0.005,0.0,0.0,0.0,36.0,0.8,8.0,9.4,45.0,135.0,180.0,3.0,0.0,157.0,157.0,158.0,3.0,0,45.0,-1.0,0.06666666518518523,0.0,1.0,0
148.0,0.0,0.0,0.003,0.0,0.0,0.0,38.0,0.9,17.0,12.2,34.0,135.0,169.0,3.0,0.0,157.0,155.0,158.0,3.0,0,34.0,-3.0,0.08823529152249143,0.0,2.0,1
148.0,0.002,0.0,0.007,0.0,0.0,0.0,42.0,0.7,12.0,7.1,36.0,144.0,180.0,1.0,0.0,163.0,159.0,161.0,3.0,0,36.0,-2.0,0.027777777006172864,0.0,1.0,0
148.0,0.004,0.0,0.005,0.0,0.0,0.0,37.0,0.8,0.0,7.1,39.0,142.0,181.0,1.0,0.0,157.0,157.0,159.0,3.0,0,39.0,-2.0,0.025641024983563465,0.0,1.0,0
148.0,0.0,0.0,0.008,0.0,0.0,0.0,44.0,0.6,16.0,7.3,20.0,150.0,170.0,2.0,0.0,163.0,161.0,163.0,0.0,0,20.0,-2.0,0.09999999500000024,0.0,2.0,1
148.0,0.0,0.0,0.008,0.0,0.0,0.0,44.0,0.6,19.0,6.9,19.0,150.0,169.0,1.0,0.0,163.0,161.0,163.0,0.0,0,19.0,-2.0,0.05263157617728546,0.0,2.0,1
149.0,0.002,0.0,0.009,0.001,0.0,0.0,37.0,1.1,10.0,6.6,71.0,104.0,175.0,6.0,0.0,163.0,159.0,163.0,7.0,1,71.0,-4.0,0.08450704106328112,0.0,2.0,1
149.0,0.001,0.0,0.007,0.001,0.0,0.0,36.0,1.4,10.0,6.7,121.0,58.0,179.0,6.0,0.0,163.0,158.0,163.0,11.0,1,121.0,-5.0,0.049586776449696064,0.0,2.0,1
149.0,0.006,0.0,0.009,0.001,0.0,0.0,34.0,1.3,1.0,5.3,75.0,104.0,179.0,8.0,0.0,163.0,161.0,164.0,10.0,1,75.0,-3.0,0.10666666524444447,0.0,1.0,0
149.0,0.01,0.0,0.01,0.002,0.0,0.0,29.0,1.7,0.0,1.8,121.0,58.0,179.0,7.0,0.0,169.0,161.0,166.0,22.0,1,121.0,-5.0,0.057851239191312076,0.0,1.0,0
149.0,0.009,0.0,0.011,0.002,0.0,0.0,30.0,1.5,0.0,1.8,57.0,122.0,179.0,3.0,0.0,169.0,161.0,167.0,19.0,1,57.0,-6.0,0.052631578024007405,0.0,1.0,0
149.0,0.01,0.0,0.008,0.0,0.0,0.0,35.0,1.0,0.0,0.5,34.0,145.0,179.0,3.0,0.0,169.0,166.0,169.0,5.0,1,34.0,-3.0,0.08823529152249143,0.0,1.0,0
132.0,0.002,0.0,0.008,0.001,0.0,0.0,43.0,0.8,0.0,12.1,55.0,109.0,164.0,3.0,0.0,136.0,135.0,137.0,4.0,0,55.0,-2.0,0.05454545355371903,0.0,1.0,0
132.0,0.0,0.0,0.007,0.001,0.0,0.0,47.0,0.7,1.0,11.2,31.0,114.0,145.0,1.0,0.0,136.0,134.0,136.0,2.0,1,31.0,-2.0,0.032258063475546335,0.0,1.0,0
132.0,0.0,0.0,0.008,0.0,0.0,0.0,51.0,0.6,2.0,9.6,25.0,116.0,141.0,1.0,0.0,136.0,135.0,137.0,1.0,1,25.0,-2.0,0.03999999840000006,0.0,1.0,0
132.0,0.009,0.0,0.009,0.0,0.0,0.0,35.0,1.2,0.0,12.6,55.0,109.0,164.0,3.0,0.0,136.0,139.0,140.0,9.0,0,55.0,-1.0,0.05454545355371903,0.0,1.0,0
132.0,0.013,0.0,0.01,0.0,0.0,0.0,30.0,1.3,0.0,11.2,69.0,97.0,166.0,2.0,0.0,145.0,142.0,144.0,8.0,1,69.0,-2.0,0.028985506826297004,0.0,1.0,0
132.0,0.006,0.0,0.008,0.001,0.0,0.0,30.0,1.5,0.0,7.9,102.0,61.0,163.0,4.0,0.0,145.0,124.0,131.0,57.0,1,102.0,-7.0,0.0392156858900423,0.0,1.0,0
132.0,0.013,0.0,0.011,0.0,0.0,0.0,28.0,1.7,0.0,0.0,104.0,62.0,166.0,7.0,0.0,145.0,134.0,145.0,57.0,1,104.0,-11.0,0.06730769166050296,0.0,1.0,0
132.0,0.002,0.0,0.008,0.0,0.0,0.0,31.0,1.4,0.0,11.5,102.0,61.0,163.0,5.0,0.0,100.5,121.0,129.0,57.0,1,102.0,-8.0,0.04901960736255287,0.0,1.0,0
132.0,0.0,0.0,0.006,0.0,0.0,0.0,32.0,1.3,0.0,13.6,91.0,60.0,151.0,1.0,0.0,100.5,116.0,125.0,57.0,1,91.0,-9.0,0.010989010868252628,0.0,3.0,2
132.0,0.002,0.0,0.009,0.001,0.0,0.0,34.0,1.2,0.0,12.4,106.0,61.0,167.0,3.0,0.0,100.5,124.0,131.0,57.0,1,106.0,-7.0,0.0283018865254539,0.0,2.0,1
132.0,0.0,0.0,0.008,0.002,0.0,0.0,30.0,1.7,0.0,0.0,90.0,60.0,150.0,3.0,0.0,100.5,104.0,102.0,33.0,0,90.0,2.0,0.03333333296296297,0.0,3.0,2
132.0,0.0,0.0,0.011,0.001,0.0,0.0,32.0,1.3,0.0,14.2,90.0,60.0,150.0,2.0,0.0,100.5,117.0,125.0,57.0,1,90.0,-8.0,0.022222221975308647,0.0,3.0,2
132.0,0.0,0.0,0.01,0.0,0.0,0.0,32.0,1.1,0.0,15.5,39.0,111.0,150.0,1.0,0.0,133.0,131.0,132.0,3.0,0,39.0,-1.0,0.025641024983563465,0.0,1.0,0
132.0,0.007,0.0,0.01,0.0,0.0,0.0,33.0,1.2,0.0,14.0,64.0,103.0,167.0,5.0,0.0,150.0,141.0,141.0,18.0,0,64.0,0.0,0.07812499877929689,0.0,1.0,0
132.0,0.0,0.0,0.009,0.0,0.0,0.0,33.0,1.0,0.0,14.5,39.0,111.0,150.0,2.0,0.0,133.0,132.0,134.0,3.0,0,39.0,-2.0,0.05128204996712693,0.0,1.0,0
132.0,0.006,0.0,0.01,0.001,0.0,0.0,32.0,1.2,0.0,13.5,72.0,95.0,167.0,4.0,0.0,155.0,142.0,144.0,27.0,1,72.0,-2.0,0.05555555478395063,0.0,1.0,0
132.0,0.009,0.0,0.011,0.0,0.0,0.0,32.0,1.3,0.0,12.3,87.0,95.0,182.0,5.0,0.0,155.0,146.0,149.0,15.0,0,87.0,-3.0,0.057471263707226855,0.0,1.0,0
132.0,0.002,0.0,0.009,0.0,0.0,0.0,30.0,1.2,0.0,14.7,58.0,95.0,153.0,3.0,0.0,133.0,128.0,132.0,16.0,0,58.0,-4.0,0.05172413703923902,0.0,1.0,0
132.0,0.0,0.0,0.009,0.002,0.0,0.0,30.0,1.2,0.0,14.6,55.0,95.0,150.0,1.0,0.0,133.0,128.0,132.0,12.0,0,55.0,-4.0,0.018181817851239675,0.0,1.0,0
132.0,0.01,0.0,0.01,0.0,0.0,0.0,27.0,1.7,0.0,11.3,122.0,54.0,176.0,8.0,0.0,150.0,146.0,149.0,18.0,1,122.0,-3.0,0.06557376995431337,0.0,1.0,0
132.0,0.008,0.0,0.01,0.0,0.0,0.0,29.0,1.6,0.0,7.4,92.0,84.0,176.0,3.0,0.0,155.0,147.0,150.0,17.0,1,92.0,-3.0,0.032608695297731576,0.0,1.0,0
130.0,0.004,0.0,0.008,0.001,0.0,0.0,40.0,0.9,17.0,6.5,45.0,110.0,155.0,6.0,0.0,136.0,133.0,135.0,4.0,0,45.0,-2.0,0.13333333037037046,0.0,1.0,0
130.0,0.002,0.0,0.009,0.0,0.0,0.0,51.0,0.6,27.5,4.8,23.0,125.0,148.0,1.0,0.0,134.0,135.0,136.0,1.0,0,23.0,-1.0,0.04347825897920613,0.0,1.0,0
130.0,0.006,0.0,0.006,0.0,0.0,0.0,38.0,1.0,0.0,8.1,53.0,102.0,155.0,6.0,0.0,136.0,135.0,137.0,4.0,0,53.0,-2.0,0.11320754503381991,0.0,1.0,0
130.0,0.007,0.0,0.007,0.0,0.0,0.0,36.0,1.1,0.0,8.9,66.0,90.0,156.0,6.0,0.0,136.0,135.0,137.0,5.0,1,66.0,-2.0,0.09090908953168046,0.0,1.0,0
130.0,0.004,0.0,0.006,0.0,0.0,0.0,48.0,0.7,27.5,6.7,53.0,102.0,155.0,5.0,0.0,137.0,136.0,138.0,2.0,0,53.0,-2.0,0.0943396208615166,0.0,1.0,0
130.0,0.0,0.0,0.005,0.0,0.0,0.0,53.0,0.5,27.5,5.9,20.0,123.0,143.0,2.0,0.0,137.0,136.0,138.0,0.0,1,20.0,-2.0,0.09999999500000024,0.0,1.0,0
130.0,0.004,0.0,0.007,0.0,0.0,0.0,40.0,0.9,1.0,9.1,53.0,102.0,155.0,6.0,0.0,136.0,135.0,137.0,3.0,0,53.0,-2.0,0.11320754503381991,0.0,1.0,0
130.0,0.002,0.0,0.006,0.0,0.0,0.0,47.0,0.7,27.5,6.8,39.0,114.0,153.0,4.0,0.0,137.0,136.0,138.0,2.0,0,39.0,-2.0,0.10256409993425386,0.0,1.0,0
130.0,0.0,0.0,0.005,0.0,0.0,0.0,52.0,0.6,27.5,5.9,30.0,123.0,153.0,2.0,0.0,137.0,136.0,138.0,0.0,0,30.0,-2.0,0.06666666444444451,0.0,1.0,0
130.0,0.003,0.0,0.007,0.0,0.0,0.0,37.0,0.9,0.0,13.4,43.0,112.0,155.0,3.0,0.0,136.0,134.0,135.0,3.0,0,43.0,-1.0,0.06976744023796651,0.0,1.0,0
130.0,0.003,0.0,0.007,0.0,0.0,0.0,33.0,1.1,0.0,16.4,53.0,103.0,156.0,3.0,0.0,133.0,133.0,134.0,4.0,0,53.0,-1.0,0.056603772516909956,0.0,1.0,0
130.0,0.002,0.0,0.006,0.0,0.0,0.0,39.0,0.9,8.0,12.3,43.0,112.0,155.0,3.0,0.0,136.0,134.0,136.0,3.0,0,43.0,-2.0,0.06976744023796651,0.0,1.0,0
130.0,0.0,0.0,0.005,0.0,0.0,0.0,31.0,1.1,0.0,17.6,47.0,103.0,150.0,3.0,0.0,131.0,132.0,133.0,2.0,0,47.0,-1.0,0.06382978587596201,0.0,1.0,0
130.0,0.0,0.0,0.005,0.0,0.0,0.0,31.0,1.1,0.0,14.3,36.0,114.0,150.0,1.0,0.0,131.0,132.0,133.0,1.0,0,36.0,-1.0,0.027777777006172864,0.0,1.0,0
130.0,0.0,0.0,0.004,0.0,0.0,0.0,28.0,1.2,0.0,15.0,36.0,114.0,150.0,2.0,0.0,131.0,132.0,133.0,2.0,0,36.0,-1.0,0.05555555401234573,0.0,1.0,0
130.0,0.001,0.0,0.006,0.0,0.0,0.0,41.0,0.8,13.0,9.9,42.0,114.0,156.0,2.0,0.0,136.0,135.0,137.0,2.0,0,42.0,-2.0,0.0476190464852608,0.0,1.0,0
130.0,0.0,0.0,0.005,0.0,0.0,0.0,49.0,0.6,25.0,5.4,14.0,129.0,143.0,1.0,0.0,137.0,136.0,138.0,0.0,0,14.0,-2.0,0.07142856632653098,0.0,1.0,0
133.0,0.003,0.0,0.007,0.002,0.0,0.0,28.0,1.4,0.0,15.9,54.0,109.0,163.0,3.0,0.0,140.0,138.0,139.0,9.0,0,54.0,-1.0,0.05555555452674899,0.0,1.0,0
133.0,0.005,0.0,0.008,0.003,0.0,0.0,31.0,1.3,0.0,12.8,60.0,103.0,163.0,2.0,0.0,140.0,139.0,140.0,10.0,0,60.0,-1.0,0.03333333277777779,0.0,1.0,0
133.0,0.008,0.0,0.008,0.004,0.0,0.0,34.0,1.2,0.0,7.1,60.0,103.0,163.0,2.0,0.0,136.0,140.0,141.0,14.0,0,60.0,-1.0,0.03333333277777779,0.0,1.0,0
133.0,0.0,0.0,0.007,0.007,0.0,0.0,32.0,1.4,0.0,9.8,43.0,103.0,146.0,1.0,0.0,136.0,132.0,136.0,7.0,1,43.0,-4.0,0.023255813412655504,0.0,1.0,0
133.0,0.0,0.0,0.007,0.001,0.0,0.0,27.0,1.4,1.0,18.8,56.0,96.0,152.0,5.0,0.0,136.0,134.0,137.0,4.0,1,56.0,-3.0,0.08928571269132657,0.0,1.0,0
133.0,0.0,0.0,0.007,0.0,0.0,0.0,22.0,1.6,0.0,20.1,47.0,105.0,152.0,1.0,0.0,138.0,135.0,138.0,5.0,1,47.0,-3.0,0.021276595291987336,0.0,1.0,0
133.0,0.002,0.0,0.007,0.002,0.0,0.0,34.0,1.1,7.0,14.3,69.0,91.0,160.0,4.0,0.0,136.0,135.0,137.0,5.0,0,69.0,-2.0,0.05797101365259401,0.0,1.0,0
133.0,0.0,0.0,0.007,0.0,0.0,0.0,36.0,1.0,8.0,16.4,59.0,91.0,150.0,3.0,0.0,136.0,134.0,137.0,3.0,1,59.0,-3.0,0.050847456765297346,0.0,1.0,0
133.0,0.0,0.0,0.007,0.0,0.0,0.0,43.0,0.8,27.5,11.2,48.0,106.0,154.0,4.0,0.0,145.0,140.0,143.0,4.0,1,48.0,-3.0,0.08333333159722227,0.0,2.0,1
133.0,0.0,0.0,0.008,0.0,0.0,0.0,48.0,0.6,27.5,6.8,25.0,125.0,150.0,2.0,0.0,145.0,142.0,144.0,1.0,1,25.0,-2.0,0.07999999680000013,0.0,2.0,1
133.0,0.002,0.0,0.006,0.0,0.0,0.0,40.0,0.9,21.0,11.2,50.0,106.0,156.0,3.0,0.0,142.0,140.0,142.0,3.0,1,50.0,-2.0,0.05999999880000003,0.0,1.0,0
133.0,0.003,0.0,0.006,0.0,0.0,0.0,34.0,1.1,6.0,14.5,58.0,101.0,159.0,4.0,0.0,142.0,139.0,142.0,4.0,1,58.0,-3.0,0.0689655160523187,0.0,1.0,0
133.0,0.003,0.0,0.005,0.001,0.0,0.0,33.0,1.2,5.0,13.7,58.0,101.0,159.0,4.0,0.0,142.0,138.0,141.0,5.0,1,58.0,-3.0,0.0689655160523187,0.0,1.0,0
133.0,0.004,0.0,0.006,0.002,0.0,0.0,35.0,1.1,8.0,7.4,48.0,109.0,157.0,2.0,0.0,142.0,138.0,141.0,4.0,0,48.0,-3.0,0.041666665798611134,0.0,1.0,0
136.0,0.001,0.0,0.007,0.0,0.0,0.0,42.0,0.8,9.0,12.7,45.0,117.0,162.0,2.0,0.0,139.0,138.0,140.0,2.0,0,45.0,-2.0,0.04444444345679015,0.0,1.0,0
136.0,0.0,0.0,0.008,0.0,0.0,0.0,36.0,1.0,0.0,16.1,37.0,117.0,154.0,2.0,0.0,139.0,137.0,138.0,3.0,0,37.0,-1.0,0.054054052593133714,0.0,1.0,0
136.0,0.0,0.0,0.007,0.0,0.0,0.0,47.0,0.7,22.0,10.0,36.0,117.0,153.0,2.0,0.0,144.0,141.0,143.0,2.0,1,36.0,-2.0,0.05555555401234573,0.0,1.0,0
136.0,0.0,0.0,0.008,0.0,0.0,0.0,37.0,1.0,0.0,15.7,37.0,117.0,154.0,2.0,0.0,138.0,137.0,139.0,2.0,0,37.0,-2.0,0.054054052593133714,0.0,1.0,0
136.0,0.0,0.0,0.006,0.0,0.0,0.0,53.0,0.5,27.5,5.9,17.0,134.0,151.0,2.0,0.0,144.0,142.0,144.0,0.0,0,17.0,-2.0,0.11764705190311459,0.0,1.0,0
136.0,0.0,0.0,0.007,0.0,0.0,0.0,54.0,0.5,27.5,5.6,17.0,134.0,151.0,2.0,0.0,144.0,143.0,145.0,0.0,0,17.0,-2.0,0.11764705190311459,0.0,1.0,0
136.0,0.007,0.0,0.007,0.001,0.0,0.0,42.0,0.7,3.0,4.2,47.0,112.0,159.0,0.0,0.0,145.0,143.0,145.0,3.0,1,47.0,-2.0,0.0,0.0,1.0,0
136.0,0.006,0.0,0.006,0.0,0.0,0.0,43.0,0.7,1.0,4.6,39.0,120.0,159.0,0.0,0.0,145.0,144.0,146.0,2.0,0,39.0,-2.0,0.0,0.0,1.0,0
136.0,0.006,0.0,0.007,0.001,0.0,0.0,43.0,0.7,4.0,5.1,46.0,112.0,158.0,1.0,0.0,144.0,142.0,144.0,3.0,1,46.0,-2.0,0.02173912996219283,0.0,1.0,0
144.0,0.003,0.0,0.008,0.0,0.0,0.0,48.0,0.7,6.0,10.2,47.0,120.0,167.0,3.0,0.0,148.0,149.0,150.0,3.0,0,47.0,-1.0,0.06382978587596201,0.0,1.0,0
144.0,0.0,0.0,0.008,0.0,0.0,0.0,48.0,0.6,6.0,11.4,31.0,129.0,160.0,1.0,0.0,148.0,147.0,149.0,1.0,0,31.0,-2.0,0.032258063475546335,0.0,1.0,0
149.0,0.0,0.0,0.009,0.007500000000000001,0.0,0.0,42.0,2.5,23.0,8.2,162.0,51.0,207.0,4.0,0.0,156.0,142.0,154.0,57.0,0,156.0,-12.0,0.02469135787227557,0.0,1.0,0
149.0,0.0,0.0,0.009,0.007500000000000001,0.0,0.0,39.0,2.5,25.0,5.6,137.0,51.0,188.0,4.0,0.0,155.0,139.0,153.0,57.0,1,137.0,-14.0,0.02919708007885343,0.0,1.0,0
149.0,0.0,0.0,0.006,0.0,0.0,0.0,61.0,0.4,27.5,5.2,13.0,146.0,159.0,1.0,0.0,154.0,153.0,155.0,0.0,0,13.0,-2.0,0.07692307100591762,0.0,2.0,1
149.0,0.0,0.0,0.005,0.0,0.0,0.0,63.0,0.4,27.5,4.6,12.0,146.0,158.0,1.0,0.0,153.0,153.0,155.0,0.0,1,12.0,-2.0,0.08333332638888948,0.0,2.0,1
149.0,0.0,0.0,0.007,0.0,0.0,0.0,62.0,0.4,27.5,5.5,14.0,146.0,160.0,1.0,0.0,154.0,153.0,155.0,0.0,0,14.0,-2.0,0.07142856632653098,0.0,2.0,1
149.0,0.0,0.0,0.006,0.0,0.0,0.0,61.0,0.4,27.5,5.6,12.0,148.0,160.0,1.0,0.0,154.0,153.0,155.0,0.0,0,12.0,-2.0,0.08333332638888948,0.0,2.0,1
149.0,0.001,0.0,0.008,0.0,0.0,0.0,55.0,0.5,19.0,6.4,23.0,147.0,170.0,2.0,0.0,155.0,155.0,156.0,0.0,0,23.0,-1.0,0.08695651795841226,0.0,1.0,0
149.0,0.0,0.0,0.008,0.0,0.0,0.0,59.0,0.5,27.0,5.5,15.0,148.0,163.0,1.0,0.0,155.0,154.0,156.0,0.0,0,15.0,-2.0,0.06666666222222252,0.0,1.0,0
144.0,0.002,0.0,0.006,0.001,0.0,0.0,51.0,0.6,16.0,6.0,44.0,125.0,169.0,3.0,0.0,157.0,156.0,158.0,3.0,1,44.0,-2.0,0.06818181663223144,0.0,1.0,0
144.0,0.002,0.0,0.004,0.002,0.0,0.0,45.0,0.7,13.0,8.8,54.0,122.0,176.0,2.0,0.0,157.0,155.0,156.0,5.0,0,54.0,-1.0,0.037037036351165994,0.0,1.0,0
144.0,0.003,0.0,0.006,0.0,0.0,0.0,50.0,0.6,21.0,5.3,27.0,142.0,169.0,2.0,0.0,157.0,157.0,158.0,2.0,0,27.0,-1.0,0.07407407133058995,0.0,1.0,0
144.0,0.005,0.0,0.008,0.002,0.0,0.0,32.0,1.2,0.0,8.8,65.0,115.0,180.0,3.0,0.0,153.0,152.0,154.0,12.0,0,65.0,-2.0,0.04615384544378699,0.0,1.0,0
144.0,0.005,0.0,0.007,0.003,0.0,0.0,33.0,1.1,0.0,7.7,68.0,113.0,181.0,3.0,0.0,153.0,154.0,155.0,12.0,0,68.0,-1.0,0.044117646410034614,0.0,1.0,0
143.0,0.006,0.0,0.008,0.002,0.0,0.0,28.0,1.4,0.0,8.3,80.0,102.0,182.0,3.0,0.0,155.0,152.0,154.0,23.0,0,80.0,-2.0,0.03749999953125001,0.0,1.0,0
143.0,0.004,0.0,0.005,0.002,0.0,0.0,22.0,1.8,0.0,11.5,85.0,99.0,184.0,5.0,0.0,151.0,149.0,152.0,29.0,0,85.0,-3.0,0.05882352871972319,0.0,1.0,0
144.0,0.002,0.0,0.005,0.001,0.0,0.0,34.0,1.2,5.0,10.2,80.0,102.0,182.0,4.0,0.0,157.0,152.0,155.0,17.0,0,80.0,-3.0,0.04999999937500001,0.0,1.0,0
144.0,0.0,0.0,0.004,0.002,0.0,0.0,33.0,1.2,2.0,10.4,61.0,99.0,160.0,2.0,0.0,153.0,147.0,152.0,19.0,1,61.0,-5.0,0.03278688470841173,0.0,1.0,0
144.0,0.003,0.0,0.006,0.0,0.0,0.0,40.0,0.8,5.0,11.1,56.0,112.0,168.0,2.0,0.0,157.0,153.0,155.0,5.0,1,56.0,-2.0,0.03571428507653063,0.0,1.0,0
144.0,0.003,0.0,0.007,0.0,0.0,0.0,38.0,0.9,5.0,13.4,56.0,112.0,168.0,3.0,0.0,157.0,153.0,156.0,6.0,1,56.0,-3.0,0.05357142761479594,0.0,1.0,0
144.0,0.004,0.0,0.006,0.0,0.0,0.0,40.0,0.8,0.0,9.9,59.0,112.0,171.0,3.0,0.0,160.0,154.0,157.0,8.0,1,59.0,-3.0,0.050847456765297346,0.0,1.0,0
144.0,0.0,0.0,0.008,0.0,0.0,0.0,26.0,1.3,0.0,17.0,52.0,112.0,164.0,2.0,0.0,150.0,146.0,148.0,6.0,1,52.0,-2.0,0.03846153772189351,0.0,1.0,0
145.0,0.004,0.0,0.004,0.0,0.0,0.0,45.0,0.7,1.0,7.4,38.0,133.0,171.0,2.0,0.0,160.0,158.0,159.0,2.0,0,38.0,-1.0,0.05263157756232691,0.0,1.0,0
145.0,0.003,0.0,0.006,0.0,0.0,0.0,48.0,0.7,2.0,6.3,38.0,133.0,171.0,2.0,0.0,160.0,159.0,160.0,2.0,1,38.0,-1.0,0.05263157756232691,0.0,1.0,0
130.0,0.009,0.0,0.011,0.004,0.0,0.0,24.0,1.6,0.0,0.0,106.0,76.0,182.0,3.0,0.0,155.0,140.0,148.0,57.0,1,106.0,-8.0,0.0283018865254539,0.0,1.0,0
130.0,0.012,0.0,0.012,0.0,0.0,0.0,24.0,1.4,0.0,0.0,74.0,117.0,191.0,3.0,0.0,155.0,154.0,157.0,14.0,0,74.0,-3.0,0.040540539992695405,0.0,1.0,0
130.0,0.004,0.0,0.009,0.007500000000000001,0.0,0.0,25.0,1.7,0.0,0.0,94.0,76.0,170.0,6.0,0.0,133.0,119.0,121.0,57.0,0,94.0,-2.0,0.06382978655500227,0.0,1.0,0
133.0,0.002,0.0,0.009,0.007500000000000001,0.0,0.0,25.0,1.7,0.0,0.0,94.0,76.0,170.0,6.0,0.0,133.0,117.0,117.0,57.0,0,94.0,0.0,0.06382978655500227,0.0,1.0,0
132.0,0.008,0.0,0.012,0.005,0.0,0.0,25.0,1.5,0.0,0.0,115.0,76.0,191.0,3.0,0.0,160.0,138.0,149.0,57.0,1,115.0,-11.0,0.026086956294896033,0.0,1.0,0
132.0,0.0,0.0,0.004,0.007500000000000001,0.0,0.0,26.0,2.1,0.0,0.0,81.0,76.0,157.0,4.0,0.0,100.5,109.0,106.0,57.0,-1,81.0,3.0,0.04938271543971957,0.0,1.0,0
132.0,0.001,0.0,0.007,0.004,0.0,0.0,28.0,1.6,4.0,13.5,92.0,68.0,160.0,6.0,0.0,136.0,132.0,136.0,13.0,1,92.0,-4.0,0.06521739059546315,0.0,1.0,0
132.0,0.002,0.0,0.008,0.003,0.0,0.0,22.0,2.1,0.0,18.5,105.0,55.0,160.0,4.0,0.0,131.0,131.0,134.0,15.0,1,105.0,-3.0,0.03809523773242631,0.0,1.0,0
132.0,0.0,0.0,0.003,0.003,0.0,0.0,34.0,1.0,7.0,9.4,66.0,83.0,149.0,7.0,0.0,136.0,133.0,137.0,7.0,1,66.0,-4.0,0.10606060445362721,0.0,1.0,0
132.0,0.0,0.0,0.004,0.007,0.0,0.0,35.0,1.2,10.0,4.8,72.0,71.0,143.0,7.0,0.0,136.0,131.0,136.0,11.0,1,72.0,-5.0,0.09722222087191361,0.0,1.0,0
132.0,0.001,0.0,0.004,0.004,0.0,0.0,28.0,1.6,4.0,17.9,97.0,56.0,153.0,9.0,0.0,136.0,130.0,135.0,25.0,1,97.0,-5.0,0.09278350419810821,0.0,1.0,0
132.0,0.0,0.0,0.003,0.0,0.0,0.0,30.0,1.1,0.0,13.7,52.0,97.0,149.0,4.0,0.0,133.0,133.0,135.0,3.0,1,52.0,-2.0,0.07692307544378701,0.0,1.0,0
132.0,0.001,0.0,0.005,0.004,0.0,0.0,25.0,1.9,0.0,19.7,99.0,54.0,153.0,6.0,0.0,133.0,127.0,133.0,34.0,1,99.0,-6.0,0.060606059993878185,0.0,1.0,0
132.0,0.0,0.0,0.01,0.0,0.0,0.0,16.0,2.5,0.0,20.1,105.0,54.0,159.0,9.0,0.0,136.0,131.0,134.0,15.0,1,105.0,-3.0,0.0857142848979592,0.0,1.0,0
132.0,0.001,0.0,0.005,0.004,0.0,0.0,29.0,1.5,1.0,16.0,92.0,61.0,153.0,4.0,0.0,133.0,129.0,134.0,23.0,1,92.0,-5.0,0.04347826039697543,0.0,1.0,0
132.0,0.0,0.0,0.006,0.006,0.0,0.0,26.0,1.8,0.0,15.0,97.0,53.0,150.0,3.0,0.0,133.0,126.0,132.0,35.0,1,97.0,-6.0,0.030927834732702737,0.0,1.0,0
132.0,0.001,0.0,0.005,0.005,0.0,0.0,30.0,1.8,5.0,19.9,99.0,52.0,151.0,7.0,0.0,139.0,130.0,137.0,31.0,1,99.0,-7.0,0.07070706999285788,0.0,1.0,0
132.0,0.0,0.0,0.006,0.0,0.0,0.0,35.0,1.3,0.0,20.1,71.0,79.0,150.0,4.0,0.0,133.0,135.0,137.0,9.0,1,71.0,-2.0,0.056338027375520745,0.0,1.0,0
132.0,0.001,0.0,0.006,0.006,0.0,0.0,28.0,2.1,6.0,16.2,101.0,50.0,151.0,11.0,0.0,143.0,129.0,136.0,42.0,1,101.0,-7.0,0.10891089001078327,0.0,1.0,0
132.0,0.0,0.0,0.006,0.007500000000000001,0.0,0.0,15.0,3.2,0.0,16.9,100.0,50.0,150.0,10.0,0.0,133.0,122.0,130.0,41.0,1,100.0,-8.0,0.099999999,0.0,1.0,0
134.0,0.0,0.0,0.005,0.006,0.0,0.0,32.0,1.2,20.0,6.4,102.0,53.0,155.0,5.0,0.0,136.0,128.0,135.0,30.0,1,102.0,-7.0,0.04901960736255287,0.0,1.0,0
134.0,0.0,0.0,0.004,0.005,0.0,0.0,27.0,1.4,18.0,9.1,89.0,66.0,155.0,6.0,0.0,136.0,128.0,135.0,31.0,1,89.0,-7.0,0.06741572957959854,0.0,1.0,0
134.0,0.0,0.0,0.005,0.005,0.0,0.0,33.0,1.4,20.0,9.9,110.0,53.0,163.0,3.0,0.0,136.0,129.0,136.0,27.0,1,110.0,-7.0,0.02727272702479339,0.0,1.0,0
134.0,0.0,0.0,0.004,0.007,0.0,0.0,37.0,1.1,22.0,2.9,93.0,50.0,143.0,5.0,0.0,138.0,129.0,136.0,31.0,1,93.0,-7.0,0.053763440282113543,0.0,1.0,0
134.0,0.0,0.0,0.007,0.007,0.0,0.0,20.0,2.2,3.0,15.1,113.0,50.0,163.0,7.0,0.0,126.0,120.0,127.0,51.0,1,113.0,-7.0,0.061946902106664585,0.0,1.0,0
134.0,0.0,0.0,0.01,0.0,0.0,0.0,27.0,2.8,8.0,20.1,74.0,89.0,163.0,7.0,0.0,138.0,134.0,138.0,13.0,0,74.0,-4.0,0.09459459331628928,0.0,1.0,0
134.0,0.0,0.0,0.007,0.007500000000000001,0.0,0.0,20.0,2.1,0.0,8.2,115.0,50.0,165.0,7.0,0.0,126.0,117.0,126.0,57.0,0,115.0,-9.0,0.060869564688090745,0.0,1.0,0
134.0,0.0,0.0,0.005,0.007,0.0,0.0,21.0,1.9,0.0,8.6,104.0,50.0,154.0,9.0,0.0,126.0,117.0,127.0,57.0,1,104.0,-10.0,0.08653846070636095,0.0,1.0,0
134.0,0.0,0.0,0.005,0.007500000000000001,0.0,0.0,22.0,2.1,0.0,8.0,111.0,54.0,165.0,5.0,0.0,126.0,118.0,127.0,57.0,0,111.0,-9.0,0.04504504463923383,0.0,1.0,0
138.0,0.005,0.0,0.003,0.004,0.0,0.0,33.0,3.1,0.0,7.9,59.0,110.0,169.0,3.0,0.0,136.0,145.0,146.0,22.0,0,59.0,-1.0,0.050847456765297346,0.0,1.0,0
138.0,0.0,0.0,0.003,0.003,0.0,0.0,31.0,3.2,0.0,6.6,45.0,107.0,152.0,5.0,0.0,138.0,137.0,139.0,3.0,1,45.0,-2.0,0.11111110864197538,0.0,1.0,0
138.0,0.009,0.0,0.007,0.0,0.0,0.0,37.0,1.5,0.0,12.3,55.0,114.0,169.0,3.0,0.0,150.0,150.0,152.0,8.0,1,55.0,-2.0,0.05454545355371903,0.0,1.0,0
138.0,0.01,0.0,0.009,0.0,0.0,0.0,42.0,1.4,0.0,0.0,51.0,120.0,171.0,0.0,0.0,157.0,153.0,155.0,8.0,1,51.0,-2.0,0.0,0.0,1.0,0
138.0,0.0,0.0,0.005,0.0,0.0,0.0,36.0,2.4,0.0,16.0,78.0,114.0,192.0,6.0,0.0,160.0,157.0,160.0,14.0,0,78.0,-3.0,0.07692307593688365,0.0,2.0,1
138.0,0.0,0.0,0.004,0.0,0.0,0.0,19.0,2.2,0.0,17.8,45.0,110.0,155.0,3.0,0.0,144.0,141.0,143.0,6.0,1,45.0,-2.0,0.06666666518518523,0.0,1.0,0
138.0,0.001,0.0,0.003,0.0,0.0,0.0,32.0,3.2,0.0,15.2,68.0,124.0,192.0,4.0,0.0,160.0,158.0,159.0,11.0,0,68.0,-1.0,0.05882352854671282,0.0,2.0,1
138.0,0.005,0.0,0.002,0.0,0.0,0.0,18.0,3.2,0.0,17.2,62.0,114.0,176.0,4.0,0.0,157.0,149.0,151.0,13.0,0,62.0,-2.0,0.06451612799167536,0.0,1.0,0
140.0,0.0,0.0,0.006,0.0,0.0,0.0,42.0,1.4,16.0,11.1,48.0,124.0,172.0,1.0,0.0,151.0,150.0,151.0,4.0,0,48.0,-1.0,0.020833332899305567,0.0,2.0,1
140.0,0.0,0.0,0.004,0.0,0.0,0.0,48.0,0.9,21.0,9.5,37.0,135.0,172.0,2.0,0.0,151.0,152.0,152.0,3.0,0,37.0,0.0,0.054054052593133714,0.0,2.0,1
137.0,0.002,0.007500000000000001,0.004,0.004,0.0,0.0,62.0,2.6,0.0,3.2,91.0,81.0,172.0,7.0,0.0,140.0,122.0,142.0,8.0,0,91.0,-20.0,0.0769230760777684,0.0,1.0,0
133.0,0.006,0.007500000000000001,0.003,0.001,0.0,0.0,64.0,2.0,0.0,4.5,64.0,96.0,160.0,3.0,0.0,142.0,130.0,142.0,3.0,1,64.0,-12.0,0.04687499926757814,0.0,1.0,0
134.0,0.004,0.007500000000000001,0.004,0.001,0.0,0.0,65.0,2.3,0.0,1.3,34.0,127.0,161.0,1.0,0.0,138.0,129.0,140.0,3.0,-1,34.0,-11.0,0.02941176384083048,0.0,1.0,0
144.0,0.0,0.007500000000000001,0.001,0.007,0.0,0.0,65.0,3.2,0.0,2.7,89.0,74.0,163.0,3.0,0.0,147.0,109.0,149.0,17.0,1,89.0,-40.0,0.03370786478979927,0.0,1.0,0
136.0,0.004,0.007500000000000001,0.004,0.002,0.0,0.0,63.0,1.8,0.0,6.4,76.0,96.0,172.0,8.0,0.0,142.0,132.0,143.0,5.0,0,76.0,-11.0,0.10526315650969531,0.0,1.0,0
133.0,0.005,0.007500000000000001,0.004,0.001,0.0,0.0,65.0,2.5,0.0,1.6,34.0,127.0,161.0,1.0,0.0,138.0,127.0,140.0,3.0,-1,34.0,-13.0,0.02941176384083048,0.0,1.0,0
135.0,0.002,0.007500000000000001,0.003,0.001,0.0,0.0,65.0,2.0,0.0,5.2,65.0,96.0,161.0,3.0,0.0,138.0,130.0,141.0,3.0,1,65.0,-11.0,0.04615384544378699,0.0,1.0,0
137.0,0.002,0.007500000000000001,0.001,0.002,0.0,0.0,64.0,1.9,0.0,6.9,76.0,96.0,172.0,4.0,0.0,142.0,130.0,143.0,5.0,0,76.0,-13.0,0.052631578254847655,0.0,1.0,0
133.0,0.006,0.007500000000000001,0.003,0.001,0.0,0.0,65.0,2.7,0.0,1.1,35.0,126.0,161.0,2.0,0.0,138.0,126.0,140.0,3.0,0,35.0,-14.0,0.057142855510204135,0.0,1.0,0
144.0,0.001,0.007500000000000001,0.001,0.007500000000000001,0.0,0.0,65.0,3.2,0.0,1.7,143.0,67.0,207.0,7.0,0.0,145.0,108.0,149.0,38.0,0,140.0,-41.0,0.04895104860873393,0.0,1.0,0
144.0,0.003,0.007500000000000001,0.002,0.006,0.0,0.0,66.0,3.2,0.0,0.3,113.0,67.0,180.0,7.0,0.0,141.0,110.0,147.0,57.0,1,113.0,-37.0,0.061946902106664585,0.0,1.0,0
142.0,0.004,0.007500000000000001,0.003,0.004,0.0,0.0,66.0,3.2,0.0,0.5,106.0,69.0,175.0,10.0,0.0,138.0,112.0,146.0,57.0,1,106.0,-34.0,0.094339621751513,0.0,1.0,0
142.0,0.003,0.007500000000000001,0.002,0.006,0.0,0.0,66.0,3.2,0.0,0.3,113.0,67.0,180.0,7.0,0.0,141.0,111.0,147.0,57.0,1,113.0,-36.0,0.061946902106664585,0.0,1.0,0
142.0,0.003,0.007500000000000001,0.003,0.006,0.0,0.0,66.0,3.2,0.0,0.3,143.0,67.0,207.0,7.0,0.0,142.0,108.0,147.0,57.0,0,140.0,-39.0,0.04895104860873393,0.0,1.0,0
142.0,0.002,0.007500000000000001,0.001,0.007,0.0,0.0,64.0,3.2,0.0,0.4,143.0,67.0,207.0,9.0,0.0,142.0,109.0,150.0,54.0,0,140.0,-41.0,0.06293706249694361,0.0,1.0,0
143.0,0.002,0.007500000000000001,0.001,0.007500000000000001,0.0,0.0,64.0,3.2,0.0,1.3,143.0,67.0,207.0,10.0,0.0,145.0,111.0,149.0,49.0,0,140.0,-38.0,0.06993006944104847,0.0,1.0,0
134.0,0.001,0.002,0.006,0.006,0.0,0.0,65.0,1.5,5.0,6.9,95.0,65.0,160.0,5.0,0.0,135.0,128.0,137.0,33.0,1,95.0,-9.0,0.05263157839335181,0.0,1.0,0
126.0,0.013,0.002,0.007,0.001,0.0,0.0,53.0,2.5,0.0,0.3,85.0,84.0,169.0,3.0,0.0,135.0,133.0,140.0,13.0,0,85.0,-7.0,0.03529411723183391,0.0,1.0,0
126.0,0.012,0.002,0.007,0.001,0.0,0.0,53.0,2.6,0.0,0.2,86.0,84.0,170.0,5.0,0.0,135.0,134.0,140.0,12.0,0,86.0,-6.0,0.05813953420767984,0.0,1.0,0
127.0,0.009,0.0,0.007,0.001,0.0,0.0,53.0,2.7,0.0,4.3,111.0,71.0,182.0,6.0,0.0,139.0,124.0,139.0,15.0,0,111.0,-15.0,0.0540540535670806,0.0,1.0,0
123.0,0.012,0.003,0.006,0.0,0.0,0.0,55.0,2.2,0.0,2.4,75.0,85.0,160.0,8.0,0.0,135.0,132.0,136.0,8.0,1,75.0,-4.0,0.10666666524444447,0.0,1.0,0
123.0,0.011,0.002,0.003,0.0,0.0,0.0,55.0,2.1,0.0,1.1,75.0,85.0,160.0,6.0,0.0,133.0,133.0,136.0,8.0,1,75.0,-3.0,0.07999999893333334,0.0,1.0,0
123.0,0.01,0.001,0.004,0.0,0.0,0.0,55.0,2.1,0.0,0.0,77.0,85.0,162.0,4.0,0.0,140.0,134.0,139.0,10.0,1,77.0,-5.0,0.051948051273401935,0.0,1.0,0
123.0,0.01,0.002,0.007,0.0,0.0,0.0,53.0,3.2,0.0,0.0,109.0,84.0,193.0,6.0,0.0,146.0,129.0,146.0,15.0,0,109.0,-17.0,0.05504587105462504,0.0,1.0,0
123.0,0.01,0.001,0.003,0.0,0.0,0.0,55.0,2.0,0.0,1.1,75.0,85.0,160.0,6.0,0.0,140.0,134.0,138.0,10.0,1,75.0,-4.0,0.07999999893333334,0.0,1.0,0
130.0,0.004,0.0,0.011,0.002,0.0,0.0,52.0,2.7,0.0,2.2,89.0,76.0,165.0,5.0,0.0,139.0,129.0,135.0,20.0,0,89.0,-6.0,0.056179774649665455,0.0,1.0,0
130.0,0.002,0.001,0.009,0.001,0.0,0.0,52.0,2.7,0.0,4.6,88.0,77.0,165.0,6.0,0.0,139.0,130.0,136.0,15.0,0,88.0,-6.0,0.06818181740702481,0.0,1.0,0
130.0,0.001,0.002,0.008,0.002,0.0,0.0,53.0,2.8,0.0,7.1,62.0,95.0,157.0,5.0,0.0,138.0,131.0,136.0,9.0,0,62.0,-5.0,0.08064515998959419,0.0,1.0,0
130.0,0.002,0.004,0.007,0.003,0.0,0.0,52.0,3.0,0.0,5.6,69.0,87.0,156.0,4.0,0.0,139.0,129.0,135.0,15.0,1,69.0,-6.0,0.05797101365259401,0.0,1.0,0
130.0,0.003,0.005,0.006,0.003,0.0,0.0,52.0,3.0,0.0,3.3,76.0,87.0,163.0,6.0,0.0,139.0,130.0,136.0,15.0,0,76.0,-6.0,0.07894736738227148,0.0,1.0,0
130.0,0.004,0.006,0.005,0.002,0.0,0.0,51.0,2.8,0.0,4.2,76.0,87.0,163.0,5.0,0.0,135.0,131.0,136.0,11.0,0,76.0,-5.0,0.06578947281855957,0.0,1.0,0
130.0,0.012,0.0,0.007,0.0,0.0,0.0,50.0,1.4,0.0,2.8,68.0,104.0,172.0,4.0,0.0,144.0,142.0,144.0,10.0,0,68.0,-2.0,0.05882352854671282,0.0,1.0,0
130.0,0.009,0.001,0.004,0.001,0.0,0.0,52.0,1.3,0.0,2.4,99.0,73.0,172.0,6.0,0.0,144.0,141.0,144.0,16.0,1,99.0,-3.0,0.060606059993878185,0.0,1.0,0
130.0,0.007,0.001,0.002,0.004,0.0,0.0,52.0,1.6,0.0,4.2,106.0,73.0,179.0,7.0,0.0,144.0,138.0,143.0,29.0,0,106.0,-5.0,0.0660377352260591,0.0,1.0,0
130.0,0.006,0.002,0.002,0.004,0.0,0.0,53.0,1.7,0.0,2.0,106.0,73.0,179.0,7.0,0.0,144.0,137.0,141.0,31.0,0,106.0,-4.0,0.0660377352260591,0.0,1.0,0
130.0,0.007,0.002,0.002,0.005,0.0,0.0,51.0,1.9,0.0,5.8,125.0,73.0,198.0,5.0,0.0,131.0,137.0,140.0,51.0,0,125.0,-3.0,0.03999999968,0.0,1.0,0
130.0,0.005,0.001,0.003,0.006,0.0,0.0,51.0,1.9,0.0,4.9,125.0,73.0,198.0,6.0,0.0,131.0,137.0,140.0,56.0,0,125.0,-3.0,0.047999999616,0.0,1.0,0
130.0,0.008,0.001,0.002,0.004,0.0,0.0,51.0,1.8,0.0,6.5,118.0,77.0,195.0,7.0,0.0,131.0,137.0,141.0,47.0,0,118.0,-4.0,0.05932203339557599,0.0,1.0,0
130.0,0.01,0.0,0.009,0.004,0.0,0.0,49.0,1.5,0.0,10.3,114.0,84.0,198.0,7.0,0.0,150.0,141.0,145.0,50.0,0,114.0,-4.0,0.06140350823330256,0.0,1.0,0
130.0,0.009,0.0,0.005,0.005,0.0,0.0,51.0,1.5,0.0,5.0,101.0,77.0,178.0,7.0,0.0,130.0,135.0,137.0,39.0,0,101.0,-2.0,0.06930693000686208,0.0,1.0,0
130.0,0.008,0.001,0.006,0.005,0.0,0.0,52.0,1.7,0.0,0.3,101.0,77.0,178.0,3.0,0.0,135.0,134.0,137.0,48.0,0,101.0,-3.0,0.029702970002940893,0.0,1.0,0
130.0,0.008,0.001,0.004,0.004,0.0,0.0,51.0,1.6,0.0,4.2,109.0,77.0,186.0,4.0,0.0,144.0,138.0,143.0,38.0,0,109.0,-5.0,0.036697247369750025,0.0,1.0,0
132.0,0.008,0.0,0.009,0.007500000000000001,0.0,0.0,55.0,2.7,0.0,0.0,123.0,60.0,183.0,5.0,0.0,144.0,118.0,142.0,57.0,1,123.0,-24.0,0.04065040617357393,0.0,1.0,0
132.0,0.007,0.0,0.01,0.007500000000000001,0.0,0.0,56.0,2.9,0.0,0.0,126.0,60.0,186.0,7.0,0.0,144.0,114.0,139.0,57.0,0,126.0,-25.0,0.05555555511463845,0.0,1.0,0
132.0,0.008,0.0,0.008,0.007500000000000001,0.0,0.0,55.0,2.7,0.0,0.0,116.0,70.0,186.0,3.0,0.0,144.0,116.0,137.0,57.0,0,116.0,-21.0,0.025862068742568373,0.0,1.0,0
132.0,0.007,0.0,0.01,0.007500000000000001,0.0,0.0,56.0,2.8,0.0,0.0,116.0,70.0,186.0,5.0,0.0,106.0,115.0,133.0,57.0,-1,116.0,-18.0,0.043103447904280626,0.0,1.0,0
132.0,0.005,0.0,0.011,0.007500000000000001,0.0,0.0,58.0,2.9,0.0,0.0,115.0,63.0,178.0,4.0,0.0,112.0,110.0,121.0,57.0,0,115.0,-11.0,0.03478260839319471,0.0,1.0,0
114.0,0.0,0.0,0.008,0.0,0.0,0.0,65.0,0.4,0.0,11.5,22.0,104.0,126.0,1.0,0.0,115.0,115.0,116.0,0.0,0,22.0,-1.0,0.045454543388429844,0.0,1.0,0
114.0,0.0,0.0,0.009,0.0,0.0,0.0,65.0,0.5,0.0,12.0,24.0,102.0,126.0,1.0,0.0,115.0,115.0,116.0,1.0,0,24.0,-1.0,0.041666664930555625,0.0,1.0,0
114.0,0.0,0.0,0.008,0.0,0.0,0.0,64.0,0.5,0.0,12.2,25.0,100.0,125.0,1.0,0.0,115.0,114.0,116.0,1.0,0,25.0,-2.0,0.03999999840000006,0.0,1.0,0
114.0,0.0,0.0,0.008,0.0,0.0,0.0,64.0,0.5,0.0,12.4,26.0,100.0,126.0,1.0,0.0,115.0,114.0,116.0,1.0,0,26.0,-2.0,0.03846153698224858,0.0,1.0,0
114.0,0.0,0.0,0.008,0.0,0.0,0.0,65.0,0.5,0.0,11.6,23.0,102.0,125.0,1.0,0.0,115.0,115.0,116.0,0.0,0,23.0,-1.0,0.04347825897920613,0.0,1.0,0
114.0,0.003,0.0,0.007,0.0,0.0,0.0,61.0,1.3,0.0,16.2,57.0,91.0,148.0,2.0,0.0,113.0,113.0,114.0,10.0,0,57.0,-1.0,0.035087718682671604,0.0,1.0,0
106.0,0.011,0.0,0.009,0.0,0.0,0.0,62.0,1.4,0.0,12.7,54.0,94.0,148.0,5.0,0.0,107.0,117.0,116.0,32.0,-1,54.0,1.0,0.092592590877915,0.0,1.0,0
106.0,0.0,0.0,0.01,0.0,0.0,0.0,63.0,0.6,0.0,14.1,28.0,95.0,123.0,1.0,0.0,110.0,109.0,111.0,2.0,0,28.0,-2.0,0.035714284438775556,0.0,1.0,0
106.0,0.0,0.0,0.01,0.0,0.0,0.0,63.0,0.6,0.0,13.5,28.0,95.0,123.0,1.0,0.0,112.0,109.0,111.0,2.0,0,28.0,-2.0,0.035714284438775556,0.0,1.0,0
106.0,0.001,0.0,0.011,0.0,0.0,0.0,63.0,0.6,0.0,11.5,30.0,95.0,125.0,1.0,0.0,112.0,110.0,112.0,1.0,0,30.0,-2.0,0.033333332222222255,0.0,1.0,0
106.0,0.0,0.0,0.01,0.0,0.0,0.0,63.0,0.6,0.0,12.4,27.0,95.0,122.0,1.0,0.0,112.0,110.0,112.0,1.0,0,27.0,-2.0,0.037037035665294975,0.0,1.0,0
106.0,0.0,0.0,0.009,0.0,0.0,0.0,64.0,0.6,0.0,10.4,20.0,102.0,122.0,1.0,0.0,111.0,111.0,112.0,0.0,0,20.0,-1.0,0.04999999750000012,0.0,1.0,0
106.0,0.006,0.0,0.006,0.0,0.0,0.0,64.0,0.7,0.0,12.6,54.0,100.0,154.0,3.0,0.0,112.0,116.0,114.0,14.0,-1,54.0,2.0,0.05555555452674899,0.0,1.0,0
110.0,0.002,0.0,0.007,0.001,0.0,0.0,62.0,0.9,0.0,11.8,64.0,92.0,156.0,5.0,0.0,112.0,113.0,113.0,12.0,-1,64.0,0.0,0.07812499877929689,0.0,1.0,0
110.0,0.003,0.0,0.006,0.001,0.0,0.0,61.0,0.9,0.0,10.8,64.0,92.0,156.0,3.0,0.0,112.0,112.0,111.0,16.0,-1,64.0,1.0,0.04687499926757814,0.0,1.0,0
110.0,0.002,0.0,0.007,0.001,0.0,0.0,63.0,0.8,0.0,10.9,64.0,92.0,156.0,3.0,0.0,112.0,113.0,113.0,14.0,-1,64.0,0.0,0.04687499926757814,0.0,1.0,0
110.0,0.003,0.001,0.005,0.001,0.0,0.0,64.0,0.9,0.0,10.6,65.0,92.0,157.0,6.0,0.0,110.0,114.0,113.0,21.0,-1,65.0,1.0,0.09230769088757398,0.0,1.0,0
110.0,0.0,0.0,0.005,0.0,0.0,0.0,64.0,0.6,0.0,12.0,30.0,98.0,128.0,1.0,0.0,110.0,111.0,112.0,1.0,0,30.0,-1.0,0.033333332222222255,0.0,1.0,0
110.0,0.004,0.001,0.002,0.001,0.0,0.0,65.0,1.1,0.0,9.3,88.0,90.0,178.0,5.0,0.0,109.0,113.0,112.0,24.0,-1,88.0,1.0,0.05681818117252067,0.0,1.0,0
110.0,0.005,0.001,0.008,0.001,0.0,0.0,63.0,1.6,0.0,8.5,88.0,90.0,178.0,3.0,0.0,109.0,114.0,112.0,34.0,-1,88.0,2.0,0.034090908703512404,0.0,1.0,0
110.0,0.007,0.001,0.009,0.001,0.0,0.0,63.0,1.9,0.0,7.2,88.0,90.0,178.0,4.0,0.0,107.0,115.0,114.0,48.0,-1,88.0,1.0,0.04545454493801654,0.0,1.0,0
110.0,0.003,0.0,0.006,0.004,0.0,0.0,64.0,1.7,0.0,6.3,176.0,62.0,207.0,12.0,0.0,107.0,103.0,107.0,35.0,-1,145.0,-4.0,0.06818181779442149,0.0,1.0,0
110.0,0.003,0.0,0.003,0.001,0.0,0.0,64.0,1.6,0.0,6.8,116.0,62.0,178.0,12.0,0.0,107.0,105.0,108.0,37.0,0,116.0,-3.0,0.1034482749702735,0.0,1.0,0
110.0,0.003,0.0,0.007,0.004,0.0,0.0,63.0,2.4,0.0,1.8,176.0,62.0,207.0,10.0,0.0,100.5,101.0,105.0,57.0,-1,145.0,-4.0,0.05681818149535124,0.0,1.0,0
110.0,0.004,0.0,0.009,0.005,0.0,0.0,63.0,2.7,0.0,1.8,176.0,62.0,207.0,9.0,0.0,100.5,98.0,106.0,57.0,-1,145.0,-8.0,0.051136363345816116,0.0,1.0,0
110.0,0.003,0.0,0.008,0.004,0.0,0.0,64.0,2.1,0.0,5.6,176.0,62.0,207.0,10.0,0.0,107.0,101.0,108.0,33.0,-1,145.0,-7.0,0.05681818149535124,0.0,1.0,0
110.0,0.004,0.001,0.009,0.004,0.0,0.0,64.0,2.2,0.0,5.3,176.0,62.0,207.0,7.0,0.0,107.0,103.0,109.0,42.0,-1,145.0,-6.0,0.03977272704674587,0.0,1.0,0
110.0,0.004,0.001,0.009,0.003,0.0,0.0,64.0,1.8,0.0,6.8,176.0,62.0,207.0,7.0,0.0,110.0,106.0,110.0,36.0,-1,145.0,-4.0,0.03977272704674587,0.0,1.0,0
110.0,0.003,0.002,0.006,0.007,0.0,0.0,68.0,3.1,0.0,0.0,133.0,60.0,193.0,8.0,0.0,100.5,95.0,100.5,42.0,-1,133.0,-5.5,0.06015037548759116,0.0,3.0,2
110.0,0.004,0.0,0.009,0.007,0.0,0.0,68.0,3.0,0.0,0.0,133.0,60.0,193.0,7.0,0.0,100.5,95.0,100.5,41.0,-1,133.0,-5.5,0.052631578551642265,0.0,3.0,2
110.0,0.003,0.002,0.007,0.007,0.0,0.0,68.0,3.0,0.0,0.0,133.0,60.0,193.0,6.0,0.0,100.5,95.0,100.5,45.0,-1,133.0,-5.5,0.04511278161569337,0.0,3.0,2
110.0,0.002,0.003,0.002,0.007500000000000001,0.0,0.0,68.0,3.2,0.0,0.0,124.0,63.0,187.0,6.0,0.0,100.5,95.0,100.5,39.0,-1,124.0,-5.5,0.04838709638397503,0.0,3.0,2
110.0,0.004,0.002,0.005,0.007500000000000001,0.0,0.0,67.0,3.2,0.0,0.0,130.0,63.0,193.0,5.0,0.0,100.5,95.0,100.5,57.0,-1,130.0,-5.5,0.03846153816568048,0.0,3.0,2
110.0,0.003,0.002,0.006,0.006,0.0,0.0,68.0,3.1,0.0,0.0,133.0,60.0,193.0,8.0,0.0,100.5,95.0,100.5,42.0,-1,133.0,-5.5,0.06015037548759116,0.0,3.0,2
137.0,0.014,0.0,0.007,0.003,0.0,0.0,53.0,2.7,0.0,0.3,136.0,52.0,188.0,9.0,0.0,160.0,142.0,163.0,42.0,1,136.0,-21.0,0.0661764701016436,0.0,1.0,0
137.0,0.013,0.0,0.007,0.003,0.0,0.0,54.0,2.8,0.0,4.8,136.0,52.0,188.0,9.0,0.0,164.0,141.0,165.0,48.0,1,136.0,-24.0,0.0661764701016436,0.0,1.0,0
137.0,0.013,0.0,0.006,0.004,0.0,0.0,56.0,2.4,0.0,0.4,136.0,52.0,188.0,5.0,0.0,160.0,141.0,161.0,51.0,1,136.0,-20.0,0.036764705612024225,0.0,1.0,0
137.0,0.012,0.0,0.003,0.004,0.0,0.0,56.0,2.1,0.0,0.2,136.0,52.0,188.0,3.0,0.0,160.0,144.0,161.0,39.0,1,136.0,-17.0,0.022058823367214535,0.0,1.0,0
137.0,0.014,0.0,0.003,0.004,0.0,0.0,57.0,1.8,0.0,0.2,136.0,52.0,188.0,7.0,0.0,146.0,145.0,161.0,46.0,1,136.0,-16.0,0.051470587856833915,0.0,1.0,0
137.0,0.014,0.0,0.003,0.005,0.0,0.0,57.0,1.8,0.0,0.4,136.0,52.0,188.0,7.0,0.0,146.0,142.0,157.0,53.0,1,136.0,-15.0,0.051470587856833915,0.0,1.0,0
137.0,0.012,0.0,0.003,0.004,0.0,0.0,56.0,2.2,0.0,0.4,136.0,52.0,188.0,4.0,0.0,160.0,141.0,159.0,57.0,1,136.0,-18.0,0.02941176448961938,0.0,1.0,0
137.0,0.012,0.0,0.003,0.004,0.0,0.0,58.0,1.7,0.0,1.7,136.0,52.0,188.0,7.0,0.0,149.0,145.0,158.0,44.0,1,136.0,-13.0,0.051470587856833915,0.0,1.0,0
137.0,0.011,0.0,0.006,0.004,0.0,0.0,57.0,1.6,0.0,7.6,136.0,52.0,188.0,5.0,0.0,148.0,146.0,158.0,42.0,1,136.0,-12.0,0.036764705612024225,0.0,1.0,0
137.0,0.01,0.0,0.006,0.004,0.0,0.0,56.0,1.6,0.0,7.1,136.0,52.0,188.0,5.0,0.0,148.0,143.0,157.0,57.0,1,136.0,-14.0,0.036764705612024225,0.0,1.0,0
137.0,0.009,0.001,0.005,0.003,0.0,0.0,58.0,1.5,0.0,5.4,109.0,69.0,178.0,2.0,0.0,146.0,143.0,150.0,52.0,1,109.0,-7.0,0.018348623684875012,0.0,1.0,0
137.0,0.008,0.001,0.005,0.003,0.0,0.0,58.0,1.6,0.0,5.6,109.0,69.0,178.0,5.0,0.0,148.0,143.0,151.0,55.0,1,109.0,-8.0,0.04587155921218753,0.0,1.0,0
137.0,0.006,0.002,0.005,0.003,0.0,0.0,58.0,1.5,0.0,5.2,109.0,69.0,178.0,5.0,0.0,148.0,143.0,150.0,49.0,1,109.0,-7.0,0.04587155921218753,0.0,1.0,0
137.0,0.008,0.001,0.005,0.003,0.0,0.0,58.0,1.4,0.0,4.7,109.0,69.0,178.0,2.0,0.0,146.0,143.0,150.0,47.0,1,109.0,-7.0,0.018348623684875012,0.0,1.0,0
137.0,0.007,0.001,0.004,0.003,0.0,0.0,57.0,1.4,0.0,6.2,109.0,69.0,178.0,4.0,0.0,146.0,143.0,149.0,43.0,1,109.0,-6.0,0.036697247369750025,0.0,1.0,0
137.0,0.006,0.002,0.005,0.002,0.0,0.0,57.0,1.4,0.0,6.8,109.0,69.0,178.0,3.0,0.0,148.0,143.0,149.0,43.0,1,109.0,-6.0,0.02752293552731252,0.0,1.0,0
137.0,0.006,0.005,0.005,0.001,0.0,0.0,59.0,1.4,0.0,7.0,48.0,122.0,170.0,2.0,0.0,146.0,141.0,143.0,8.0,0,48.0,-2.0,0.041666665798611134,0.0,1.0,0
137.0,0.009,0.003,0.004,0.001,0.0,0.0,58.0,1.2,0.0,6.4,48.0,122.0,170.0,1.0,0.0,146.0,144.0,146.0,8.0,0,48.0,-2.0,0.020833332899305567,0.0,1.0,0
137.0,0.011,0.004,0.004,0.001,0.0,0.0,56.0,1.1,0.0,5.2,48.0,122.0,170.0,1.0,0.0,146.0,144.0,146.0,8.0,0,48.0,-2.0,0.020833332899305567,0.0,1.0,0
137.0,0.009,0.003,0.004,0.001,0.0,0.0,57.0,1.2,0.0,5.9,48.0,122.0,170.0,1.0,0.0,146.0,144.0,145.0,8.0,0,48.0,-1.0,0.020833332899305567,0.0,1.0,0
137.0,0.012,0.002,0.005,0.0,0.0,0.0,56.0,0.9,0.0,4.1,48.0,122.0,170.0,3.0,0.0,147.0,146.0,147.0,7.0,0,48.0,-1.0,0.0624999986979167,0.0,1.0,0
131.0,0.0,0.003,0.003,0.007500000000000001,0.0,0.0,67.0,1.7,0.0,0.0,68.0,78.0,146.0,7.0,0.0,121.0,116.0,120.0,15.0,0,68.0,-4.0,0.10294117495674743,0.0,3.0,2
131.0,0.004,0.003,0.004,0.005,0.0,0.0,60.0,2.1,0.0,0.9,90.0,78.0,168.0,8.0,0.0,133.0,127.0,132.0,21.0,0,90.0,-5.0,0.08888888790123459,0.0,1.0,0
131.0,0.006,0.003,0.004,0.004,0.0,0.0,57.0,2.0,0.0,1.2,69.0,100.0,169.0,6.0,0.0,133.0,133.0,134.0,15.0,0,69.0,-1.0,0.086956520478891,0.0,1.0,0
131.0,0.008,0.003,0.002,0.0,0.0,0.0,53.0,1.8,0.0,3.2,60.0,109.0,169.0,7.0,0.0,150.0,143.0,147.0,14.0,0,60.0,-4.0,0.11666666472222226,0.0,1.0,0
131.0,0.007,0.004,0.003,0.0,0.0,0.0,53.0,2.4,0.0,0.0,56.0,109.0,165.0,4.0,0.0,131.0,140.0,143.0,25.0,0,56.0,-3.0,0.07142857015306125,0.0,1.0,0
131.0,0.008,0.004,0.004,0.001,0.0,0.0,55.0,2.3,0.0,0.0,56.0,109.0,165.0,3.0,0.0,130.0,138.0,141.0,25.0,0,56.0,-3.0,0.05357142761479594,0.0,1.0,0
131.0,0.008,0.002,0.004,0.002,0.0,0.0,55.0,1.9,0.0,2.4,85.0,84.0,169.0,6.0,0.0,150.0,139.0,144.0,25.0,1,85.0,-5.0,0.07058823446366783,0.0,1.0,0
131.0,0.008,0.003,0.004,0.001,0.0,0.0,55.0,1.9,0.0,2.8,85.0,84.0,169.0,6.0,0.0,150.0,140.0,145.0,22.0,1,85.0,-5.0,0.07058823446366783,0.0,1.0,0
131.0,0.009,0.001,0.004,0.001,0.0,0.0,55.0,2.0,0.0,2.7,85.0,84.0,169.0,6.0,0.0,132.0,140.0,145.0,26.0,1,85.0,-5.0,0.07058823446366783,0.0,1.0,0
131.0,0.01,0.0,0.003,0.001,0.0,0.0,54.0,1.4,0.0,3.3,85.0,84.0,169.0,7.0,0.0,151.0,143.0,147.0,20.0,1,85.0,-4.0,0.08235294020761247,0.0,1.0,0
131.0,0.008,0.0,0.002,0.001,0.0,0.0,54.0,1.5,0.0,5.3,86.0,83.0,169.0,7.0,0.0,151.0,142.0,147.0,22.0,1,86.0,-5.0,0.08139534789075177,0.0,1.0,0
131.0,0.009,0.0,0.004,0.001,0.0,0.0,54.0,1.5,0.0,4.0,85.0,84.0,169.0,6.0,0.0,151.0,141.0,144.0,22.0,1,85.0,-3.0,0.07058823446366783,0.0,1.0,0
131.0,0.008,0.0,0.005,0.001,0.0,0.0,54.0,1.6,0.0,2.7,56.0,111.0,167.0,2.0,0.0,138.0,139.0,141.0,8.0,0,56.0,-2.0,0.03571428507653063,0.0,1.0,0
131.0,0.01,0.0,0.006,0.001,0.0,0.0,52.0,1.3,0.0,2.8,56.0,111.0,167.0,2.0,0.0,138.0,140.0,142.0,8.0,0,56.0,-2.0,0.03571428507653063,0.0,1.0,0
131.0,0.007,0.0,0.007,0.002,0.0,0.0,52.0,1.4,0.0,2.4,68.0,99.0,167.0,3.0,0.0,140.0,139.0,141.0,8.0,0,68.0,-2.0,0.044117646410034614,0.0,1.0,0
134.0,0.005,0.001,0.006,0.004,0.0,0.0,53.0,1.8,0.0,0.9,83.0,83.0,166.0,5.0,0.0,143.0,133.0,140.0,29.0,1,83.0,-7.0,0.06024096312962695,0.0,1.0,0
134.0,0.005,0.001,0.006,0.005,0.0,0.0,56.0,1.6,0.0,1.0,83.0,83.0,166.0,7.0,0.0,135.0,133.0,138.0,23.0,0,83.0,-5.0,0.08433734838147773,0.0,1.0,0
134.0,0.004,0.001,0.006,0.006,0.0,0.0,57.0,1.5,0.0,1.8,78.0,83.0,161.0,5.0,0.0,137.0,132.0,138.0,21.0,1,78.0,-6.0,0.06410256328073637,0.0,1.0,0
134.0,0.003,0.001,0.007,0.005,0.0,0.0,59.0,1.4,0.0,2.7,72.0,83.0,155.0,7.0,0.0,137.0,127.0,136.0,35.0,1,72.0,-9.0,0.09722222087191361,0.0,1.0,0
134.0,0.0,0.0,0.009,0.006,0.0,0.0,64.0,1.5,0.0,3.8,70.0,83.0,153.0,5.0,0.0,137.0,119.0,124.0,50.0,1,70.0,-5.0,0.07142857040816328,0.0,3.0,2
134.0,0.008,0.0,0.012,0.006,0.0,0.0,60.0,1.3,0.0,0.0,109.0,80.0,189.0,7.0,0.0,156.0,138.0,151.0,57.0,1,109.0,-13.0,0.06422018289706255,0.0,1.0,0
134.0,0.008,0.0,0.01,0.005,0.0,0.0,60.0,1.1,0.0,9.3,109.0,80.0,189.0,8.0,0.0,156.0,145.0,154.0,57.0,1,109.0,-9.0,0.07339449473950005,0.0,1.0,0
134.0,0.009,0.001,0.01,0.006,0.0,0.0,60.0,1.2,0.0,0.0,109.0,80.0,189.0,8.0,0.0,156.0,145.0,154.0,57.0,1,109.0,-9.0,0.07339449473950005,0.0,1.0,0
134.0,0.008,0.001,0.01,0.006,0.0,0.0,61.0,1.1,0.0,3.7,109.0,80.0,189.0,10.0,0.0,156.0,144.0,151.0,57.0,0,109.0,-7.0,0.09174311842437506,0.0,1.0,0
134.0,0.007,0.001,0.011,0.005,0.0,0.0,62.0,1.2,0.0,4.5,109.0,80.0,189.0,9.0,0.0,156.0,145.0,152.0,49.0,0,109.0,-7.0,0.08256880658193756,0.0,1.0,0
134.0,0.008,0.001,0.009,0.004,0.0,0.0,60.0,1.2,0.0,4.9,109.0,80.0,189.0,4.0,0.0,156.0,147.0,151.0,40.0,0,109.0,-4.0,0.036697247369750025,0.0,1.0,0
134.0,0.008,0.001,0.007,0.004,0.0,0.0,59.0,1.2,0.0,5.2,109.0,80.0,189.0,6.0,0.0,150.0,146.0,150.0,33.0,0,109.0,-4.0,0.05504587105462504,0.0,1.0,0
134.0,0.005,0.0,0.0,0.0,0.0,0.0,55.0,1.2,0.0,1.8,83.0,90.0,173.0,4.0,0.0,150.0,147.0,151.0,22.0,1,83.0,-4.0,0.04819277050370156,0.0,1.0,0
134.0,0.005,0.001,0.007,0.004,0.0,0.0,61.0,1.2,0.0,5.9,83.0,90.0,173.0,4.0,0.0,150.0,143.0,148.0,19.0,1,83.0,-5.0,0.04819277050370156,0.0,1.0,0
134.0,0.005,0.001,0.007,0.005,0.0,0.0,61.0,1.1,0.0,6.0,83.0,90.0,173.0,5.0,0.0,142.0,143.0,147.0,17.0,1,83.0,-4.0,0.06024096312962695,0.0,1.0,0
134.0,0.006,0.001,0.007,0.004,0.0,0.0,62.0,1.1,0.0,4.9,83.0,90.0,173.0,5.0,0.0,148.0,142.0,147.0,17.0,1,83.0,-5.0,0.06024096312962695,0.0,1.0,0
134.0,0.005,0.0,0.006,0.004,0.0,0.0,62.0,1.1,0.0,4.9,83.0,90.0,173.0,5.0,0.0,142.0,142.0,146.0,15.0,0,83.0,-4.0,0.06024096312962695,0.0,1.0,0
134.0,0.007,0.0,0.006,0.002,0.0,0.0,63.0,1.0,0.0,3.8,83.0,90.0,173.0,3.0,0.0,149.0,144.0,147.0,15.0,1,83.0,-3.0,0.03614457787777617,0.0,1.0,0
134.0,0.008,0.002,0.003,0.005,0.0,0.0,63.0,0.9,0.0,2.5,100.0,88.0,188.0,8.0,0.0,151.0,140.0,146.0,36.0,0,100.0,-6.0,0.0799999992,0.0,1.0,0
134.0,0.009,0.001,0.006,0.005,0.0,0.0,60.0,1.1,0.0,0.5,99.0,88.0,187.0,6.0,0.0,151.0,145.0,151.0,38.0,0,99.0,-6.0,0.060606059993878185,0.0,1.0,0
134.0,0.009,0.001,0.006,0.005,0.0,0.0,59.0,1.2,0.0,0.6,99.0,88.0,187.0,5.0,0.0,151.0,145.0,151.0,42.0,0,99.0,-6.0,0.050505049994898486,0.0,1.0,0
134.0,0.008,0.002,0.008,0.005,0.0,0.0,59.0,1.1,0.0,0.0,99.0,88.0,187.0,5.0,0.0,151.0,145.0,152.0,44.0,0,99.0,-7.0,0.050505049994898486,0.0,1.0,0
134.0,0.008,0.001,0.009,0.005,0.0,0.0,57.0,1.2,0.0,0.0,95.0,92.0,187.0,4.0,0.0,151.0,147.0,154.0,44.0,0,95.0,-7.0,0.04210526271468144,0.0,1.0,0
134.0,0.009,0.0,0.01,0.005,0.0,0.0,57.0,1.2,0.0,0.0,101.0,86.0,187.0,3.0,0.0,151.0,148.0,155.0,47.0,1,101.0,-7.0,0.029702970002940893,0.0,1.0,0
134.0,0.011,0.0,0.01,0.004,0.0,0.0,56.0,1.4,0.0,0.0,101.0,86.0,187.0,5.0,0.0,151.0,152.0,160.0,44.0,1,101.0,-8.0,0.04950495000490149,0.0,1.0,0
134.0,0.011,0.001,0.008,0.005,0.0,0.0,55.0,1.5,0.0,0.0,101.0,86.0,187.0,5.0,0.0,151.0,149.0,157.0,49.0,1,101.0,-8.0,0.04950495000490149,0.0,1.0,0
134.0,0.002,0.002,0.0,0.002,0.0,0.0,63.0,1.5,0.0,0.0,100.0,71.0,171.0,4.0,0.0,100.5,105.0,105.0,57.0,-1,100.0,0.0,0.0399999996,0.0,3.0,2
134.0,0.005,0.002,0.002,0.003,0.0,0.0,62.0,1.5,0.0,0.0,113.0,71.0,184.0,4.0,0.0,100.5,113.0,110.0,57.0,-1,113.0,3.0,0.035398229775236906,0.0,3.0,2
134.0,0.004,0.001,0.001,0.004,0.0,0.0,60.0,1.6,0.0,0.0,113.0,71.0,184.0,7.0,0.0,100.5,118.0,113.0,57.0,-1,113.0,5.0,0.061946902106664585,0.0,3.0,2
134.0,0.004,0.001,0.001,0.003,0.0,0.0,61.0,1.8,0.0,0.0,118.0,66.0,184.0,6.0,0.0,100.5,112.0,111.0,57.0,-1,118.0,1.0,0.05084745719620799,0.0,3.0,2
134.0,0.004,0.001,0.001,0.003,0.0,0.0,62.0,1.8,0.0,0.0,118.0,66.0,184.0,5.0,0.0,100.5,106.0,107.0,57.0,-1,118.0,-1.0,0.042372880996839994,0.0,3.0,2
134.0,0.003,0.0,0.0,0.0,0.0,0.0,64.0,1.7,0.0,0.0,114.0,66.0,180.0,6.0,0.0,100.5,101.0,102.0,57.0,-1,114.0,-1.0,0.05263157848568791,0.0,3.0,2
134.0,0.003,0.0,0.0,0.0,0.0,0.0,65.0,1.8,0.0,0.0,114.0,66.0,180.0,8.0,0.0,100.5,100.0,101.0,57.0,-1,114.0,-1.0,0.07017543798091722,0.0,3.0,2
134.0,0.004,0.0,0.0,0.001,0.0,0.0,64.0,1.9,0.0,0.0,120.0,66.0,186.0,9.0,0.0,100.5,104.0,106.0,57.0,-1,120.0,-2.0,0.074999999375,0.0,3.0,2
160.0,0.01,0.0,0.008,0.0,0.0,0.0,58.0,0.8,0.0,8.2,74.0,131.0,205.0,7.0,0.0,176.5,170.0,174.0,14.0,0,74.0,-4.0,0.09459459331628928,0.0,1.0,0
120.0,0.002,0.0,0.001,0.007500000000000001,0.0,0.0,57.0,1.3,0.0,7.5,78.0,79.0,157.0,4.0,0.0,113.0,115.0,119.0,25.0,0,78.0,-4.0,0.0512820506245891,0.0,1.0,0
120.0,0.003,0.0,0.001,0.007500000000000001,0.0,0.0,58.0,1.2,0.0,7.3,78.0,79.0,157.0,3.0,0.0,128.0,114.0,118.0,39.0,0,78.0,-4.0,0.038461537968441824,0.0,1.0,0
120.0,0.003,0.0,0.001,0.007500000000000001,0.0,0.0,57.0,1.5,0.0,8.0,78.0,79.0,157.0,5.0,0.0,113.0,115.0,119.0,28.0,0,78.0,-4.0,0.06410256328073637,0.0,1.0,0
120.0,0.0,0.0,0.003,0.007500000000000001,0.0,0.0,59.0,1.6,0.0,9.8,85.0,69.0,154.0,4.0,0.0,100.5,107.0,107.0,57.0,0,85.0,0.0,0.047058822975778555,0.0,3.0,2
120.0,0.0,0.0,0.004,0.007500000000000001,0.0,0.0,59.0,1.6,0.0,11.1,83.0,69.0,152.0,4.0,0.0,100.5,106.0,106.0,56.0,0,83.0,0.0,0.04819277050370156,0.0,3.0,2
120.0,0.0,0.0,0.004,0.007500000000000001,0.0,0.0,59.0,1.6,0.0,10.8,83.0,69.0,152.0,4.0,0.0,105.0,106.0,107.0,31.0,0,83.0,-1.0,0.04819277050370156,0.0,3.0,2
120.0,0.0,0.0,0.005,0.007500000000000001,0.0,0.0,60.0,1.6,0.0,9.0,85.0,69.0,154.0,4.0,0.0,100.5,105.0,105.0,57.0,0,85.0,0.0,0.047058822975778555,0.0,3.0,2
120.0,0.0,0.0,0.005,0.007500000000000001,0.0,0.0,62.0,1.5,0.0,8.8,85.0,69.0,154.0,5.0,0.0,100.5,102.0,101.0,57.0,-1,85.0,1.0,0.05882352871972319,0.0,3.0,2
120.0,0.0,0.0,0.005,0.006,0.0,0.0,62.0,1.5,0.0,9.3,85.0,69.0,154.0,4.0,0.0,100.5,101.0,100.5,57.0,-1,85.0,0.5,0.047058822975778555,0.0,3.0,2
120.0,0.0,0.0,0.004,0.007,0.0,0.0,64.0,1.3,0.0,8.4,85.0,69.0,154.0,3.0,0.0,100.5,97.0,100.5,48.0,-1,85.0,-3.5,0.03529411723183391,0.0,3.0,2
120.0,0.0,0.0,0.005,0.006,0.0,0.0,64.0,1.1,0.0,8.1,85.0,69.0,154.0,2.0,0.0,100.5,98.0,100.5,44.0,-1,85.0,-2.5,0.023529411487889278,0.0,3.0,2
120.0,0.0,0.0,0.003,0.006,0.0,0.0,62.0,1.3,0.0,9.4,83.0,69.0,152.0,6.0,0.0,100.5,101.0,101.0,56.0,0,83.0,0.0,0.07228915575555234,0.0,3.0,2
120.0,0.0,0.0,0.001,0.007,0.0,0.0,64.0,1.1,0.0,0.0,80.0,74.0,154.0,3.0,0.0,100.5,99.0,100.5,40.0,-1,80.0,-1.5,0.03749999953125001,0.0,3.0,2
120.0,0.0,0.0,0.002,0.007500000000000001,0.0,0.0,63.0,1.3,0.0,0.0,83.0,69.0,152.0,6.0,0.0,107.0,100.0,101.0,26.0,0,83.0,-1.0,0.07228915575555234,0.0,3.0,2
120.0,0.0,0.0,0.002,0.007500000000000001,0.0,0.0,64.0,1.3,0.0,0.0,77.0,69.0,146.0,8.0,0.0,100.5,98.0,100.5,38.0,0,77.0,-2.5,0.10389610254680387,0.0,3.0,2
120.0,0.0,0.0,0.005,0.007500000000000001,0.0,0.0,64.0,1.7,0.0,0.0,111.0,63.0,174.0,10.0,0.0,100.5,95.0,102.0,43.0,-1,111.0,-7.0,0.09009008927846766,0.0,3.0,2
120.0,0.0,0.0,0.004,0.007500000000000001,0.0,0.0,63.0,2.0,0.0,0.0,128.0,63.0,191.0,12.0,0.0,107.0,95.0,106.0,36.0,-1,128.0,-11.0,0.09374999926757813,0.0,3.0,2
120.0,0.0,0.0,0.004,0.007500000000000001,0.0,0.0,62.0,1.9,0.0,3.9,128.0,63.0,191.0,10.0,0.0,107.0,95.0,105.0,37.0,-1,128.0,-10.0,0.07812499938964844,0.0,3.0,2
120.0,0.0,0.0,0.005,0.007500000000000001,0.0,0.0,64.0,1.7,0.0,0.0,111.0,63.0,174.0,10.0,0.0,100.5,95.0,101.0,42.0,-1,111.0,-6.0,0.09009008927846766,0.0,3.0,2
121.0,0.003,0.002,0.003,0.005,0.0,0.0,58.0,1.5,0.0,8.9,96.0,67.0,163.0,7.0,0.0,122.0,116.0,120.0,25.0,0,96.0,-4.0,0.07291666590711807,0.0,1.0,0
121.0,0.004,0.002,0.004,0.006,0.0,0.0,58.0,1.7,0.0,8.4,96.0,67.0,163.0,6.0,0.0,122.0,115.0,120.0,31.0,0,96.0,-5.0,0.06249999934895834,0.0,1.0,0
121.0,0.003,0.002,0.002,0.004,0.0,0.0,57.0,1.6,0.0,13.6,99.0,67.0,166.0,7.0,0.0,122.0,119.0,123.0,24.0,0,99.0,-4.0,0.07070706999285788,0.0,1.0,0
121.0,0.006,0.002,0.004,0.002,0.0,0.0,57.0,1.3,0.0,14.1,76.0,90.0,166.0,3.0,0.0,124.0,126.0,126.0,17.0,0,76.0,0.0,0.03947368369113574,0.0,1.0,0
121.0,0.005,0.002,0.001,0.0,0.0,0.0,55.0,1.4,0.0,13.7,73.0,96.0,169.0,6.0,0.0,124.0,127.0,127.0,19.0,0,73.0,0.0,0.08219177969600303,0.0,1.0,0
121.0,0.007,0.003,0.001,0.0,0.0,0.0,54.0,1.7,0.0,9.9,73.0,96.0,169.0,7.0,0.0,124.0,129.0,130.0,24.0,0,73.0,-1.0,0.09589040964533686,0.0,1.0,0
121.0,0.006,0.002,0.004,0.002,0.0,0.0,56.0,1.4,0.0,12.3,79.0,90.0,169.0,3.0,0.0,124.0,126.0,127.0,19.0,0,79.0,-1.0,0.03797468306361161,0.0,1.0,0
121.0,0.004,0.002,0.002,0.003,0.0,0.0,56.0,1.4,0.0,14.0,88.0,81.0,169.0,4.0,0.0,124.0,123.0,125.0,23.0,0,88.0,-2.0,0.04545454493801654,0.0,1.0,0
121.0,0.004,0.002,0.002,0.005,0.0,0.0,56.0,1.6,0.0,13.6,99.0,70.0,169.0,5.0,0.0,124.0,121.0,124.0,28.0,0,99.0,-3.0,0.050505049994898486,0.0,1.0,0
121.0,0.005,0.003,0.005,0.004,0.0,0.0,55.0,1.8,0.0,10.6,99.0,70.0,169.0,9.0,0.0,124.0,122.0,126.0,33.0,0,99.0,-4.0,0.09090908999081727,0.0,1.0,0
121.0,0.006,0.004,0.004,0.006,0.0,0.0,56.0,1.9,0.0,3.0,99.0,70.0,169.0,5.0,0.0,124.0,121.0,127.0,38.0,0,99.0,-6.0,0.050505049994898486,0.0,1.0,0
121.0,0.005,0.004,0.005,0.006,0.0,0.0,56.0,1.8,0.0,2.6,99.0,70.0,169.0,6.0,0.0,124.0,120.0,125.0,37.0,0,99.0,-5.0,0.060606059993878185,0.0,1.0,0
121.0,0.004,0.003,0.006,0.007500000000000001,0.0,0.0,58.0,1.8,0.0,2.4,107.0,62.0,169.0,8.0,0.0,114.0,113.0,120.0,55.0,0,107.0,-7.0,0.07476635444143594,0.0,1.0,0
121.0,0.0,0.002,0.002,0.007500000000000001,0.0,0.0,61.0,2.0,0.0,4.9,98.0,62.0,160.0,8.0,0.0,114.0,100.0,106.0,57.0,0,98.0,-6.0,0.08163265222823825,0.0,3.0,2
121.0,0.0,0.001,0.004,0.007500000000000001,0.0,0.0,66.0,2.1,0.0,6.4,105.0,55.0,160.0,7.0,0.0,100.5,95.0,100.5,57.0,-1,105.0,-5.5,0.06666666603174604,0.0,3.0,2
121.0,0.0,0.001,0.003,0.007500000000000001,0.0,0.0,67.0,2.1,0.0,0.0,102.0,55.0,157.0,4.0,0.0,100.5,95.0,100.5,57.0,-1,102.0,-5.5,0.0392156858900423,0.0,3.0,2
121.0,0.0,0.001,0.005,0.007500000000000001,0.0,0.0,66.0,2.1,0.0,0.0,102.0,55.0,157.0,5.0,0.0,100.5,95.0,100.5,57.0,-1,102.0,-5.5,0.04901960736255287,0.0,3.0,2
121.0,0.0,0.001,0.003,0.007500000000000001,0.0,0.0,68.0,2.1,0.0,0.0,102.0,55.0,157.0,3.0,0.0,100.5,95.0,100.5,57.0,-1,102.0,-5.5,0.02941176441753172,0.0,3.0,2
121.0,0.0,0.0,0.004,0.007500000000000001,0.0,0.0,70.0,1.9,0.0,0.0,102.0,55.0,157.0,6.0,0.0,100.5,95.0,100.5,57.0,-1,102.0,-5.5,0.05882352883506344,0.0,3.0,2
143.0,0.01,0.0,0.001,0.0,0.0,0.0,59.0,0.8,0.0,7.2,72.0,96.0,168.0,3.0,0.0,152.0,146.0,150.0,8.0,1,72.0,-4.0,0.041666666087962975,0.0,1.0,0
143.0,0.008,0.0,0.003,0.002,0.0,0.0,60.0,2.0,0.0,3.6,79.0,101.0,180.0,9.0,0.0,146.0,144.0,151.0,18.0,0,79.0,-7.0,0.11392404919083482,0.0,1.0,0
143.0,0.008,0.0,0.002,0.0,0.0,0.0,60.0,2.2,0.0,3.9,79.0,101.0,180.0,8.0,0.0,150.0,132.0,153.0,14.0,0,79.0,-21.0,0.10126582150296429,0.0,1.0,0
143.0,0.0,0.0,0.004,0.0,0.0,0.0,66.0,0.4,4.0,10.2,22.0,132.0,154.0,1.0,0.0,144.0,143.0,145.0,1.0,0,22.0,-2.0,0.045454543388429844,0.0,1.0,0
143.0,0.0,0.0,0.004,0.0,0.0,0.0,66.0,0.4,5.0,10.0,24.0,134.0,158.0,1.0,0.0,144.0,144.0,145.0,1.0,0,24.0,-1.0,0.041666664930555625,0.0,1.0,0
143.0,0.0,0.0,0.004,0.0,0.0,0.0,66.0,0.4,4.0,9.9,22.0,132.0,154.0,0.0,0.0,144.0,143.0,145.0,1.0,0,22.0,-2.0,0.0,0.0,1.0,0
143.0,0.0,0.0,0.003,0.0,0.0,0.0,67.0,0.4,6.0,9.6,26.0,133.0,159.0,1.0,0.0,144.0,144.0,145.0,1.0,0,26.0,-1.0,0.03846153698224858,0.0,1.0,0
143.0,0.0,0.0,0.003,0.0,0.0,0.0,67.0,0.3,6.0,9.6,24.0,134.0,158.0,1.0,0.0,144.0,144.0,146.0,1.0,0,24.0,-2.0,0.041666664930555625,0.0,1.0,0
143.0,0.0,0.0,0.002,0.0,0.0,0.0,68.0,0.3,5.0,9.4,23.0,135.0,158.0,1.0,0.0,144.0,144.0,145.0,1.0,0,23.0,-1.0,0.04347825897920613,0.0,1.0,0
143.0,0.0,0.0,0.001,0.0,0.0,0.0,68.0,0.3,5.0,9.4,26.0,133.0,159.0,1.0,0.0,144.0,144.0,145.0,1.0,0,26.0,-1.0,0.03846153698224858,0.0,1.0,0
143.0,0.0,0.0,0.001,0.0,0.0,0.0,68.0,0.3,6.0,9.6,27.0,132.0,159.0,1.0,0.0,144.0,144.0,146.0,1.0,0,27.0,-2.0,0.037037035665294975,0.0,1.0,0
143.0,0.0,0.0,0.001,0.0,0.0,0.0,69.0,0.3,6.0,9.7,25.0,133.0,158.0,1.0,0.0,145.0,144.0,146.0,1.0,0,25.0,-2.0,0.03999999840000006,0.0,1.0,0
143.0,0.0,0.0,0.001,0.0,0.0,0.0,69.0,0.3,6.0,9.4,27.0,132.0,159.0,1.0,0.0,145.0,144.0,146.0,1.0,0,27.0,-2.0,0.037037035665294975,0.0,1.0,0
143.0,0.0,0.0,0.001,0.0,0.0,0.0,69.0,0.3,8.0,9.9,27.0,132.0,159.0,1.0,0.0,146.0,145.0,146.0,1.0,0,27.0,-1.0,0.037037035665294975,0.0,1.0,0
143.0,0.0,0.0,0.003,0.0,0.0,0.0,67.0,0.3,4.0,10.5,25.0,133.0,158.0,1.0,0.0,146.0,145.0,147.0,1.0,0,25.0,-2.0,0.03999999840000006,0.0,1.0,0
143.0,0.0,0.0,0.006,0.0,0.0,0.0,67.0,0.4,4.0,13.3,56.0,106.0,162.0,3.0,0.0,146.0,145.0,147.0,2.0,1,56.0,-2.0,0.05357142761479594,0.0,1.0,0
143.0,0.0,0.0,0.003,0.0,0.0,0.0,68.0,0.3,5.0,10.3,27.0,132.0,159.0,1.0,0.0,146.0,145.0,147.0,1.0,0,27.0,-2.0,0.037037035665294975,0.0,1.0,0
143.0,0.0,0.0,0.007,0.0,0.0,0.0,66.0,0.4,4.0,13.6,56.0,106.0,162.0,4.0,0.0,146.0,145.0,147.0,2.0,1,56.0,-2.0,0.07142857015306125,0.0,1.0,0
143.0,0.0,0.0,0.003,0.0,0.0,0.0,66.0,0.4,4.0,12.4,56.0,106.0,162.0,4.0,0.0,145.0,144.0,146.0,1.0,1,56.0,-2.0,0.07142857015306125,0.0,1.0,0
139.0,0.012,0.001,0.006,0.0,0.0,0.0,53.0,1.4,0.0,18.1,108.0,96.0,204.0,5.0,0.0,144.0,153.0,152.0,47.0,0,108.0,1.0,0.04629629586762689,0.0,1.0,0
139.0,0.009,0.0,0.007,0.0,0.0,0.0,54.0,1.0,0.0,18.1,85.0,96.0,181.0,5.0,0.0,148.0,147.0,148.0,12.0,0,85.0,-1.0,0.05882352871972319,0.0,1.0,0
139.0,0.009,0.0,0.006,0.0,0.0,0.0,54.0,1.0,0.0,18.9,93.0,96.0,189.0,6.0,0.0,144.0,150.0,150.0,25.0,0,93.0,0.0,0.06451612833853626,0.0,1.0,0
139.0,0.011,0.001,0.007,0.0,0.0,0.0,53.0,1.5,0.0,20.1,107.0,97.0,204.0,7.0,0.0,152.0,155.0,153.0,39.0,0,107.0,2.0,0.06542056013625645,0.0,1.0,0
139.0,0.011,0.001,0.005,0.0,0.0,0.0,52.0,1.6,0.0,20.0,107.0,97.0,204.0,8.0,0.0,138.0,155.0,153.0,57.0,0,107.0,2.0,0.07476635444143594,0.0,1.0,0
141.0,0.006,0.0,0.006,0.0,0.0,0.0,58.0,1.3,0.0,5.7,78.0,94.0,172.0,6.0,0.0,142.0,142.0,147.0,8.0,0,78.0,-5.0,0.07692307593688365,0.0,1.0,0
141.0,0.001,0.0,0.007,0.0,0.0,0.0,65.0,0.5,1.0,11.7,24.0,133.0,157.0,1.0,0.0,150.0,147.0,149.0,2.0,1,24.0,-2.0,0.041666664930555625,0.0,1.0,0
141.0,0.001,0.0,0.008,0.0,0.0,0.0,67.0,0.4,0.0,11.2,24.0,133.0,157.0,0.0,0.0,150.0,147.0,149.0,1.0,1,24.0,-2.0,0.0,0.0,1.0,0
133.0,0.002,0.001,0.009,0.003,0.0,0.0,56.0,2.2,0.0,7.2,90.0,71.0,161.0,2.0,0.0,139.0,120.0,139.0,19.0,1,90.0,-19.0,0.022222221975308647,0.0,1.0,0
133.0,0.003,0.001,0.01,0.004,0.0,0.0,57.0,1.9,0.0,6.2,90.0,71.0,161.0,7.0,0.0,140.0,124.0,140.0,20.0,1,90.0,-16.0,0.07777777691358026,0.0,1.0,0
140.0,0.0,0.002,0.004,0.007500000000000001,0.0,0.0,62.0,1.4,0.0,4.9,93.0,66.0,159.0,5.0,0.0,142.0,134.0,144.0,30.0,1,93.0,-10.0,0.053763440282113543,0.0,1.0,0
140.0,0.0,0.001,0.003,0.007,0.0,0.0,62.0,1.2,0.0,3.9,93.0,66.0,159.0,5.0,0.0,142.0,136.0,144.0,26.0,1,93.0,-8.0,0.053763440282113543,0.0,1.0,0
140.0,0.0,0.001,0.002,0.007500000000000001,0.0,0.0,61.0,1.3,0.0,3.9,93.0,66.0,159.0,7.0,0.0,142.0,135.0,144.0,24.0,1,93.0,-9.0,0.07526881639495897,0.0,1.0,0
140.0,0.0,0.001,0.003,0.007500000000000001,0.0,0.0,61.0,1.3,0.0,4.0,94.0,65.0,159.0,6.0,0.0,142.0,134.0,143.0,25.0,1,94.0,-9.0,0.06382978655500227,0.0,1.0,0
140.0,0.0,0.002,0.002,0.007500000000000001,0.0,0.0,61.0,1.4,0.0,4.8,96.0,63.0,159.0,6.0,0.0,142.0,133.0,143.0,29.0,1,96.0,-10.0,0.06249999934895834,0.0,1.0,0
140.0,0.0,0.001,0.002,0.007500000000000001,0.0,0.0,60.0,1.3,0.0,3.9,94.0,65.0,159.0,7.0,0.0,142.0,134.0,143.0,27.0,1,94.0,-9.0,0.07446808431416932,0.0,1.0,0
140.0,0.0,0.002,0.002,0.007500000000000001,0.0,0.0,60.0,1.4,0.0,4.7,96.0,63.0,159.0,8.0,0.0,142.0,133.0,143.0,29.0,1,96.0,-10.0,0.08333333246527778,0.0,1.0,0
140.0,0.0,0.002,0.003,0.007500000000000001,0.0,0.0,60.0,1.5,0.0,6.2,105.0,63.0,168.0,8.0,0.0,142.0,125.0,143.0,26.0,1,105.0,-18.0,0.07619047546485262,0.0,1.0,0
140.0,0.0,0.001,0.003,0.007500000000000001,0.0,0.0,60.0,1.5,0.0,6.5,105.0,63.0,168.0,8.0,0.0,142.0,124.0,142.0,25.0,1,105.0,-18.0,0.07619047546485262,0.0,1.0,0
140.0,0.0,0.001,0.003,0.007,0.0,0.0,61.0,1.4,0.0,10.0,105.0,63.0,168.0,8.0,0.0,142.0,125.0,143.0,23.0,1,105.0,-18.0,0.07619047546485262,0.0,1.0,0
140.0,0.0,0.003,0.003,0.007500000000000001,0.0,0.0,60.0,1.8,0.0,8.4,107.0,52.0,159.0,7.0,0.0,142.0,124.0,141.0,34.0,1,107.0,-17.0,0.06542056013625645,0.0,1.0,0
140.0,0.0,0.004,0.002,0.007,0.0,0.0,59.0,1.8,0.0,8.8,102.0,52.0,154.0,5.0,0.0,142.0,122.0,141.0,34.0,1,102.0,-19.0,0.04901960736255287,0.0,1.0,0
137.0,0.0,0.004,0.002,0.006,0.0,0.0,59.0,2.0,0.0,9.8,116.0,52.0,168.0,6.0,0.0,142.0,121.0,141.0,34.0,1,116.0,-20.0,0.05172413748513675,0.0,1.0,0
137.0,0.0,0.004,0.002,0.007,0.0,0.0,59.0,1.8,0.0,8.6,102.0,52.0,154.0,10.0,0.0,142.0,123.0,141.0,35.0,1,102.0,-18.0,0.09803921472510574,0.0,1.0,0
137.0,0.002,0.005,0.003,0.006,0.0,0.0,58.0,1.9,0.0,7.8,116.0,52.0,168.0,9.0,0.0,142.0,130.0,139.0,38.0,1,116.0,-9.0,0.07758620622770512,0.0,1.0,0
137.0,0.002,0.004,0.01,0.007,0.0,0.0,58.0,1.8,0.0,5.5,116.0,52.0,168.0,7.0,0.0,139.0,130.0,139.0,32.0,1,116.0,-9.0,0.060344827065992875,0.0,1.0,0
137.0,0.002,0.004,0.007,0.006,0.0,0.0,58.0,1.9,0.0,3.9,109.0,52.0,161.0,8.0,0.0,139.0,132.0,140.0,28.0,1,109.0,-8.0,0.07339449473950005,0.0,1.0,0
137.0,0.002,0.002,0.007,0.006,0.0,0.0,58.0,1.8,0.0,5.9,106.0,60.0,166.0,6.0,0.0,139.0,133.0,141.0,22.0,1,106.0,-8.0,0.0566037730509078,0.0,1.0,0
137.0,0.0,0.001,0.006,0.004,0.0,0.0,59.0,1.9,0.0,6.5,102.0,64.0,166.0,5.0,0.0,139.0,133.0,140.0,14.0,1,102.0,-7.0,0.04901960736255287,0.0,1.0,0
137.0,0.0,0.001,0.007,0.004,0.0,0.0,59.0,1.8,0.0,6.4,102.0,64.0,166.0,5.0,0.0,139.0,133.0,140.0,13.0,1,102.0,-7.0,0.04901960736255287,0.0,1.0,0
137.0,0.0,0.0,0.008,0.005,0.0,0.0,59.0,1.8,0.0,7.2,102.0,64.0,166.0,7.0,0.0,142.0,133.0,140.0,18.0,1,102.0,-7.0,0.06862745030757401,0.0,1.0,0
137.0,0.0,0.0,0.007,0.004,0.0,0.0,59.0,1.8,0.0,6.6,102.0,64.0,166.0,8.0,0.0,142.0,134.0,140.0,16.0,1,102.0,-6.0,0.0784313717800846,0.0,1.0,0
137.0,0.0,0.0,0.007,0.003,0.0,0.0,58.0,1.9,0.0,6.5,102.0,64.0,166.0,10.0,0.0,142.0,134.0,141.0,14.0,1,102.0,-7.0,0.09803921472510574,0.0,1.0,0
137.0,0.0,0.001,0.006,0.003,0.0,0.0,59.0,1.8,0.0,6.5,102.0,64.0,166.0,5.0,0.0,142.0,134.0,140.0,14.0,1,102.0,-6.0,0.04901960736255287,0.0,1.0,0
138.0,0.01,0.0,0.004,0.001,0.0,0.0,51.0,1.2,0.0,1.8,98.0,73.0,171.0,9.0,0.0,148.0,145.0,147.0,14.0,1,98.0,-2.0,0.09183673375676803,0.0,1.0,0
138.0,0.009,0.0,0.003,0.001,0.0,0.0,51.0,1.3,0.0,2.0,98.0,73.0,171.0,8.0,0.0,148.0,145.0,147.0,16.0,1,98.0,-2.0,0.08163265222823825,0.0,1.0,0
138.0,0.009,0.0,0.008,0.001,0.0,0.0,51.0,1.2,0.0,3.1,98.0,73.0,171.0,9.0,0.0,148.0,145.0,148.0,14.0,1,98.0,-3.0,0.09183673375676803,0.0,1.0,0
138.0,0.012,0.0,0.007,0.001,0.0,0.0,50.0,1.2,0.0,1.4,98.0,73.0,171.0,7.0,0.0,148.0,146.0,148.0,11.0,1,98.0,-2.0,0.07142857069970847,0.0,1.0,0
138.0,0.011,0.0,0.007,0.001,0.0,0.0,50.0,1.2,0.0,1.6,98.0,73.0,171.0,7.0,0.0,148.0,146.0,148.0,12.0,1,98.0,-2.0,0.07142857069970847,0.0,1.0,0
138.0,0.012,0.0,0.006,0.001,0.0,0.0,51.0,1.2,0.0,1.6,98.0,73.0,171.0,8.0,0.0,148.0,147.0,149.0,12.0,1,98.0,-2.0,0.08163265222823825,0.0,1.0,0
138.0,0.013,0.0,0.007,0.001,0.0,0.0,51.0,1.2,0.0,1.7,98.0,73.0,171.0,7.0,0.0,148.0,147.0,149.0,12.0,1,98.0,-2.0,0.07142857069970847,0.0,1.0,0
138.0,0.014,0.0,0.004,0.0,0.0,0.0,51.0,1.1,0.0,2.1,49.0,122.0,171.0,3.0,0.0,148.0,148.0,149.0,6.0,0,49.0,-1.0,0.06122448854643901,0.0,1.0,0
138.0,0.014,0.0,0.006,0.0,0.0,0.0,51.0,0.9,0.0,0.6,49.0,122.0,171.0,2.0,0.0,147.0,149.0,149.0,5.0,0,49.0,0.0,0.040816325697626006,0.0,1.0,0
138.0,0.015000000000000001,0.0,0.005,0.0,0.0,0.0,51.0,0.9,0.0,0.1,49.0,122.0,171.0,3.0,0.0,147.0,149.0,150.0,6.0,0,49.0,-1.0,0.06122448854643901,0.0,1.0,0
138.0,0.015000000000000001,0.0,0.004,0.0,0.0,0.0,51.0,0.9,0.0,0.2,49.0,122.0,171.0,4.0,0.0,147.0,149.0,150.0,5.0,0,49.0,-1.0,0.08163265139525201,0.0,1.0,0
138.0,0.015,0.0,0.004,0.0,0.0,0.0,51.0,0.9,0.0,1.9,49.0,122.0,171.0,2.0,0.0,147.0,148.0,149.0,5.0,0,49.0,-1.0,0.040816325697626006,0.0,1.0,0
138.0,0.014,0.0,0.004,0.0,0.0,0.0,51.0,0.9,0.0,2.2,49.0,122.0,171.0,3.0,0.0,147.0,148.0,149.0,5.0,0,49.0,-1.0,0.06122448854643901,0.0,1.0,0
138.0,0.015000000000000001,0.0,0.0,0.0,0.0,0.0,51.0,1.0,0.0,2.4,64.0,107.0,171.0,2.0,0.0,147.0,148.0,149.0,7.0,0,64.0,-1.0,0.031249999511718758,0.0,1.0,0
138.0,0.014,0.0,0.003,0.0,0.0,0.0,51.0,1.0,0.0,2.7,64.0,107.0,171.0,3.0,0.0,147.0,148.0,149.0,6.0,0,64.0,-1.0,0.04687499926757814,0.0,1.0,0
138.0,0.013,0.0,0.003,0.001,0.0,0.0,50.0,1.1,0.0,2.9,87.0,84.0,171.0,4.0,0.0,147.0,147.0,148.0,10.0,1,87.0,-1.0,0.04597701096578148,0.0,1.0,0
138.0,0.014,0.0,0.003,0.001,0.0,0.0,50.0,1.3,0.0,1.9,87.0,84.0,171.0,5.0,0.0,147.0,146.0,148.0,11.0,1,87.0,-2.0,0.057471263707226855,0.0,1.0,0
138.0,0.015,0.0,0.003,0.0,0.0,0.0,50.0,1.0,0.0,2.2,72.0,99.0,171.0,5.0,0.0,147.0,147.0,148.0,7.0,1,72.0,-1.0,0.06944444347993829,0.0,1.0,0
138.0,0.008,0.0,0.0,0.003,0.0,0.0,49.0,1.6,0.0,4.7,92.0,80.0,172.0,4.0,0.0,142.0,142.0,145.0,21.0,1,92.0,-3.0,0.04347826039697543,0.0,1.0,0
138.0,0.007,0.0,0.002,0.004,0.0,0.0,49.0,1.6,0.0,6.0,92.0,80.0,172.0,5.0,0.0,142.0,141.0,145.0,23.0,1,92.0,-4.0,0.05434782549621929,0.0,1.0,0
138.0,0.006,0.0,0.003,0.004,0.0,0.0,49.0,1.6,0.0,5.7,92.0,80.0,172.0,5.0,0.0,142.0,140.0,144.0,22.0,1,92.0,-4.0,0.05434782549621929,0.0,1.0,0
138.0,0.006,0.002,0.002,0.005,0.0,0.0,50.0,1.7,0.0,5.6,102.0,70.0,172.0,6.0,0.0,142.0,139.0,144.0,26.0,1,102.0,-5.0,0.05882352883506344,0.0,1.0,0
138.0,0.004,0.002,0.004,0.006,0.0,0.0,50.0,1.9,0.0,5.6,102.0,70.0,172.0,8.0,0.0,142.0,137.0,142.0,32.0,1,102.0,-5.0,0.0784313717800846,0.0,1.0,0
138.0,0.003,0.002,0.006,0.007,0.0,0.0,50.0,2.3,0.0,4.6,102.0,70.0,172.0,7.0,0.0,138.0,135.0,140.0,26.0,1,102.0,-5.0,0.06862745030757401,0.0,1.0,0
138.0,0.003,0.002,0.007,0.007500000000000001,0.0,0.0,51.0,2.3,0.0,4.5,112.0,60.0,172.0,6.0,0.0,138.0,131.0,139.0,41.0,1,112.0,-8.0,0.05357142809311225,0.0,1.0,0
138.0,0.002,0.002,0.004,0.007500000000000001,0.0,0.0,51.0,2.5,0.0,5.2,112.0,60.0,172.0,4.0,0.0,138.0,129.0,138.0,46.0,1,112.0,-9.0,0.03571428539540817,0.0,1.0,0
138.0,0.002,0.002,0.004,0.007500000000000001,0.0,0.0,51.0,2.4,0.0,5.8,102.0,70.0,172.0,9.0,0.0,135.0,132.0,138.0,32.0,1,102.0,-6.0,0.08823529325259517,0.0,1.0,0
138.0,0.003,0.003,0.005,0.007500000000000001,0.0,0.0,50.0,2.4,0.0,6.0,102.0,70.0,172.0,6.0,0.0,138.0,132.0,138.0,30.0,1,102.0,-6.0,0.05882352883506344,0.0,1.0,0
138.0,0.001,0.003,0.006,0.007500000000000001,0.0,0.0,52.0,2.6,0.0,2.4,104.0,60.0,164.0,4.0,0.0,135.0,124.0,135.0,48.0,1,104.0,-11.0,0.03846153809171598,0.0,1.0,0
138.0,0.0,0.002,0.009,0.007500000000000001,0.0,0.0,60.0,2.6,0.0,0.0,106.0,55.0,161.0,8.0,0.0,117.0,99.0,117.0,57.0,0,106.0,-18.0,0.0754716974012104,0.0,3.0,2
138.0,0.0,0.002,0.009,0.007500000000000001,0.0,0.0,57.0,2.6,0.0,0.7,106.0,55.0,161.0,6.0,0.0,135.0,107.0,122.0,57.0,1,106.0,-15.0,0.0566037730509078,0.0,3.0,2
138.0,0.0,0.0,0.009,0.007500000000000001,0.0,0.0,57.0,2.5,0.0,0.7,106.0,55.0,161.0,6.0,0.0,135.0,109.0,123.0,57.0,1,106.0,-14.0,0.0566037730509078,0.0,3.0,2
138.0,0.0,0.002,0.01,0.007500000000000001,0.0,0.0,58.0,2.5,0.0,1.2,106.0,55.0,161.0,8.0,0.0,117.0,103.0,119.0,57.0,0,106.0,-16.0,0.0754716974012104,0.0,3.0,2
139.0,0.002,0.0,0.006,0.0,0.0,0.0,58.0,0.7,2.0,11.5,51.0,112.0,163.0,3.0,0.0,150.0,147.0,150.0,4.0,1,51.0,-3.0,0.05882352825836219,0.0,1.0,0
139.0,0.004,0.0,0.007,0.0,0.0,0.0,58.0,0.5,0.0,8.1,61.0,107.0,168.0,3.0,0.0,153.0,152.0,154.0,3.0,1,61.0,-2.0,0.049180327062617595,0.0,1.0,0
139.0,0.004,0.0,0.005,0.0,0.0,0.0,58.0,0.6,0.0,8.5,56.0,112.0,168.0,2.0,0.0,153.0,152.0,154.0,3.0,1,56.0,-2.0,0.03571428507653063,0.0,1.0,0
141.0,0.006,0.0,0.007,0.0,0.0,0.0,58.0,0.6,0.0,8.1,39.0,132.0,171.0,0.0,0.0,153.0,153.0,155.0,3.0,0,39.0,-2.0,0.0,0.0,1.0,0
141.0,0.005,0.0,0.006,0.0,0.0,0.0,58.0,0.5,0.0,7.8,37.0,131.0,168.0,0.0,0.0,153.0,153.0,154.0,2.0,0,37.0,-1.0,0.0,0.0,1.0,0
141.0,0.004,0.0,0.008,0.0,0.0,0.0,58.0,0.6,0.0,7.9,63.0,108.0,171.0,3.0,0.0,153.0,153.0,155.0,4.0,1,63.0,-2.0,0.04761904686318973,0.0,1.0,0
141.0,0.004,0.0,0.008,0.0,0.0,0.0,58.0,0.6,1.0,8.5,60.0,111.0,171.0,3.0,0.0,153.0,154.0,156.0,4.0,1,60.0,-2.0,0.049999999166666684,0.0,1.0,0
141.0,0.005,0.0,0.007,0.0,0.0,0.0,58.0,0.6,3.0,9.6,63.0,108.0,171.0,3.0,0.0,156.0,154.0,157.0,5.0,1,63.0,-3.0,0.04761904686318973,0.0,1.0,0
141.0,0.005,0.0,0.008,0.0,0.0,0.0,58.0,0.6,1.0,9.1,63.0,108.0,171.0,3.0,0.0,160.0,154.0,157.0,9.0,1,63.0,-3.0,0.04761904686318973,0.0,1.0,0
141.0,0.004,0.0,0.008,0.001,0.0,0.0,57.0,0.7,1.0,8.5,75.0,96.0,171.0,3.0,0.0,160.0,152.0,156.0,14.0,1,75.0,-4.0,0.03999999946666667,0.0,1.0,0
141.0,0.005,0.0,0.008,0.001,0.0,0.0,57.0,0.7,1.0,8.1,69.0,102.0,171.0,4.0,0.0,160.0,152.0,156.0,13.0,1,69.0,-4.0,0.05797101365259401,0.0,1.0,0
139.0,0.007,0.002,0.011,0.007,0.0,0.0,55.0,1.4,0.0,3.6,71.0,95.0,166.0,5.0,0.0,161.0,140.0,147.0,57.0,1,71.0,-7.0,0.07042253421940092,0.0,1.0,0
139.0,0.006,0.002,0.01,0.006,0.0,0.0,54.0,1.6,0.0,2.2,96.0,76.0,172.0,4.0,0.0,161.0,139.0,145.0,57.0,1,96.0,-6.0,0.04166666623263889,0.0,1.0,0
139.0,0.009,0.001,0.009,0.005,0.0,0.0,52.0,1.5,4.0,10.2,96.0,76.0,172.0,5.0,0.0,158.0,140.0,145.0,57.0,1,96.0,-5.0,0.05208333279079862,0.0,1.0,0
139.0,0.009,0.001,0.009,0.006,0.0,0.0,53.0,1.6,6.0,7.0,96.0,76.0,172.0,4.0,0.0,158.0,140.0,146.0,57.0,1,96.0,-6.0,0.04166666623263889,0.0,1.0,0
139.0,0.011,0.002,0.01,0.007500000000000001,0.0,0.0,51.0,1.9,0.0,0.0,96.0,76.0,172.0,5.0,0.0,147.0,136.0,141.0,42.0,1,96.0,-5.0,0.05208333279079862,0.0,1.0,0
139.0,0.011,0.001,0.008,0.007,0.0,0.0,50.0,1.5,0.0,10.0,99.0,76.0,175.0,6.0,0.0,147.0,138.0,143.0,37.0,1,99.0,-5.0,0.060606059993878185,0.0,1.0,0
139.0,0.009,0.001,0.008,0.006,0.0,0.0,50.0,1.4,0.0,14.5,102.0,76.0,178.0,8.0,0.0,162.0,142.0,147.0,57.0,1,102.0,-5.0,0.0784313717800846,0.0,1.0,0
139.0,0.01,0.001,0.008,0.004,0.0,0.0,50.0,1.4,0.0,15.0,102.0,76.0,178.0,10.0,0.0,162.0,144.0,149.0,57.0,1,102.0,-5.0,0.09803921472510574,0.0,1.0,0
139.0,0.013,0.0,0.009,0.0,0.0,0.0,50.0,0.9,0.0,13.4,71.0,107.0,178.0,4.0,0.0,162.0,153.0,158.0,25.0,1,71.0,-5.0,0.056338027375520745,0.0,1.0,0
130.0,0.006,0.0,0.014,0.007500000000000001,0.0,0.0,57.0,2.0,0.0,0.0,125.0,54.0,179.0,4.0,0.0,121.0,115.0,122.0,57.0,0,125.0,-7.0,0.031999999744,0.0,1.0,0
130.0,0.002,0.0,0.014,0.007500000000000001,0.0,0.0,59.0,2.1,0.0,0.0,127.0,50.0,177.0,8.0,0.0,121.0,101.0,115.0,57.0,0,127.0,-14.0,0.06299212548825098,0.0,3.0,2
130.0,0.002,0.0,0.012,0.007500000000000001,0.0,0.0,61.0,2.0,0.0,0.0,127.0,50.0,177.0,5.0,0.0,121.0,98.0,115.0,57.0,0,127.0,-17.0,0.039370078430156864,0.0,3.0,2
130.0,0.001,0.0,0.012,0.007500000000000001,0.0,0.0,62.0,2.0,0.0,0.0,127.0,50.0,177.0,7.0,0.0,100.5,95.0,112.0,57.0,0,127.0,-17.0,0.05511810980221961,0.0,3.0,2
130.0,0.001,0.001,0.012,0.007500000000000001,0.0,0.0,62.0,2.2,0.0,0.0,161.0,50.0,207.0,9.0,0.0,100.5,95.0,113.0,57.0,0,157.0,-18.0,0.0559006207708036,0.0,3.0,2
130.0,0.002,0.002,0.009,0.007500000000000001,0.0,0.0,63.0,2.3,0.0,0.0,161.0,50.0,207.0,5.0,0.0,100.5,95.0,113.0,57.0,-1,157.0,-18.0,0.03105590042822422,0.0,3.0,2
130.0,0.002,0.002,0.008,0.007500000000000001,0.0,0.0,64.0,2.4,0.0,0.0,161.0,50.0,207.0,8.0,0.0,100.5,95.0,112.0,57.0,-1,157.0,-17.0,0.04968944068515876,0.0,3.0,2
130.0,0.002,0.002,0.008,0.007500000000000001,0.0,0.0,64.0,2.5,0.0,0.0,161.0,50.0,207.0,7.0,0.0,100.5,95.0,114.0,57.0,-1,157.0,-19.0,0.04347826059951391,0.0,3.0,2
130.0,0.0,0.002,0.007,0.007,0.0,0.0,66.0,2.4,0.0,0.0,161.0,50.0,207.0,7.0,0.0,100.5,95.0,108.0,57.0,-1,157.0,-13.0,0.04347826059951391,0.0,3.0,2
140.0,0.003,0.001,0.007,0.004,0.0,0.0,64.0,1.2,0.0,5.9,74.0,95.0,169.0,6.0,0.0,142.0,137.0,142.0,18.0,0,74.0,-5.0,0.08108107998539081,0.0,1.0,0
140.0,0.004,0.001,0.007,0.005,0.0,0.0,64.0,1.1,0.0,3.8,73.0,96.0,169.0,5.0,0.0,146.0,140.0,144.0,16.0,0,73.0,-4.0,0.06849314974666919,0.0,1.0,0
140.0,0.004,0.0,0.006,0.004,0.0,0.0,65.0,0.9,0.0,5.5,73.0,96.0,169.0,4.0,0.0,145.0,141.0,145.0,13.0,0,73.0,-4.0,0.05479451979733535,0.0,1.0,0
140.0,0.004,0.001,0.007,0.004,0.0,0.0,64.0,1.0,0.0,5.7,69.0,96.0,165.0,4.0,0.0,145.0,139.0,144.0,17.0,1,69.0,-5.0,0.05797101365259401,0.0,1.0,0
140.0,0.004,0.001,0.008,0.005,0.0,0.0,63.0,1.2,0.0,6.2,70.0,95.0,165.0,6.0,0.0,147.0,137.0,143.0,25.0,1,70.0,-6.0,0.08571428448979594,0.0,1.0,0
140.0,0.003,0.001,0.007,0.004,0.0,0.0,63.0,1.2,0.0,5.3,68.0,93.0,161.0,4.0,0.0,143.0,136.0,143.0,19.0,1,68.0,-7.0,0.05882352854671282,0.0,1.0,0
140.0,0.002,0.001,0.007,0.004,0.0,0.0,64.0,1.2,0.0,5.9,68.0,93.0,161.0,2.0,0.0,143.0,135.0,142.0,19.0,1,68.0,-7.0,0.02941176427335641,0.0,1.0,0
140.0,0.002,0.001,0.007,0.005,0.0,0.0,64.0,1.2,0.0,6.5,66.0,95.0,161.0,5.0,0.0,143.0,134.0,141.0,21.0,1,66.0,-7.0,0.07575757460973372,0.0,1.0,0
140.0,0.002,0.001,0.008,0.004,0.0,0.0,63.0,1.4,0.0,6.6,70.0,93.0,163.0,7.0,0.0,142.0,134.0,141.0,22.0,1,70.0,-7.0,0.09999999857142859,0.0,1.0,0
140.0,0.003,0.001,0.007,0.005,0.0,0.0,63.0,1.5,0.0,7.2,153.0,75.0,207.0,9.0,0.0,142.0,120.0,142.0,22.0,0,132.0,-22.0,0.0588235290272972,0.0,1.0,0
140.0,0.002,0.003,0.006,0.006,0.0,0.0,62.0,1.6,0.0,9.1,153.0,75.0,207.0,9.0,0.0,142.0,118.0,142.0,20.0,0,132.0,-24.0,0.0588235290272972,0.0,1.0,0
140.0,0.002,0.002,0.004,0.005,0.0,0.0,63.0,1.3,1.0,9.1,153.0,75.0,207.0,7.0,0.0,142.0,121.0,143.0,17.0,0,132.0,-22.0,0.04575163368789782,0.0,1.0,0
140.0,0.001,0.002,0.006,0.006,0.0,0.0,63.0,1.5,1.0,9.5,163.0,65.0,207.0,5.0,0.0,142.0,118.0,141.0,27.0,0,142.0,-23.0,0.03067484643757763,0.0,1.0,0
140.0,0.001,0.003,0.005,0.006,0.0,0.0,62.0,1.5,1.0,7.5,163.0,65.0,207.0,5.0,0.0,142.0,118.0,142.0,27.0,0,142.0,-24.0,0.03067484643757763,0.0,1.0,0
140.0,0.0,0.003,0.005,0.004,0.0,0.0,63.0,1.2,3.0,8.1,94.0,65.0,159.0,3.0,0.0,140.0,131.0,139.0,28.0,1,94.0,-8.0,0.03191489327750113,0.0,1.0,0
140.0,0.0,0.004,0.005,0.004,0.0,0.0,63.0,1.2,3.0,8.1,94.0,65.0,159.0,2.0,0.0,140.0,133.0,140.0,22.0,1,94.0,-7.0,0.02127659551833409,0.0,1.0,0
140.0,0.0,0.007500000000000001,0.006,0.002,0.0,0.0,62.0,2.4,2.0,0.3,56.0,85.0,141.0,3.0,0.0,131.0,123.0,130.0,11.0,1,56.0,-7.0,0.05357142761479594,0.0,3.0,2
140.0,0.0,0.003,0.005,0.003,0.0,0.0,63.0,1.7,5.0,4.0,83.0,65.0,148.0,4.0,0.0,140.0,127.0,133.0,32.0,1,83.0,-6.0,0.04819277050370156,0.0,1.0,0
140.0,0.0,0.004,0.008,0.004,0.0,0.0,64.0,1.3,0.0,6.4,60.0,91.0,151.0,4.0,0.0,139.0,128.0,133.0,21.0,1,60.0,-5.0,0.06666666555555557,0.0,1.0,0
133.0,0.001,0.001,0.005,0.005,0.0,0.0,57.0,2.6,0.0,1.5,81.0,83.0,164.0,6.0,0.0,132.0,125.0,132.0,21.0,0,81.0,-7.0,0.07407407315957934,0.0,1.0,0
133.0,0.0,0.001,0.009,0.005,0.0,0.0,58.0,2.6,0.0,1.2,66.0,83.0,149.0,4.0,0.0,135.0,123.0,132.0,21.0,1,66.0,-9.0,0.06060605968778698,0.0,1.0,0
133.0,0.0,0.002,0.007,0.004,0.0,0.0,60.0,2.2,0.0,1.1,65.0,83.0,148.0,1.0,0.0,135.0,124.0,132.0,19.0,1,65.0,-8.0,0.015384615147928998,0.0,1.0,0
133.0,0.0,0.004,0.006,0.004,0.0,0.0,60.0,2.5,0.0,0.0,65.0,83.0,148.0,2.0,0.0,131.0,122.0,130.0,14.0,1,65.0,-8.0,0.030769230295857996,0.0,1.0,0
133.0,0.0,0.003,0.009,0.004,0.0,0.0,61.0,2.5,0.0,0.1,62.0,86.0,148.0,2.0,0.0,133.0,123.0,130.0,14.0,1,62.0,-7.0,0.03225806399583768,0.0,1.0,0
133.0,0.0,0.004,0.008,0.003,0.0,0.0,61.0,2.9,0.0,0.1,49.0,93.0,142.0,3.0,0.0,133.0,124.0,132.0,9.0,1,49.0,-8.0,0.06122448854643901,0.0,1.0,0
133.0,0.0,0.003,0.009,0.003,0.0,0.0,63.0,2.4,0.0,0.1,39.0,103.0,142.0,2.0,0.0,133.0,125.0,131.0,8.0,1,39.0,-6.0,0.05128204996712693,0.0,1.0,0
133.0,0.0,0.003,0.009,0.003,0.0,0.0,63.0,2.3,0.0,0.5,36.0,103.0,139.0,2.0,0.0,133.0,124.0,130.0,8.0,1,36.0,-6.0,0.05555555401234573,0.0,1.0,0
133.0,0.0,0.003,0.009,0.003,0.0,0.0,63.0,2.2,0.0,0.5,36.0,103.0,139.0,1.0,0.0,133.0,124.0,130.0,8.0,1,36.0,-6.0,0.027777777006172864,0.0,1.0,0
133.0,0.0,0.004,0.008,0.004,0.0,0.0,62.0,2.2,0.0,0.5,48.0,97.0,145.0,2.0,0.0,133.0,123.0,129.0,11.0,1,48.0,-6.0,0.041666665798611134,0.0,1.0,0
133.0,0.0,0.003,0.007,0.003,0.0,0.0,62.0,2.1,0.0,2.3,74.0,88.0,162.0,4.0,0.0,133.0,124.0,130.0,12.0,0,74.0,-6.0,0.05405405332359388,0.0,1.0,0
133.0,0.0,0.004,0.006,0.004,0.0,0.0,62.0,2.1,0.0,1.6,98.0,64.0,162.0,2.0,0.0,133.0,122.0,129.0,25.0,0,98.0,-7.0,0.020408163057059562,0.0,1.0,0
133.0,0.0,0.003,0.005,0.004,0.0,0.0,62.0,2.0,0.0,1.6,100.0,62.0,162.0,3.0,0.0,133.0,119.0,128.0,44.0,0,100.0,-9.0,0.029999999700000005,0.0,1.0,0
133.0,0.0,0.004,0.005,0.004,0.0,0.0,62.0,2.2,0.0,2.0,103.0,62.0,165.0,3.0,0.0,129.0,117.0,128.0,44.0,0,103.0,-11.0,0.02912621330945424,0.0,1.0,0
133.0,0.0,0.001,0.006,0.003,0.0,0.0,60.0,2.2,0.0,5.0,105.0,60.0,165.0,5.0,0.0,100.5,104.0,108.0,52.0,0,105.0,-4.0,0.047619047165532884,0.0,3.0,2
133.0,0.0,0.001,0.006,0.003,0.0,0.0,62.0,1.9,0.0,4.2,105.0,60.0,165.0,4.0,0.0,128.0,108.0,116.0,57.0,0,105.0,-8.0,0.03809523773242631,0.0,3.0,2
133.0,0.0,0.001,0.005,0.003,0.0,0.0,61.0,2.3,0.0,5.0,105.0,60.0,165.0,4.0,0.0,128.0,103.0,116.0,57.0,0,105.0,-13.0,0.03809523773242631,0.0,3.0,2
133.0,0.0,0.001,0.005,0.003,0.0,0.0,60.0,2.8,0.0,8.1,105.0,60.0,165.0,5.0,0.0,100.5,98.0,107.0,45.0,0,105.0,-9.0,0.047619047165532884,0.0,3.0,2
133.0,0.0,0.001,0.006,0.002,0.0,0.0,60.0,2.7,0.0,8.2,105.0,60.0,165.0,5.0,0.0,119.0,100.0,112.0,53.0,0,105.0,-12.0,0.047619047165532884,0.0,3.0,2
133.0,0.0,0.001,0.006,0.002,0.0,0.0,60.0,2.8,0.0,7.7,105.0,60.0,165.0,5.0,0.0,119.0,100.0,111.0,53.0,0,105.0,-11.0,0.047619047165532884,0.0,3.0,2
133.0,0.0,0.001,0.006,0.001,0.0,0.0,60.0,3.1,0.0,9.5,105.0,60.0,165.0,7.0,0.0,100.5,98.0,107.0,57.0,0,105.0,-9.0,0.06666666603174604,0.0,3.0,2
133.0,0.0,0.0,0.007,0.001,0.0,0.0,60.0,3.2,0.0,0.0,105.0,60.0,165.0,6.0,0.0,100.5,95.0,102.0,42.0,0,105.0,-7.0,0.05714285659863946,0.0,3.0,2
133.0,0.0,0.0,0.01,0.002,0.0,0.0,60.0,3.0,0.0,0.0,105.0,60.0,165.0,5.0,0.0,125.0,97.0,105.0,57.0,0,105.0,-8.0,0.047619047165532884,0.0,3.0,2
133.0,0.0,0.0,0.012,0.001,0.0,0.0,60.0,3.0,0.0,0.0,97.0,58.0,155.0,4.0,0.0,125.0,96.0,105.0,57.0,0,97.0,-9.0,0.04123711297693698,0.0,3.0,2
133.0,0.0,0.0,0.01,0.003,0.0,0.0,60.0,3.2,0.0,0.0,81.0,58.0,139.0,2.0,0.0,125.0,96.0,111.0,57.0,1,81.0,-15.0,0.024691357719859783,0.0,3.0,2
133.0,0.0,0.0,0.01,0.003,0.0,0.0,60.0,3.0,0.0,0.0,104.0,58.0,162.0,5.0,0.0,125.0,95.0,103.0,57.0,0,104.0,-8.0,0.048076922614644975,0.0,3.0,2
133.0,0.0,0.0,0.01,0.003,0.0,0.0,61.0,2.8,0.0,0.0,105.0,57.0,162.0,6.0,0.0,125.0,96.0,103.0,57.0,0,105.0,-7.0,0.05714285659863946,0.0,3.0,2
133.0,0.001,0.0,0.009,0.004,0.0,0.0,60.0,2.8,0.0,0.0,127.0,57.0,184.0,8.0,0.0,125.0,98.0,104.0,57.0,0,127.0,-6.0,0.06299212548825098,0.0,3.0,2
133.0,0.001,0.0,0.009,0.003,0.0,0.0,61.0,2.6,0.0,0.0,132.0,52.0,184.0,7.0,0.0,125.0,96.0,102.0,57.0,0,132.0,-6.0,0.05303030262855832,0.0,3.0,2
133.0,0.0,0.0,0.004,0.004,0.0,0.0,63.0,1.9,0.0,0.0,104.0,62.0,166.0,5.0,0.0,100.5,95.0,100.5,57.0,-1,104.0,-5.5,0.048076922614644975,0.0,3.0,2
133.0,0.001,0.0,0.009,0.004,0.0,0.0,63.0,2.1,0.0,0.0,133.0,52.0,185.0,4.0,0.0,125.0,95.0,100.5,57.0,-1,133.0,-5.5,0.03007518774379558,0.0,3.0,2
133.0,0.001,0.0,0.008,0.004,0.0,0.0,62.0,2.2,0.0,0.0,133.0,52.0,185.0,5.0,0.0,125.0,100.0,108.0,57.0,0,133.0,-8.0,0.03759398467974448,0.0,3.0,2
133.0,0.001,0.0,0.01,0.004,0.0,0.0,61.0,2.7,0.0,0.0,132.0,52.0,184.0,5.0,0.0,125.0,96.0,110.0,57.0,0,132.0,-14.0,0.03787878759182737,0.0,3.0,2
133.0,0.0,0.0,0.01,0.003,0.0,0.0,61.0,2.8,0.0,0.0,98.0,57.0,155.0,4.0,0.0,125.0,95.0,103.0,57.0,0,98.0,-8.0,0.040816326114119124,0.0,3.0,2
138.0,0.007,0.0,0.006,0.0,0.0,0.0,58.0,0.6,0.0,14.4,50.0,133.0,183.0,1.0,0.0,152.0,157.0,155.0,17.0,0,50.0,2.0,0.01999999960000001,0.0,1.0,0
138.0,0.005,0.0,0.005,0.0,0.0,0.0,58.0,0.6,0.0,19.3,46.0,137.0,183.0,3.0,0.0,149.0,160.0,161.0,27.0,1,46.0,-1.0,0.06521738988657848,0.0,1.0,0
138.0,0.011,0.0,0.005,0.0,0.0,0.0,57.0,0.7,0.0,3.7,48.0,135.0,183.0,3.0,0.0,152.0,160.0,161.0,21.0,1,48.0,-1.0,0.0624999986979167,0.0,1.0,0
138.0,0.01,0.0,0.006,0.0,0.0,0.0,57.0,0.8,0.0,3.8,51.0,127.0,178.0,3.0,0.0,149.0,150.0,150.0,10.0,0,51.0,0.0,0.05882352825836219,0.0,1.0,0
138.0,0.009,0.0,0.005,0.0,0.0,0.0,57.0,0.8,0.0,7.3,41.0,127.0,168.0,2.0,0.0,148.0,145.0,148.0,6.0,0,41.0,-3.0,0.048780486615110086,0.0,1.0,0
138.0,0.007,0.0,0.004,0.0,0.0,0.0,59.0,0.7,0.0,8.5,43.0,125.0,168.0,1.0,0.0,148.0,145.0,147.0,6.0,0,43.0,-2.0,0.023255813412655504,0.0,1.0,0
138.0,0.005,0.0,0.005,0.0,0.0,0.0,59.0,0.8,0.0,8.0,43.0,125.0,168.0,2.0,0.0,148.0,143.0,145.0,7.0,0,43.0,-2.0,0.04651162682531101,0.0,1.0,0
138.0,0.006,0.0,0.005,0.0,0.0,0.0,59.0,0.8,0.0,7.7,43.0,125.0,168.0,3.0,0.0,148.0,144.0,146.0,6.0,0,43.0,-2.0,0.06976744023796651,0.0,1.0,0
138.0,0.006,0.0,0.004,0.0,0.0,0.0,60.0,0.7,0.0,7.7,43.0,125.0,168.0,1.0,0.0,148.0,145.0,146.0,6.0,0,43.0,-1.0,0.023255813412655504,0.0,1.0,0
138.0,0.006,0.002,0.003,0.0,0.0,0.0,60.0,0.8,0.0,7.4,43.0,125.0,168.0,1.0,0.0,148.0,144.0,147.0,6.0,0,43.0,-3.0,0.023255813412655504,0.0,1.0,0
135.0,0.012,0.002,0.004,0.0,0.0,0.0,60.0,0.9,0.0,0.5,44.0,124.0,168.0,3.0,0.0,148.0,144.0,147.0,6.0,0,44.0,-3.0,0.06818181663223144,0.0,1.0,0
135.0,0.011,0.002,0.004,0.0,0.0,0.0,60.0,0.9,0.0,0.4,44.0,124.0,168.0,3.0,0.0,148.0,144.0,146.0,6.0,0,44.0,-2.0,0.06818181663223144,0.0,1.0,0
135.0,0.012,0.002,0.002,0.0,0.0,0.0,59.0,1.0,0.0,0.5,39.0,124.0,163.0,1.0,0.0,148.0,143.0,146.0,6.0,0,39.0,-3.0,0.025641024983563465,0.0,1.0,0
135.0,0.011,0.002,0.004,0.0,0.0,0.0,60.0,0.9,0.0,0.5,39.0,124.0,163.0,1.0,0.0,148.0,143.0,146.0,6.0,0,39.0,-3.0,0.025641024983563465,0.0,1.0,0
135.0,0.009,0.002,0.006,0.0,0.0,0.0,60.0,0.9,0.0,3.8,39.0,124.0,163.0,2.0,0.0,148.0,143.0,146.0,6.0,0,39.0,-3.0,0.05128204996712693,0.0,1.0,0
135.0,0.007,0.002,0.006,0.0,0.0,0.0,60.0,1.0,0.0,5.2,40.0,123.0,163.0,0.0,0.0,148.0,142.0,145.0,7.0,0,40.0,-3.0,0.0,0.0,1.0,0
135.0,0.007,0.002,0.006,0.0,0.0,0.0,62.0,0.9,1.0,8.2,41.0,119.0,160.0,1.0,0.0,148.0,142.0,146.0,8.0,0,41.0,-4.0,0.024390243307555043,0.0,1.0,0
135.0,0.006,0.002,0.008,0.0,0.0,0.0,63.0,0.8,0.0,9.5,40.0,120.0,160.0,1.0,0.0,147.0,141.0,145.0,6.0,0,40.0,-4.0,0.024999999375000016,0.0,1.0,0
135.0,0.005,0.0,0.002,0.0,0.0,0.0,63.0,0.8,0.0,9.9,41.0,119.0,160.0,1.0,0.0,147.0,141.0,143.0,7.0,0,41.0,-2.0,0.024390243307555043,0.0,1.0,0
135.0,0.003,0.0,0.002,0.0,0.0,0.0,64.0,0.7,0.0,9.5,41.0,119.0,160.0,2.0,0.0,147.0,141.0,143.0,7.0,0,41.0,-2.0,0.048780486615110086,0.0,1.0,0
135.0,0.002,0.0,0.003,0.0,0.0,0.0,64.0,0.6,0.0,10.2,41.0,119.0,160.0,3.0,0.0,147.0,141.0,143.0,7.0,0,41.0,-2.0,0.07317072992266513,0.0,1.0,0
135.0,0.001,0.0,0.003,0.0,0.0,0.0,65.0,0.6,0.0,10.3,38.0,119.0,157.0,4.0,0.0,147.0,141.0,143.0,6.0,0,38.0,-2.0,0.10526315512465383,0.0,1.0,0
135.0,0.008,0.001,0.004,0.0,0.0,0.0,61.0,0.8,0.0,6.7,48.0,120.0,168.0,2.0,0.0,148.0,143.0,145.0,6.0,0,48.0,-2.0,0.041666665798611134,0.0,1.0,0
135.0,0.007,0.0,0.004,0.0,0.0,0.0,58.0,0.8,0.0,7.5,50.0,121.0,171.0,3.0,0.0,147.0,146.0,147.0,8.0,0,50.0,-1.0,0.05999999880000003,0.0,1.0,0
135.0,0.007,0.0,0.005,0.0,0.0,0.0,58.0,0.8,0.0,6.9,50.0,121.0,171.0,2.0,0.0,148.0,146.0,147.0,8.0,0,50.0,-1.0,0.03999999920000002,0.0,1.0,0
135.0,0.006,0.0,0.004,0.0,0.0,0.0,58.0,1.0,0.0,5.6,43.0,121.0,164.0,3.0,0.0,147.0,144.0,146.0,6.0,0,43.0,-2.0,0.06976744023796651,0.0,1.0,0
135.0,0.006,0.0,0.001,0.0,0.0,0.0,58.0,1.1,0.0,4.3,53.0,111.0,164.0,3.0,0.0,141.0,143.0,145.0,8.0,0,53.0,-2.0,0.056603772516909956,0.0,1.0,0
135.0,0.006,0.0,0.0,0.0,0.0,0.0,58.0,1.2,0.0,5.2,51.0,111.0,162.0,2.0,0.0,141.0,141.0,143.0,6.0,0,51.0,-2.0,0.0392156855055748,0.0,1.0,0
135.0,0.008,0.0,0.005,0.0,0.0,0.0,58.0,1.0,0.0,4.7,58.0,113.0,171.0,3.0,0.0,141.0,144.0,146.0,10.0,0,58.0,-2.0,0.05172413703923902,0.0,1.0,0
125.0,0.0,0.0,0.007,0.007500000000000001,0.0,0.0,62.0,1.6,0.0,1.5,73.0,68.0,141.0,7.0,0.0,129.0,117.0,125.0,32.0,1,73.0,-8.0,0.09589040964533686,0.0,1.0,0
125.0,0.0,0.0,0.007,0.007500000000000001,0.0,0.0,62.0,1.7,0.0,1.2,73.0,68.0,141.0,9.0,0.0,128.0,117.0,126.0,29.0,1,73.0,-9.0,0.12328766954400452,0.0,1.0,0
125.0,0.0,0.0,0.007,0.007500000000000001,0.0,0.0,62.0,1.4,0.0,1.4,73.0,68.0,141.0,8.0,0.0,128.0,117.0,125.0,30.0,1,73.0,-8.0,0.1095890395946707,0.0,1.0,0
125.0,0.0,0.0,0.008,0.007500000000000001,0.0,0.0,62.0,1.3,0.0,1.3,70.0,68.0,138.0,6.0,0.0,128.0,117.0,124.0,25.0,1,70.0,-7.0,0.08571428448979594,0.0,1.0,0
125.0,0.0,0.001,0.007,0.007,0.0,0.0,62.0,1.9,0.0,1.6,70.0,68.0,138.0,6.0,0.0,130.0,118.0,127.0,25.0,1,70.0,-9.0,0.08571428448979594,0.0,1.0,0
125.0,0.0,0.001,0.009,0.007500000000000001,0.0,0.0,63.0,1.6,0.0,1.7,70.0,68.0,138.0,4.0,0.0,130.0,116.0,124.0,32.0,1,70.0,-8.0,0.05714285632653063,0.0,1.0,0
125.0,0.0,0.001,0.009,0.007500000000000001,0.0,0.0,62.0,1.7,0.0,1.1,72.0,68.0,140.0,5.0,0.0,130.0,116.0,125.0,29.0,1,72.0,-9.0,0.06944444347993829,0.0,1.0,0
125.0,0.0,0.001,0.008,0.007500000000000001,0.0,0.0,62.0,1.7,0.0,1.3,69.0,71.0,140.0,8.0,0.0,130.0,117.0,125.0,30.0,1,69.0,-8.0,0.11594202730518802,0.0,1.0,0
125.0,0.001,0.001,0.008,0.007,0.0,0.0,62.0,1.6,0.0,4.8,82.0,71.0,153.0,5.0,0.0,130.0,118.0,125.0,30.0,0,82.0,-7.0,0.060975609012492576,0.0,1.0,0
125.0,0.0,0.001,0.007,0.007,0.0,0.0,61.0,1.8,0.0,5.1,73.0,74.0,147.0,4.0,0.0,130.0,117.0,125.0,26.0,1,73.0,-8.0,0.05479451979733535,0.0,1.0,0
125.0,0.006,0.002,0.009,0.004,0.0,0.0,59.0,2.1,0.0,7.8,90.0,74.0,164.0,8.0,0.0,131.0,122.0,126.0,27.0,0,90.0,-4.0,0.08888888790123459,0.0,1.0,0
125.0,0.005,0.002,0.006,0.006,0.0,0.0,60.0,1.9,0.0,6.7,90.0,74.0,164.0,6.0,0.0,130.0,121.0,124.0,26.0,0,90.0,-3.0,0.06666666592592593,0.0,1.0,0
125.0,0.005,0.002,0.006,0.007500000000000001,0.0,0.0,60.0,1.3,0.0,7.5,96.0,68.0,164.0,6.0,0.0,110.0,120.0,120.0,34.0,0,96.0,0.0,0.06249999934895834,0.0,1.0,0
125.0,0.004,0.001,0.006,0.007500000000000001,0.0,0.0,61.0,1.2,0.0,6.9,96.0,68.0,164.0,5.0,0.0,110.0,118.0,119.0,30.0,0,96.0,-1.0,0.05208333279079862,0.0,1.0,0
125.0,0.002,0.002,0.009,0.007500000000000001,0.0,0.0,63.0,1.2,0.0,0.8,100.0,64.0,164.0,8.0,0.0,114.0,114.0,117.0,15.0,0,100.0,-3.0,0.0799999992,0.0,1.0,0
125.0,0.001,0.001,0.008,0.007500000000000001,0.0,0.0,63.0,1.1,0.0,4.1,100.0,64.0,164.0,5.0,0.0,116.0,114.0,117.0,13.0,0,100.0,-3.0,0.0499999995,0.0,1.0,0
125.0,0.0,0.001,0.008,0.007500000000000001,0.0,0.0,65.0,1.1,0.0,5.5,76.0,64.0,140.0,5.0,0.0,116.0,111.0,115.0,9.0,1,76.0,-4.0,0.06578947281855957,0.0,1.0,0
125.0,0.0,0.001,0.008,0.007500000000000001,0.0,0.0,65.0,1.0,0.0,5.2,76.0,64.0,140.0,4.0,0.0,116.0,111.0,115.0,10.0,0,76.0,-4.0,0.052631578254847655,0.0,1.0,0
125.0,0.0,0.001,0.009,0.007500000000000001,0.0,0.0,64.0,1.1,0.0,5.0,82.0,64.0,146.0,5.0,0.0,116.0,110.0,115.0,10.0,0,82.0,-5.0,0.060975609012492576,0.0,1.0,0
125.0,0.0,0.0,0.009,0.006,0.0,0.0,65.0,1.0,0.0,5.6,82.0,64.0,146.0,6.0,0.0,116.0,110.0,115.0,9.0,0,82.0,-5.0,0.07317073081499109,0.0,1.0,0
125.0,0.0,0.0,0.008,0.007,0.0,0.0,65.0,1.0,0.0,5.8,82.0,64.0,146.0,7.0,0.0,117.0,111.0,116.0,9.0,0,82.0,-5.0,0.08536585261748961,0.0,1.0,0
125.0,0.0,0.0,0.009,0.006,0.0,0.0,65.0,1.1,0.0,7.3,82.0,64.0,146.0,5.0,0.0,116.0,111.0,116.0,9.0,0,82.0,-5.0,0.060975609012492576,0.0,1.0,0
125.0,0.0,0.0,0.009,0.007,0.0,0.0,65.0,1.3,0.0,6.5,82.0,64.0,146.0,5.0,0.0,116.0,111.0,116.0,8.0,0,82.0,-5.0,0.060975609012492576,0.0,1.0,0
125.0,0.0,0.0,0.01,0.005,0.0,0.0,65.0,1.2,0.0,6.3,70.0,76.0,146.0,3.0,0.0,116.0,111.0,114.0,8.0,0,70.0,-3.0,0.04285714224489797,0.0,1.0,0
125.0,0.0,0.0,0.006,0.006,0.0,0.0,65.0,1.3,0.0,3.0,77.0,78.0,155.0,4.0,0.0,110.0,111.0,113.0,8.0,0,77.0,-2.0,0.051948051273401935,0.0,1.0,0
125.0,0.0,0.0,0.008,0.007,0.0,0.0,64.0,1.3,0.0,2.6,77.0,78.0,155.0,4.0,0.0,114.0,111.0,114.0,7.0,0,77.0,-3.0,0.051948051273401935,0.0,1.0,0
125.0,0.0,0.0,0.008,0.007,0.0,0.0,64.0,1.4,0.0,2.7,77.0,78.0,155.0,4.0,0.0,107.0,111.0,113.0,11.0,0,77.0,-2.0,0.051948051273401935,0.0,1.0,0
125.0,0.0,0.0,0.007,0.007500000000000001,0.0,0.0,64.0,1.4,0.0,2.4,90.0,65.0,155.0,6.0,0.0,111.0,111.0,114.0,8.0,0,90.0,-3.0,0.06666666592592593,0.0,1.0,0
125.0,0.0,0.0,0.007,0.007500000000000001,0.0,0.0,64.0,1.3,0.0,1.9,90.0,65.0,155.0,5.0,0.0,111.0,111.0,113.0,7.0,0,90.0,-2.0,0.05555555493827161,0.0,1.0,0
125.0,0.0,0.0,0.008,0.007500000000000001,0.0,0.0,65.0,1.3,0.0,1.7,90.0,65.0,155.0,5.0,0.0,111.0,111.0,113.0,7.0,0,90.0,-2.0,0.05555555493827161,0.0,1.0,0
129.0,0.0,0.002,0.005,0.007500000000000001,0.0,0.0,58.0,3.2,0.0,0.0,158.0,72.0,207.0,10.0,0.0,111.0,95.0,126.0,33.0,-1,135.0,-31.0,0.0632911388399295,0.0,1.0,0
129.0,0.0,0.002,0.005,0.007500000000000001,0.0,0.0,58.0,3.2,0.0,0.0,158.0,72.0,207.0,10.0,0.0,113.0,95.0,124.0,28.0,-1,135.0,-29.0,0.0632911388399295,0.0,1.0,0
129.0,0.0,0.0,0.006,0.007500000000000001,0.0,0.0,65.0,2.6,0.0,0.0,101.0,50.0,151.0,9.0,0.0,105.0,95.0,113.0,13.0,0,101.0,-18.0,0.08910891000882268,0.0,3.0,2
129.0,0.0,0.001,0.006,0.007500000000000001,0.0,0.0,65.0,2.8,0.0,0.0,101.0,50.0,151.0,7.0,0.0,105.0,95.0,112.0,13.0,0,101.0,-17.0,0.06930693000686208,0.0,3.0,2
129.0,0.0,0.001,0.006,0.007500000000000001,0.0,0.0,65.0,2.8,0.0,0.0,101.0,50.0,151.0,7.0,0.0,105.0,95.0,112.0,13.0,0,101.0,-17.0,0.06930693000686208,0.0,3.0,2
129.0,0.0,0.001,0.005,0.007500000000000001,0.0,0.0,65.0,2.9,0.0,0.0,101.0,50.0,151.0,6.0,0.0,105.0,95.0,111.0,12.0,0,101.0,-16.0,0.059405940005881785,0.0,3.0,2
129.0,0.0,0.001,0.007,0.007,0.0,0.0,65.0,3.1,0.0,0.0,180.0,50.0,207.0,10.0,0.0,105.0,95.0,112.0,14.0,-1,157.0,-17.0,0.05555555524691358,0.0,3.0,2
129.0,0.0,0.001,0.006,0.006,0.0,0.0,66.0,2.9,0.0,0.0,94.0,50.0,144.0,8.0,0.0,105.0,95.0,109.0,11.0,0,94.0,-14.0,0.08510638207333636,0.0,3.0,2
129.0,0.0,0.001,0.006,0.005,0.0,0.0,66.0,2.8,0.0,0.0,94.0,50.0,144.0,6.0,0.0,105.0,95.0,110.0,11.0,0,94.0,-15.0,0.06382978655500227,0.0,3.0,2
129.0,0.0,0.001,0.006,0.006,0.0,0.0,66.0,3.2,0.0,0.0,96.0,50.0,146.0,8.0,0.0,105.0,95.0,108.0,10.0,0,96.0,-13.0,0.08333333246527778,0.0,3.0,2
129.0,0.0,0.001,0.007,0.006,0.0,0.0,67.0,3.2,0.0,0.0,80.0,66.0,146.0,7.0,0.0,105.0,95.0,107.0,9.0,0,80.0,-12.0,0.08749999890625001,0.0,3.0,2
129.0,0.0,0.001,0.006,0.005,0.0,0.0,67.0,3.2,0.0,0.0,129.0,63.0,192.0,7.0,0.0,105.0,95.0,107.0,14.0,-1,129.0,-12.0,0.05426356547082507,0.0,3.0,2
128.0,0.0,0.001,0.008,0.005,0.0,0.0,66.0,2.9,0.0,0.0,129.0,63.0,192.0,6.0,0.0,103.0,95.0,110.0,20.0,-1,129.0,-15.0,0.04651162754642149,0.0,3.0,2
128.0,0.0,0.002,0.007,0.005,0.0,0.0,65.0,2.6,0.0,0.0,129.0,63.0,192.0,6.0,0.0,103.0,95.0,114.0,28.0,0,129.0,-19.0,0.04651162754642149,0.0,3.0,2
128.0,0.0,0.002,0.007,0.005,0.0,0.0,66.0,2.7,0.0,0.0,129.0,63.0,192.0,4.0,0.0,105.0,95.0,112.0,21.0,0,129.0,-17.0,0.031007751697614327,0.0,3.0,2
128.0,0.0,0.002,0.007,0.006,0.0,0.0,65.0,2.5,0.0,0.0,129.0,63.0,192.0,6.0,0.0,104.0,95.0,115.0,28.0,0,129.0,-20.0,0.04651162754642149,0.0,3.0,2
128.0,0.0,0.003,0.007,0.006,0.0,0.0,65.0,2.5,0.0,0.0,129.0,63.0,192.0,5.0,0.0,114.0,97.0,116.0,25.0,0,129.0,-19.0,0.03875968962201791,0.0,3.0,2
128.0,0.0,0.004,0.008,0.007500000000000001,0.0,0.0,64.0,2.0,0.0,0.0,100.0,71.0,171.0,4.0,0.0,122.0,112.0,123.0,20.0,0,100.0,-11.0,0.0399999996,0.0,1.0,0
128.0,0.0,0.007,0.007,0.007,0.0,0.0,64.0,2.2,0.0,0.0,84.0,87.0,171.0,5.0,0.0,129.0,118.0,125.0,13.0,0,84.0,-7.0,0.05952380881519275,0.0,1.0,0
128.0,0.0,0.007,0.007,0.007,0.0,0.0,65.0,2.0,0.0,1.1,84.0,87.0,171.0,3.0,0.0,129.0,119.0,127.0,13.0,0,84.0,-8.0,0.03571428528911565,0.0,1.0,0
128.0,0.0,0.005,0.008,0.007500000000000001,0.0,0.0,63.0,2.4,0.0,1.1,107.0,64.0,171.0,6.0,0.0,129.0,114.0,127.0,18.0,0,107.0,-13.0,0.056074765831076956,0.0,1.0,0
128.0,0.0,0.006,0.009,0.007500000000000001,0.0,0.0,63.0,2.5,0.0,1.2,107.0,64.0,171.0,4.0,0.0,129.0,115.0,128.0,17.0,0,107.0,-13.0,0.03738317722071797,0.0,1.0,0
128.0,0.0,0.006,0.009,0.007500000000000001,0.0,0.0,63.0,2.7,0.0,1.3,96.0,64.0,160.0,6.0,0.0,129.0,111.0,128.0,21.0,0,96.0,-17.0,0.06249999934895834,0.0,1.0,0
128.0,0.0,0.007,0.008,0.007500000000000001,0.0,0.0,63.0,3.0,0.0,1.5,96.0,64.0,160.0,5.0,0.0,127.0,109.0,128.0,24.0,0,96.0,-19.0,0.05208333279079862,0.0,1.0,0
128.0,0.0,0.007500000000000001,0.007,0.007500000000000001,0.0,0.0,63.0,2.8,0.0,1.4,96.0,64.0,160.0,3.0,0.0,127.0,114.0,129.0,16.0,0,96.0,-15.0,0.03124999967447917,0.0,1.0,0
128.0,0.0,0.0,0.008,0.007500000000000001,0.0,0.0,63.0,3.2,0.0,0.0,90.0,66.0,156.0,5.0,0.0,100.5,95.0,118.0,57.0,0,90.0,-23.0,0.05555555493827161,0.0,3.0,2
125.0,0.005,0.007500000000000001,0.007,0.0,0.0,0.0,66.0,3.2,5.0,0.3,23.0,123.0,146.0,0.0,0.0,133.0,126.0,134.0,1.0,0,23.0,-8.0,0.0,0.0,1.0,0
128.0,0.0,0.002,0.002,0.0,0.0,0.0,70.0,1.9,16.0,4.1,20.0,119.0,139.0,2.0,0.0,130.0,127.0,131.0,1.0,0,20.0,-4.0,0.09999999500000024,0.0,1.0,0
127.0,0.003,0.007500000000000001,0.005,0.0,0.0,0.0,66.0,3.2,5.0,0.3,23.0,123.0,146.0,0.0,0.0,133.0,126.0,134.0,0.0,0,23.0,-8.0,0.0,0.0,1.0,0
127.0,0.003,0.003,0.007,0.0,0.0,0.0,65.0,1.2,27.5,3.0,26.0,120.0,146.0,2.0,0.0,126.0,126.0,128.0,1.0,-1,26.0,-2.0,0.07692307396449716,0.0,1.0,0
127.0,0.003,0.003,0.007,0.0,0.0,0.0,65.0,1.2,27.5,3.0,26.0,120.0,146.0,2.0,0.0,126.0,126.0,128.0,1.0,-1,26.0,-2.0,0.07692307396449716,0.0,1.0,0
127.0,0.0,0.0,0.005,0.0,0.0,0.0,65.0,0.7,27.5,3.5,13.0,120.0,133.0,1.0,0.0,126.0,126.0,127.0,0.0,0,13.0,-1.0,0.07692307100591762,0.0,1.0,0
127.0,0.0,0.001,0.005,0.0,0.0,0.0,62.0,0.7,27.5,4.1,20.0,120.0,140.0,1.0,0.0,126.0,125.0,126.0,0.0,-1,20.0,-1.0,0.04999999750000012,0.0,1.0,0
127.0,0.0,0.001,0.005,0.0,0.0,0.0,63.0,0.7,27.5,4.0,20.0,120.0,140.0,2.0,0.0,126.0,125.0,127.0,0.0,-1,20.0,-2.0,0.09999999500000024,0.0,1.0,0
127.0,0.0,0.001,0.006,0.0,0.0,0.0,62.0,0.7,27.5,4.1,20.0,120.0,140.0,1.0,0.0,124.0,125.0,126.0,1.0,-1,20.0,-1.0,0.04999999750000012,0.0,1.0,0
127.0,0.0,0.001,0.006,0.0,0.0,0.0,60.0,0.7,27.5,4.1,20.0,120.0,140.0,2.0,0.0,122.0,124.0,125.0,1.0,-1,20.0,-1.0,0.09999999500000024,0.0,1.0,0
127.0,0.0,0.001,0.006,0.0,0.0,0.0,60.0,0.6,27.5,4.2,20.0,120.0,140.0,2.0,0.0,123.0,124.0,125.0,0.0,-1,20.0,-1.0,0.09999999500000024,0.0,1.0,0
127.0,0.0,0.0,0.006,0.0,0.0,0.0,62.0,0.5,27.5,4.0,12.0,119.0,131.0,1.0,0.0,123.0,124.0,125.0,0.0,0,12.0,-1.0,0.08333332638888948,0.0,1.0,0
127.0,0.0,0.0,0.005,0.0,0.0,0.0,63.0,0.5,27.5,4.0,12.0,119.0,131.0,1.0,0.0,123.0,123.0,124.0,0.0,0,12.0,-1.0,0.08333332638888948,0.0,1.0,0
127.0,0.0,0.0,0.006,0.0,0.0,0.0,65.0,0.4,27.5,4.3,12.0,119.0,131.0,1.0,0.0,123.0,124.0,125.0,0.0,0,12.0,-1.0,0.08333332638888948,0.0,1.0,0
127.0,0.0,0.0,0.006,0.0,0.0,0.0,70.0,0.4,27.5,4.1,18.0,119.0,137.0,2.0,0.0,123.0,125.0,126.0,1.0,0,18.0,-1.0,0.11111110493827195,0.0,1.0,0
127.0,0.0,0.001,0.006,0.0,0.0,0.0,71.0,0.9,27.5,3.8,18.0,119.0,137.0,2.0,0.0,129.0,125.0,128.0,1.0,0,18.0,-3.0,0.11111110493827195,0.0,1.0,0
127.0,0.0,0.001,0.005,0.0,0.0,0.0,66.0,0.8,27.5,4.1,19.0,120.0,139.0,1.0,0.0,123.0,125.0,127.0,1.0,-1,19.0,-2.0,0.05263157617728546,0.0,1.0,0
130.0,0.009,0.003,0.008,0.0,0.0,0.0,65.0,1.7,0.0,1.3,45.0,112.0,157.0,4.0,0.0,136.0,135.0,138.0,3.0,0,45.0,-3.0,0.0888888869135803,0.0,1.0,0
130.0,0.009,0.0,0.004,0.0,0.0,0.0,67.0,1.1,0.0,1.0,45.0,112.0,157.0,5.0,0.0,137.0,136.0,138.0,2.0,0,45.0,-2.0,0.11111110864197538,0.0,1.0,0
130.0,0.009,0.001,0.002,0.0,0.0,0.0,66.0,1.2,0.0,1.0,45.0,112.0,157.0,6.0,0.0,137.0,136.0,138.0,2.0,0,45.0,-2.0,0.13333333037037046,0.0,1.0,0
130.0,0.008,0.001,0.0,0.0,0.0,0.0,67.0,0.9,0.0,1.2,45.0,112.0,157.0,4.0,0.0,137.0,137.0,139.0,3.0,0,45.0,-2.0,0.0888888869135803,0.0,1.0,0
130.0,0.007,0.001,0.0,0.0,0.0,0.0,67.0,0.9,0.0,2.8,46.0,112.0,158.0,4.0,0.0,137.0,138.0,139.0,4.0,0,46.0,-1.0,0.08695651984877131,0.0,1.0,0
130.0,0.007,0.001,0.005,0.0,0.0,0.0,69.0,0.7,5.0,4.2,46.0,112.0,158.0,4.0,0.0,139.0,139.0,140.0,3.0,0,46.0,-1.0,0.08695651984877131,0.0,1.0,0
130.0,0.007,0.001,0.001,0.0,0.0,0.0,70.0,0.7,6.0,4.4,31.0,127.0,158.0,1.0,0.0,139.0,140.0,141.0,3.0,0,31.0,-1.0,0.032258063475546335,0.0,1.0,0
130.0,0.007,0.001,0.001,0.0,0.0,0.0,71.0,0.7,5.0,3.8,31.0,127.0,158.0,1.0,0.0,139.0,139.0,140.0,3.0,0,31.0,-1.0,0.032258063475546335,0.0,1.0,0
130.0,0.008,0.001,0.005,0.0,0.0,0.0,70.0,0.7,6.0,4.3,31.0,127.0,158.0,1.0,0.0,139.0,140.0,141.0,3.0,0,31.0,-1.0,0.032258063475546335,0.0,1.0,0
130.0,0.007,0.001,0.001,0.0,0.0,0.0,71.0,0.7,10.0,4.0,31.0,127.0,158.0,1.0,0.0,139.0,140.0,141.0,3.0,0,31.0,-1.0,0.032258063475546335,0.0,1.0,0
130.0,0.005,0.001,0.001,0.0,0.0,0.0,72.0,0.9,9.0,4.8,31.0,127.0,158.0,1.0,0.0,139.0,139.0,141.0,3.0,0,31.0,-2.0,0.032258063475546335,0.0,1.0,0
130.0,0.005,0.001,0.001,0.0,0.0,0.0,72.0,0.9,8.0,4.4,31.0,127.0,158.0,2.0,0.0,139.0,139.0,140.0,3.0,0,31.0,-1.0,0.06451612695109267,0.0,1.0,0
130.0,0.005,0.0,0.001,0.0,0.0,0.0,73.0,0.6,9.0,5.0,32.0,126.0,158.0,2.0,0.0,139.0,140.0,141.0,3.0,0,32.0,-1.0,0.06249999804687507,0.0,1.0,0
130.0,0.004,0.0,0.001,0.0,0.0,0.0,75.0,0.6,10.0,5.4,32.0,126.0,158.0,3.0,0.0,139.0,139.0,140.0,3.0,0,32.0,-1.0,0.0937499970703126,0.0,1.0,0
130.0,0.003,0.002,0.001,0.0,0.0,0.0,74.0,1.3,8.0,5.0,32.0,126.0,158.0,3.0,0.0,139.0,137.0,140.0,3.0,0,32.0,-3.0,0.0937499970703126,0.0,1.0,0
130.0,0.0,0.007500000000000001,0.005,0.0,0.0,0.0,73.0,2.9,0.0,2.2,27.0,124.0,151.0,2.0,0.0,132.0,127.0,133.0,1.0,-1,27.0,-6.0,0.07407407133058995,0.0,1.0,0
130.0,0.0,0.007500000000000001,0.006,0.0,0.0,0.0,72.0,2.6,5.0,1.5,27.0,124.0,151.0,1.0,0.0,130.0,127.0,131.0,1.0,-1,27.0,-4.0,0.037037035665294975,0.0,1.0,0
130.0,0.0,0.007500000000000001,0.008,0.0,0.0,0.0,73.0,2.1,12.0,1.4,27.0,124.0,151.0,2.0,0.0,128.0,127.0,130.0,1.0,-1,27.0,-3.0,0.07407407133058995,0.0,1.0,0
128.0,0.001,0.006,0.006,0.0,0.0,0.0,76.0,1.7,25.0,1.9,22.0,124.0,146.0,2.0,0.0,128.0,127.0,130.0,1.0,-1,22.0,-3.0,0.09090908677685969,0.0,1.0,0
128.0,0.001,0.003,0.006,0.0,0.0,0.0,78.0,1.2,27.5,2.4,27.0,124.0,151.0,2.0,0.0,128.0,127.0,130.0,1.0,-1,27.0,-3.0,0.07407407133058995,0.0,1.0,0
133.0,0.0,0.003,0.006,0.0,0.0,0.0,74.0,1.3,27.5,3.9,31.0,119.0,150.0,7.0,0.0,136.0,134.0,137.0,1.0,0,31.0,-3.0,0.22580644432882438,0.0,2.0,1
133.0,0.0,0.001,0.006,0.0,0.0,0.0,78.0,0.3,27.5,3.5,22.0,132.0,154.0,2.0,0.0,136.0,136.0,138.0,0.0,-1,22.0,-2.0,0.09090908677685969,0.0,1.0,0
133.0,0.0,0.001,0.006,0.0,0.0,0.0,79.0,0.5,27.5,3.1,10.0,131.0,141.0,1.0,0.0,136.0,135.0,137.0,0.0,0,10.0,-2.0,0.09999999000000101,0.0,1.0,0
133.0,0.0,0.001,0.005,0.0,0.0,0.0,78.0,0.8,27.5,2.6,13.0,131.0,144.0,1.0,0.0,136.0,134.0,136.0,0.0,-1,13.0,-2.0,0.07692307100591762,0.0,1.0,0
133.0,0.0,0.001,0.005,0.0,0.0,0.0,78.0,0.8,27.5,3.6,14.0,130.0,144.0,1.0,0.0,136.0,134.0,137.0,0.0,0,14.0,-3.0,0.07142856632653098,0.0,1.0,0
133.0,0.0,0.001,0.005,0.0,0.0,0.0,77.0,0.9,27.5,4.4,17.0,130.0,147.0,1.0,0.0,136.0,135.0,137.0,0.0,0,17.0,-2.0,0.05882352595155729,0.0,1.0,0
133.0,0.0,0.001,0.004,0.0,0.0,0.0,76.0,0.8,27.5,5.3,17.0,130.0,147.0,1.0,0.0,136.0,135.0,137.0,0.0,0,17.0,-2.0,0.05882352595155729,0.0,1.0,0
133.0,0.0,0.001,0.003,0.0,0.0,0.0,77.0,0.8,16.0,5.8,17.0,130.0,147.0,1.0,0.0,135.0,135.0,137.0,1.0,0,17.0,-2.0,0.05882352595155729,0.0,1.0,0
133.0,0.0,0.001,0.004,0.0,0.0,0.0,76.0,0.6,12.0,6.8,17.0,130.0,147.0,0.0,0.0,136.0,136.0,138.0,1.0,0,17.0,-2.0,0.0,0.0,1.0,0
133.0,0.0,0.0,0.004,0.0,0.0,0.0,75.0,0.4,13.0,7.2,26.0,129.0,155.0,1.0,0.0,136.0,137.0,139.0,1.0,0,26.0,-2.0,0.03846153698224858,0.0,1.0,0
133.0,0.0,0.0,0.007,0.0,0.0,0.0,75.0,0.4,15.0,6.7,26.0,129.0,155.0,2.0,0.0,136.0,137.0,139.0,1.0,0,26.0,-2.0,0.07692307396449716,0.0,1.0,0
133.0,0.0,0.0,0.005,0.0,0.0,0.0,75.0,0.6,20.0,4.7,26.0,129.0,155.0,2.0,0.0,136.0,136.0,138.0,0.0,-1,26.0,-2.0,0.07692307396449716,0.0,1.0,0
133.0,0.0,0.004,0.006,0.0,0.0,0.0,73.0,1.6,14.0,3.2,32.0,123.0,155.0,3.0,0.0,136.0,133.0,137.0,1.0,0,32.0,-4.0,0.0937499970703126,0.0,1.0,0
133.0,0.0,0.007500000000000001,0.005,0.0,0.0,0.0,72.0,2.1,11.0,2.5,60.0,91.0,151.0,10.0,0.0,136.0,132.0,136.0,1.0,1,60.0,-4.0,0.16666666388888896,0.0,1.0,0
133.0,0.0,0.007500000000000001,0.005,0.0,0.0,0.0,70.0,2.7,4.0,1.5,60.0,91.0,151.0,8.0,0.0,134.0,130.0,135.0,1.0,1,60.0,-5.0,0.13333333111111115,0.0,1.0,0
133.0,0.0,0.007500000000000001,0.008,0.0,0.0,0.0,69.0,3.0,1.0,1.2,57.0,91.0,148.0,8.0,0.0,134.0,128.0,134.0,2.0,1,57.0,-6.0,0.14035087473068641,0.0,1.0,0
133.0,0.0,0.006,0.007,0.0,0.0,0.0,68.0,3.0,1.0,1.3,57.0,91.0,148.0,8.0,0.0,133.0,129.0,134.0,2.0,1,57.0,-5.0,0.14035087473068641,0.0,1.0,0
133.0,0.0,0.001,0.008,0.0,0.0,0.0,70.0,2.0,6.0,2.5,68.0,91.0,159.0,7.0,0.0,133.0,132.0,135.0,3.0,0,68.0,-3.0,0.10294117495674743,0.0,1.0,0
136.0,0.0,0.0,0.009,0.0,0.0,0.0,78.0,0.4,27.0,4.6,43.0,112.0,155.0,4.0,0.0,138.0,137.0,139.0,0.0,0,43.0,-2.0,0.09302325365062201,0.0,1.0,0
136.0,0.0,0.0,0.009,0.0,0.0,0.0,79.0,0.2,27.5,5.1,20.0,129.0,149.0,2.0,0.0,138.0,138.0,139.0,0.0,0,20.0,-1.0,0.09999999500000024,0.0,1.0,0
136.0,0.0,0.001,0.008,0.0,0.0,0.0,78.0,0.4,27.5,7.1,36.0,113.0,149.0,3.0,0.0,139.0,137.0,139.0,1.0,1,36.0,-2.0,0.08333333101851859,0.0,1.0,0
136.0,0.0,0.001,0.006,0.0,0.0,0.0,74.0,1.0,21.0,7.0,42.0,107.0,149.0,2.0,0.0,137.0,135.0,138.0,1.0,1,42.0,-3.0,0.0476190464852608,0.0,1.0,0
136.0,0.0,0.003,0.008,0.001,0.0,0.0,67.0,2.2,0.0,4.4,45.0,100.0,145.0,3.0,0.0,133.0,131.0,136.0,2.0,1,45.0,-5.0,0.06666666518518523,0.0,1.0,0
136.0,0.0,0.001,0.008,0.001,0.0,0.0,67.0,1.9,0.0,5.3,45.0,100.0,145.0,2.0,0.0,135.0,132.0,136.0,2.0,1,45.0,-4.0,0.04444444345679015,0.0,1.0,0
136.0,0.0,0.004,0.008,0.007,0.0,0.0,64.0,2.2,0.0,3.0,85.0,67.0,152.0,5.0,0.0,134.0,119.0,131.0,45.0,1,85.0,-12.0,0.05882352871972319,0.0,1.0,0
136.0,0.0,0.004,0.009,0.007500000000000001,0.0,0.0,63.0,2.2,0.0,1.9,86.0,67.0,153.0,6.0,0.0,134.0,112.0,123.0,57.0,1,86.0,-11.0,0.0697674410492158,0.0,1.0,0
136.0,0.0,0.005,0.006,0.007500000000000001,0.0,0.0,63.0,2.2,0.0,5.0,85.0,67.0,152.0,6.0,0.0,134.0,116.0,128.0,53.0,1,85.0,-12.0,0.07058823446366783,0.0,1.0,0
136.0,0.0,0.002,0.008,0.0,0.0,0.0,67.0,1.5,11.0,4.7,38.0,115.0,153.0,4.0,0.0,140.0,133.0,138.0,4.0,0,38.0,-5.0,0.10526315512465383,0.0,1.0,0
137.0,0.0,0.0,0.007,0.0,0.0,0.0,81.0,0.4,27.5,6.3,31.0,121.0,152.0,2.0,0.0,146.0,143.0,145.0,1.0,1,31.0,-2.0,0.06451612695109267,0.0,1.0,0
140.0,0.0,0.0,0.006,0.0,0.0,0.0,83.0,0.2,27.5,5.4,20.0,132.0,152.0,2.0,0.0,145.0,145.0,146.0,0.0,0,20.0,-1.0,0.09999999500000024,0.0,1.0,0
140.0,0.004,0.0,0.004,0.0,0.0,0.0,80.0,0.2,27.5,2.2,18.0,140.0,158.0,1.0,0.0,147.0,148.0,149.0,1.0,0,18.0,-1.0,0.055555552469135974,0.0,1.0,0
140.0,0.0,0.0,0.008,0.0,0.0,0.0,79.0,0.3,20.0,8.5,26.0,124.0,150.0,1.0,0.0,144.0,143.0,145.0,1.0,1,26.0,-2.0,0.03846153698224858,0.0,1.0,0
140.0,0.0,0.0,0.006,0.001,0.0,0.0,79.0,0.5,26.0,7.0,21.0,129.0,150.0,1.0,0.0,145.0,142.0,145.0,2.0,1,21.0,-3.0,0.04761904535147403,0.0,1.0,0
140.0,0.0,0.0,0.007,0.001,0.0,0.0,79.0,0.6,27.0,6.4,26.0,124.0,150.0,1.0,0.0,144.0,141.0,145.0,1.0,1,26.0,-4.0,0.03846153698224858,0.0,1.0,0
140.0,0.0,0.0,0.005,0.001,0.0,0.0,77.0,0.7,17.0,6.0,31.0,124.0,155.0,2.0,0.0,145.0,143.0,145.0,2.0,0,31.0,-2.0,0.06451612695109267,0.0,1.0,0
140.0,0.0,0.0,0.007,0.0,0.0,0.0,79.0,0.2,25.0,7.2,40.0,137.0,177.0,4.0,0.0,153.0,150.0,152.0,2.0,0,40.0,-2.0,0.09999999750000006,0.0,2.0,1
140.0,0.001,0.0,0.007,0.0,0.0,0.0,78.0,0.4,22.0,7.1,66.0,103.0,169.0,6.0,0.0,152.0,148.0,151.0,3.0,1,66.0,-3.0,0.09090908953168046,0.0,2.0,1
140.0,0.001,0.0,0.007,0.0,0.0,0.0,79.0,0.4,20.0,6.1,67.0,103.0,170.0,5.0,0.0,153.0,148.0,152.0,4.0,1,67.0,-4.0,0.074626864557808,0.0,2.0,1
140.0,0.001,0.0,0.006,0.0,0.0,0.0,78.0,0.4,27.0,7.0,66.0,103.0,169.0,6.0,0.0,152.0,147.0,151.0,4.0,1,66.0,-4.0,0.09090908953168046,0.0,2.0,1
142.0,0.002,0.002,0.008,0.0,0.0,0.0,74.0,0.4,27.5,5.0,42.0,117.0,159.0,2.0,0.0,145.0,143.0,145.0,1.0,0,42.0,-2.0,0.0476190464852608,0.0,1.0,0
